id,행정규칙일련번호,행정규칙명,종류,발령일자,트리아지_T2메모,규칙_제1조_전문,규칙이_인용한_조문_전문(제1조 파싱),인용조문_위임어_자동,D4_주장법령(자동),D4_주장조문(자동),법령명_코퍼스,D4_상태_자동,D4_주장조문_현행텍스트,D4_자동_위임어,후보조문_자동(참고),판정,하위코드,근거조문(저자기재),메모(저자)
C01,2100000273408,2026년도 누리과정 부담비용 고시,고시,20260120,누리과정 무상교육 부담비용(지원 단가) — 유치원·어린이집(사립 포함) 및 보호자에 대한 급부 기준.,"제1조(목적) 이 고시는 「유아교육법」 제24조제3항, 같은 법 시행규칙 제4조의2에 따라 초등학교 취학 직전 3년의 유아교육에 대해 국가 및 지방자치단체가 부담하는 비용을 정함을 목적으로 한다. ","[유아교육법 제24조제3항] (확인) ① 초등학교 취학직전 3년의 유아교육은 무상(無償)으로 실시하되, 무상의 내용 및 범위는 대통령령으로 정한다. <개정 2012.3.21> ②제1항에 따라 무상으로 실시하는 유아교육에 드는 비용은 국가 및 지방자치단체가 부담하되, 유아의 보호자에게 지원하는 것을 원칙으로 한다. <개정 2010.3.24> ③ 제2항에 따라 국가 및 지방자치단체가 부담하는 비용은 제4항의 표준유아교육비를 기준으로 교육부장관이 예산의 범위에서 관계 행정기관의 장과 협의하여 고시한다. <신설 2012.3.21, 2013.3.23> ④ 교육부장관은 제5조제1항에 따른 중앙유아교육위원회의 심의를 거쳐 표준유아교육비를 정한다. <신설 2012.3.21, 2013.3.23> ⑤ 제2항에 따른 지원방법, 제3항에 따른 비용 고시 및 제4항에 따른 표준유아교육비 산정 등에 관하여 필요한 사항은 교육부령으로 정한다. <개정 2012.3.21, 2013.3.23> 제24조(무상교육)

[유아교육법 시행규칙 제4조의2] (확인) ① 교육부장관은 법 제24조제2항에 따라 국가 및 지방자치단체가 매년 부담하는 유아교육에 드는 비용을 전년도 10월 말까지 고시하여야 한다. <개정 2013.3.23> ② 제1항에 따라 교육부장관이 고시하는 비용의 범위는 다음 각 호와 같다. <개정 2013.3.23> 1. 입학금 2. 수업료 3. 급식비 4. 그 밖에 교육부장관 및 교육감이 유아교육에 필요하다고 인정하는 비용 제4조의2(국가 및 지방자치단체가 부담하는 비용의 고시)","고시한다,정한다",유아교육법,24,유아교육법,조문 확인,"① 초등학교 취학직전 3년의 유아교육은 무상(無償)으로 실시하되, 무상의 내용 및 범위는 대통령령으로 정한다. <개정 2012.3.21> ②제1항에 따라 무상으로 실시하는 유아교육에 드는 비용은 국가 및 지방자치단체가 부담하되, 유아의 보호자에게 지원하는 것을 원칙으로 한다. <개정 2010.3.24> ③ 제2항에 따라 국가 및 지방자치단체가 부담하는 비용은 제4항의 표준유아교육비를 기준으로 교육부장관이 예산의 범위에서 관계 행정기관의 장과 협의하여 고시한다. <신설 2012.3.21, 2013.3.23> ④ 교육부장관은 제5조제1항에 따른 중앙유아교육위원회의 심의를 거쳐 표준유아교육비를 정한다. <신설 2012.3.21, 2013.3.23> ⑤ 제2항에 따른 지원방법, 제3항에 따른 비용 고시 및 제4항에 따른 표준유아교육비 산정 등에 관하여 필요한 사항은 교육부령으로 정한다. <개정 2012.3.21, 2013.3.23> 제24조(무상교육)","고시한다,정한다","《유아교육법》
제4조(유아교육ㆍ보육위원회) … 계 및 여성계를 대표하는 사람 각 2명 ③제1항에 따른 위원회의 구성 및 운영에 필요한 사항은 대통령령으로 정한다. <개정 2010.3.24> 제4조(유아교육ㆍ보육위원회)
제5조(유아교육위원회) … 2011.7.25> ③중앙유아교육위원회와 시ㆍ도 유아교육위원회의 조직ㆍ운영 등에 필요한 사항은 대통령령으로 정한다. <개정 2010.3.24> 제5조(유아교육위원회)
제6조(유아교육진흥원) …  연수 및 평가, 유아 체험교육 등을 담당하는 유아교육진흥원을 설치하거나 해당 업무를 교육관련연구기관 등에 위탁할 수 있다. <개정 2010.3.24, 2012.3.21> ②제1항에 따른 유아교육진흥원의 설치ㆍ운영 및 위탁 등에 필요한 사항은 대통령령으로 정한다. <개정 2010.3.24> 제6조(유아교육진흥원)
《유아교육법 시행규칙》
제1조(목적) … 제1조(목적) 이 규칙은 「유아교육법」 및 같은 법 시행령에서 위임된 사항과 그 시행에 필요한 사항을 규정함을 목적으로 한다.
제4조(유아교육비 지원방법) … 5.8.4, 2020.2.27> 1. 주민등록증 2. 운전면허증 3. 장애인등록증 4. 여권 5. 그 밖에 교육부장관이 정하는 신분증 ② 제1항에 따라 유아교육비 지원 신청서와 첨부 서류(이하 ""신청서등""이라 한다)를 받은 특별자치시장ㆍ특별자치도지사ㆍ시장ㆍ군수ㆍ구청장이 해당 유아의 주소지를 관할하는 특별자치시장ㆍ특별자치도
제5조(유아교육비 지원의 특례) …  기준을 갖추고 유아교육을 실시하려는 경우에는 법 제5조에 따른 시ㆍ도 유아교육위원회의 심의를 거쳐 유아교육위탁기관으로 지정할 수 있다. ② 교육부장관 및 교육감은 제1항에 따른 유아교육위탁기관에 다니는 유아에 대하여 법 제24조제2항에 따른 유아교육비를 지원한다. <개정 2013.2.23, 2013.3.23> ③ 유아교
《유아교육법 시행령》
제1조(목적) … 제1조(목적) 이 영은 「유아교육법」에서 위임된 사항과 그 시행에 필요한 사항을 규정함을 목적으로 한다.
제3조(유아교육ㆍ보육위원회의 운영) … 규정한 사항 외에 유아교육ㆍ보육위원회의 운영에 필요한 사항은 유아교육ㆍ보육위원회의 의결을 거쳐 그 위원장이 정한다. 제3조(유아교육ㆍ보육위원회의 운영)
제6조(유아교육위원회의 운영) … 이 영에서 규정한 사항 외에 유아교육위원회의 운영에 필요한 사항은 유아교육위원회의 의결을 거쳐 그 위원장이 정한다. 제6조(유아교육위원회의 운영)",a,,유아교육법 제24조제3항; 유아교육법 시행규칙 제4조의2제1항,"법 제24조③ '국가 및 지방자치단체가 부담하는 비용은 … 교육부장관이 예산의 범위에서 관계 행정기관의 장과 협의하여 고시한다', 시행규칙 제4조의2① '교육부장관은 … 비용을 전년도 10월 말까지 고시하여야 한다' → 이 고시 자체(부담비용 고시)를 장관에게 명시 위임. D4는 항 번호를 놓쳐 제24조 전체를 잡았으나 조는 일치하고 위임어(고시한다)도 정확."
C02,2100000267004,「학점인정법」에 따른 제30차 표준교육과정,고시,20251107,학점인정법 표준교육과정 — 학점인정 대상 교육과정의 기준(외부 교육훈련기관·학습자의 학점·학위 취득 기준).,"제1조(목적) 이 표준교육과정은 「학점인정 등에 관한 법률 시행령」 제17조, 「학점인정 등에 관한 법률 시행규칙」 제10조에 따른 표준교육과정에 관한 사항을 정함을 목적으로 한다. ","[학점인정 등에 관한 법률 시행령 제17조] (확인) 1. 학위의 종류에 따른 전공 2. 교양과목 및 전공별 전공과목과 해당 학점 3. 전공별 학위수여의 요건 제17조(표준교육과정) 제5조에 따른 평가인정의 기준, 제11조에 따른 학점인정의 기준, 제13조에 따른 학력인정의 기준 및 제16조에 따른 학위수여 요건에 관한 사항을 종합적으로 연계하기 위하여 다음 각 호의 사항이 포함된 표준교육과정을 교육부령으로 정한다. <개정 2013.3.23, 2015.9.25>

[학점인정 등에 관한 법률 시행규칙 제10조] (확인) ① 영 제17조에 따른 표준교육과정은 학위의 종류에 따른 전공별로 정한다. ② 제1항에 따른 전공별 과목은 교양과목ㆍ일반선택과목 및 전공과목으로 구분하되, 그 과목별 교수요목은 원장(대학 부설 교육훈련기관의 경우에는 해당 교육훈련기관의 장)이 정하는 바에 따른다. ③ 제1항에 따른 전공별 학위는 그 최소 이수학점 이상을 취득한 경우에 수여한다. ④ 제1항에 따른 표준교육과정의 세부 기준에 관하여 필요한 사항은 교육부장관이 정한다. <개정 2013.3.23> 제10조(표준교육과정)",정한다,학점인정법,,학점인정 등에 관한 법률,조문 번호 없이 법령만 주장,,,"《학점인정 등에 관한 법률 시행규칙》
제10조(표준교육과정) … ① 영 제17조에 따른 표준교육과정은 학위의 종류에 따른 전공별로 정한다. ② 제1항에 따른 전공별 과목은 교양과목ㆍ일반선택과목 및 전공과목으로 구분하되, 그 과목별 교수요목은 원장(대학 부설 교육훈련기관의 경우에는 해당 교육훈련기관의 장)이 정하는 바에 따른다. ③ 제1항에 따른
제11조(학습정보의 관리) … ① 평가인정을 받은 학습과정을 운영하는 교육훈련기관의 장은 학사(學事) 관리를 위하여 원장이 정하는 바에 따라 출석표와 성적표를 작성ㆍ관리하여야 한다. ② 원장은 학습자가 학점인정을 처음 신청할 경우 그 학습자에게 학습자번호를 부여하고, 학습자의 인적사항ㆍ학점인정사항ㆍ학력인정사항 및 학위수여사항에 관한 정보
제1조(목적) … 제1조(목적) 이 규칙은 「학점인정 등에 관한 법률」 및 같은 법 시행령에서 위임된 사항과 그 시행에 필요한 사항을 규정함을 목적으로 한다.
《학점인정 등에 관한 법률 시행령》
제5조(평가인정의 기준 등) … 할 것 가. 교수: 「대학교원 자격기준 등에 관한 규정」 별표에 따른 교원의 자격을 가진 사람 나. 강사: 교육부장관이 정하여 고시하는 자격을 가진 사람 2. 학습 및 연구활동에 적합한 강의실, 실험실습실, 행정실 등을 포함한 교육기본시설 및 설비를 갖추어야 하되, 대학 또는 전문대학에 상응하는 수준일 것. 다만, 원격교
제14조(학위의 종류) …  및 보건의료 계열로 구분하되, 그 세부 사항은 제17조에 따른 표준교육과정 또는 해당 대학 등의 학칙으로 정한다.
제17조(표준교육과정) … 수여 요건에 관한 사항을 종합적으로 연계하기 위하여 다음 각 호의 사항이 포함된 표준교육과정을 교육부령으로 정한다. <개정 2013.3.23, 2015.9.25>
《학점인정 등에 관한 법률》
제3조(학습과정의 평가인정) … 군(軍)의 교육ㆍ훈련시설 등(이하 ""교육훈련기관""이라 한다)이 설치ㆍ운영하는 학습과정에 대하여 대통령령으로 정하는 바에 따라 평가인정을 할 수 있다. <개정 2008.2.29, 2013.3.23> ② 제1항에 따른 평가인정을 받으려는 교육훈련기관은 대통령령으로 정하는 바에 따라 교육부장관에게 평가인정을 신청하여야 한다. 
제4조(평가인정서의 발급) … .29, 2013.3.23> ② 제1항에 따른 평가인정서의 기재사항 등에 관하여 필요한 사항은 대통령령으로 정한다. 제4조(평가인정서의 발급)
제5조(평가인정의 취소 등) … 라 평가인정을 받은 학습과정을 설치ㆍ운영하는 교육훈련기관이 다음 각 호의 어느 하나에 해당하면 대통령령으로 정하는 바에 따라 평가인정 취소, 학습과정 운영정지, 평가인정 신청 제한 등의 조치를 할 수 있다. 다만, 제1호에 해당하는 경우에는 평가인정을 취소하여야 한다. <개정 2008.2.29, 2008.3.21, 201",a,,학점인정 등에 관한 법률 시행규칙 제10조제4항 (시행령 제17조는 교육부령 위임),"시행령 제17조는 표준교육과정을 '교육부령으로 정한다'(부령 위임)로 끝나지만, 위임받은 시행규칙 제10조④가 '표준교육과정의 세부 기준에 관하여 필요한 사항은 교육부장관이 정한다'로 재위임 → 이 고시(제30차 표준교육과정)의 근거. D4는 규칙명 속 약칭 「학점인정법」을 법령명으로 잡아 조문 없이 법령만 주장(제1조 인용 조문 미활용)."
C03,2100000072613,교원연수 이수실적의 기록 및 관리요령,예규,20161230,신분관계 — 교원 연수 이수실적의 기록·관리(승진평정 자료 인정)로 교원 개인의 신분상 이익에 관계(교육공무원 승진규정 근거 주장).,"제1조(목적) 본 예규는 교원 등의 연수에 관한 규정 제8조의3(연수실적의 기록·관리), 동 시행규칙 제8조(연수이수실적의 기록·관리), 교육공무원 인사기록 및 인사사무처리규칙 제8조(인사기록카드의 정리 및 변경) 및 [별표4]에 규정된 내용에 대하여 교육청에서 교원연수 이수실적 기록 및 관리 업무를 처리할 때 필요한 사항을 정하는 것을 목적으로 한다. ","[교원 등의 연수에 관한 규정 제8조의3] (확인) ① 교원의 임용권자는 소속 교원의 연수 이수실적을 학점화하여 기록ㆍ관리하여야 한다. ② 교원의 연수 이수실적의 기록 및 관리에 필요한 사항은 교육부령으로 정한다. 제8조의3(연수실적의 기록ㆍ관리)

[교육공무원 인사기록 및 인사사무처리규칙 제8조] (확인) ① 인사담당관은 교육공무원이 다음 각 호의 어느 하나에 해당하는 경우에는 지체 없이 그 사실을 해당 공무원의 인사기록카드에 기록하여야 한다. 1. 신규채용, 승진, 전직, 전보, 강임, 면직, 징계, 휴직, 직위해제, 복직, 국내연수, 국외연수, 국외출장, 겸임, 파견, 승급, 전출, 전입되었거나 포상을 받은 경우 2. 대학원(「고등교육법」에 따른 국내의 대학원과 이에 준하는 외국의 대학원을 말한다. 이하 같다)에서 학위를 취득한 경우 3. 자격을 취득하거나 연구실적이 있는 경우 ② 인사담당관은 제1항에 따라 유치원ㆍ초등학교ㆍ중학교ㆍ고등학교 및 특수학교 교원의 인사기록카드를 기록할 때에는 별지 제1호서식의 기재사항 중 대학원에서의 학위취득, 자격취득, 연수이수 및 연구실적에 관한 사항은 별표 1의 기준에 따라 학점화하여 기록ㆍ관리해야 한다. <개정 2022.10.18> ③ 인사담당관은 인사기록의 착오ㆍ누락사항 또는 신상 변동사항을 확인ㆍ정정할 수 있도록 소속 교육공무원에게 매 짝수연도의 1월 1일부터 2월 말일까지의 기간 동안 인사기록카드를 열람하게 하여야 한다. 이 경우 열람의 방법ㆍ절차 및 정정 신청 등에 관한 사항은 기록보관기관의 장이 정한다. ④ 인사담당관은 제1항부터 제3항까지의 사항 외의 새로운 사유로 교육공무원의 인사기록카드를 정정ㆍ변경하거나 기록을 추가하여야 할 정당한 사유가 있을 때에는 이를 증명하는 서류를 갖추어 인사기록카드보관기관의 장에게 별지 제3호서식의 인사기록 변경신청서를 제출하여야 한다. 제8조(인사기록카드의 정리 및 변경)

[(별표 인용 있음 — 원문은 별표를 봐야 함)] (별표) ",정한다,교육공무원 승진규정,,교육공무원 승진규정,조문 번호 없이 법령만 주장,,,"《교육공무원 인사기록 및 인사사무 처리 규칙》
제6조(인사기록의 작성ㆍ유지ㆍ보관) … 보관할 수 있다. ③ 제1항에 따라 인사기록을 작성ㆍ유지ㆍ보관하여야 할 임용권자별 소속 교육공무원의 범위는 교육부장관이 정하여 고시한다. 제6조(인사기록의 작성ㆍ유지ㆍ보관)
제8조(인사기록카드의 정리 및 변경) … 드를 열람하게 하여야 한다. 이 경우 열람의 방법ㆍ절차 및 정정 신청 등에 관한 사항은 기록보관기관의 장이 정한다. ④ 인사담당관은 제1항부터 제3항까지의 사항 외의 새로운 사유로 교육공무원의 인사기록카드를 정정ㆍ변경하거나 기록을 추가하여야 할 정당한 사유가 있을 때에는 이를 증명하는 서류를 갖추어 인사기록카드보관기관의 
제1조(목적) … 제1조(목적) 이 규칙은 「교육공무원법」 제23조와 「교육공무원임용령」 및 「교육공무원 징계령」에 따라 합리적인 인사관리를 위하여 교육공무원의 인사기록 및 인사사무 처리에 관한 절차와 서식을 규정함을 목적으로 한다.
《교육공무원 승진규정》
제4조(평정의 기초) … 제4조(평정의 기초) 경력평정은 당해 교육공무원의 인사기록카드에 의하여 평정한다. 다만, 필요하다고 인정하는 경우에는 인사기록카드의 기재사항의 정확여부를 조회하여 확인할 수 있다.
제41조(가산점) …  공통가산점과 선택가산점으로 구분한다. <개정 2001.7.7> ③공통가산점은 다음 각 호의 기준에 따라 산정한다. <개정 2001.7.7, 2007.5.25, 2008.2.29, 2012.11.6, 2013.3.23, 2015.12.31, 2016.12.30, 2026.6.16> 1. 교육부장관이 지정한 연구학교(시범ㆍ
제14조(평정결과의 보고) … 제14조(평정결과의 보고) 확인자는 경력평정을 실시한 때에는 그 결과를 경력평정표에 기록하여 평정후 10일이내에 평정대상자의 임용권자에게 보고하여야 한다. <개정 2011.11.30>",b,b-decree,교원 등의 연수에 관한 규정 제8조의3제2항(교육부령 위임); 같은 규정 시행규칙 제8조; 교육공무원 인사기록 및 인사사무 처리 규칙 제8조제2항,"연수규정 제8조의3②는 '기록 및 관리에 필요한 사항은 교육부령으로 정한다'(부령 위임). 위임받은 연수규정 시행규칙 제8조('동 시행규칙' 표기로 파서 미해석, 외부 확인)는 '15시간당 1학점', '인사기록카드에 기록·관리'를 직접 규정하고 장관 위임 없음. 인사기록규칙 제8조②는 별표 1 학점화 기준 준용, ③ '기록보관기관의 장이 정한다'는 열람 절차에 관한 것으로 이 예규의 규율 사항 아님 → 위임이 부령에서 종결. 규칙이 인용한 [별표4]는 현행 인사기록규칙 별표 1로 보이나 미확인(별표 문언에 장관 위임이 있으면 재검토). D4는 트리아지 메모의 '교육공무원 승진규정'을 조문 없이 주장(제1조 인용과 무관)."
C04,2100000005870,교육부와 그 소속기관의 회계관계공무원 재정보증 규정,훈령,20141024,신분관계 — 회계관계공무원 개인의 재정보증(보증보험 가입) 의무·경제적 부담에 관계.,제1조(목적) 이 규정은「국고금 관리법」제45조 및 같은 법 시행령 제109조제1항에 따라 교육부와 그 소속기관 회계관계공무원의 재정보증에 관한 사항을 규정함을 목적으로 한다. ,"[국고금 관리법 제45조] (코퍼스 밖(타부처·비법령·명칭 불일치)) 

[국고금 관리법 시행령 제109조제1항] (코퍼스 밖(타부처·비법령·명칭 불일치)) 

[법 시행령 제109조제1항] (코퍼스 밖(타부처·비법령·명칭 불일치)) ",,국고금 관리법,45,,법령 코퍼스 밖,,,,c,,국고금 관리법 제45조제1항; 같은 법 시행령 제109조제1항 (기획재정부 소관·코퍼스 밖),"인용 법령 모두 기획재정부 소관으로 코퍼스 밖 → c. 외부 원문 확인: 법 제45조① '회계관계공무원은 대통령령으로 정하는 재정보증이 없으면 그 직무를 담당할 수 없다'; 시행령 제109조① '중앙관서의 장은 법 제45조에 따른 소속 회계관계공무원의 재정보증에 관한 사항을 정하여 운영하여야 한다', ② '재정보증에 필요한 공통적인 사항은 기획재정부장관이 정한다' → 코퍼스 확장 시 시행령 제109조①(중앙관서의 장=교육부장관)에 의해 a 상당. D4가 잡은 조문(제45조)은 정확하나 코퍼스 밖."
C05,2100000208251,교육시설의 안전·유지관리기준,고시,20220114,교육시설의 안전·유지관리 기준 — 학교법인 등 시설 관계자의 의무 기준.,제1조(목적) 이 기준은 「교육시설 등의 안전 및 유지관리 등에 관한 법률」 제10조 및 같은 법 시행령 제12조에 따라 교육시설의 안전 및 유지관리 등에 필요한 사항을 정함을 목적으로 한다. ,"[교육시설 등의 안전 및 유지관리 등에 관한 법률 제10조] (확인) ① 교육부장관은 정책위원회의 심의를 거쳐 다음 각 호에 해당하는 교육시설의 안전 및 유지관리 등에 필요한 기준(이하 ""안전ㆍ유지관리기준""이라 한다)을 마련하고, 이를 감독기관의 장 및 교육시설의 장에게 통보하여야 한다. <개정 2021.12.28> 1. 교육시설의 내진 설계 및 내진 보강 등 구조 안전에 관한 기준 2. 교육시설의 화재 안전에 관한 기준 3. 교육시설의 설계ㆍ시공 및 유지관리에 필요한 기준 4. 교육시설의 감염예방, 환경 및 재료 등의 안전성 확보에 필요한 기준 5. 그 밖에 교육시설의 안전 및 유지관리에 관하여 대통령령으로 정하는 사항 ② 교육시설의 장은 안전ㆍ유지관리기준을 준수하여야 하고, 교육시설이용자가 안전ㆍ유지관리기준을 준수하도록 하여야 한다. ③ 교육시설의 장은 안전ㆍ유지관리기준의 준수 여부를 자체적으로 점검하고, 점검 결과를 감독기관의 장에게 보고하여야 한다. ④ 교육시설이용자는 교육시설의 장이 안전ㆍ유지관리기준에 따라 수행하는 교육시설의 안전ㆍ유지관리 활동에 적극 협조하여야 한다. ⑤ 그 밖에 제1항에 따른 안전ㆍ유지관리기준의 내용, 제3항에 따른 점검, 보고의 방법 및 절차 등에 필요한 사항은 대통령령으로 정한다. 제10조(교육시설의 안전ㆍ유지관리기준 등)

[교육시설 등의 안전 및 유지관리 등에 관한 법률 시행령 제12조] (확인) ① 법 제10조제1항제5호에서 ""대통령령으로 정하는 사항""이란 교육시설 중 실험실ㆍ실습실 등에서의 안전에 관한 기준을 말한다. <신설 2025.1.31> ② 법 제10조제1항에 따른 교육시설의 안전 및 유지관리 등에 필요한 기준(이하 ""안전ㆍ유지관리기준""이라 한다)에는 다음 각 호의 사항이 포함되어야 한다. <개정 2022.6.28, 2025.1.31> 1. 교육시설의 내진 설계 및 내진 보강 등 구조 안전에 관한 기준: 내진 설계, 내진 보강, 내진 성능 평가, 그 밖에 각종 진동ㆍ충격과 교육시설의 하중(荷重)을 고려한 안전성 확보 조치 등에 관한 사항 2. 교육시설의 화재 안전에 관한 기준: 피난ㆍ방화ㆍ소방 시설의 설치 및 안전 교육 등에 관한 사항 3. 교육시설의 설계ㆍ시공 및 유지관리에 필요한 기준: 교육시설이용자의 안전 및 건강을 고려한 설계ㆍ시공 및 교육시설의 결함에 대한 보수ㆍ보강 등에 관한 사항 4. 교육시설의 감염예방, 환경 및 재료 등의 안전성 확보에 필요한 기준: 감염병의 예방ㆍ관리, 쾌적한 실내 환경 유지 및 친환경 재료 사용 등에 관한 사항 5. 교육시설 중 실험실ㆍ실습실 등에서의 안전에 관한 기준: 실험실ㆍ실습실 등에서의 안전에 필요한 시설ㆍ설비의 설치 및 관리 등에 관한 사항 ③ 법 제10조제3항에 따른 안전ㆍ유지관리기준의 준수 여부에 대한 점검은 매년 1회 이상 해야 하며, 그 점검 결과를 보고할 때에는 안전ㆍ유지관리기준의 세부 항목별 준수 여부, 향후 조치 계획 등이 포함되어야 한다. <개정 2025.1.31> ④ 법 제10조제3항에 따라 보고를 받은 감독기관의 장은 안전ㆍ유지관리기준의 준수에 필요한 행정적ㆍ재정적 지원을 할 수 있다. <개정 2025.1.31> ⑤ 제1항 및 제2항에서 규정한 사항 외에 안전ㆍ유지관리기준 및 그 내용의 구체적인 사항은 교육부장관이 정하여 고시한다. <신설 2025.1.31> 제12조(교육시설의 안전ㆍ유지관리기준 등)","고시한다,교육부장관이 정하,정한다",교육시설 등의 안전 및 유지관리 등에 관한 법률,10,교육시설 등의 안전 및 유지관리 등에 관한 법률,조문 확인,"① 교육부장관은 정책위원회의 심의를 거쳐 다음 각 호에 해당하는 교육시설의 안전 및 유지관리 등에 필요한 기준(이하 ""안전ㆍ유지관리기준""이라 한다)을 마련하고, 이를 감독기관의 장 및 교육시설의 장에게 통보하여야 한다. <개정 2021.12.28> 1. 교육시설의 내진 설계 및 내진 보강 등 구조 안전에 관한 기준 2. 교육시설의 화재 안전에 관한 기준 3. 교육시설의 설계ㆍ시공 및 유지관리에 필요한 기준 4. 교육시설의 감염예방, 환경 및 재료 등의 안전성 확보에 필요한 기준 5. 그 밖에 교육시설의 안전 및 유지관리에 관하여 대통령령으로 정하는 사항 ② 교육시설의 장은 안전ㆍ유지관리기준을 준수하여야 하고, 교육시설이용자가 안전ㆍ유지관리기준을 준수하도록 하여야 한다. ③ 교육시설의 장은 안전ㆍ유지관리기준의 준수 여부를 자체적으로 점검하고, 점검 결과를 감독기관의 장에게 보고하여야 한다. ④ 교육시설이용자는 교육시설의 장이 안전ㆍ유지관리기준에 따라 수행하는 교육시설의 안전ㆍ유지관리 활동에 적극 협조하여야 한다. ⑤ 그 밖에 제1항에 따른 안전ㆍ유지관리기준의 내용, 제3항에 따른 점검, 보고의 방법 및 절차 등에 필요한 사항은 대통령령으로 정한다. 제10조(교육시설의 안전ㆍ유지관리기준 등)",정한다,"《교육시설 등의 안전 및 유지관리 등에 관한 법률》
제7조(교육시설정책위원회) … 과위원회를 둘 수 있다. ⑤ 그 밖에 정책위원회 및 분과위원회의 구성ㆍ운영 등에 필요한 사항은 대통령령으로 정한다. 제7조(교육시설정책위원회)
제10조(교육시설의 안전ㆍ유지관리기준 등) … 따른 안전ㆍ유지관리기준의 내용, 제3항에 따른 점검, 보고의 방법 및 절차 등에 필요한 사항은 대통령령으로 정한다. 제10조(교육시설의 안전ㆍ유지관리기준 등)
제21조(시정명령) … 1. 제10조제2항을 위반하여 안전ㆍ유지관리기준을 준수하지 아니한 교육시설의 장 1의2. 제10조의2제3항을 위반하여 교육부장관의 명령을 따르지 아니한 교육시설의 장 2. 제13조제1항 또는 제14조제1항을 위반하여
《교육시설 등의 안전 및 유지관리 등에 관한 법률 시행규칙》
제2조(교육시설안전인증 신청 등) … ① 법 제11조제1항에 따른 교육시설안전인증을 받으려는 교육시설의 장은 「교육시설 등의 안전 및 유지관리 등에 관한 법률 시행령」(이하 ""영""이라 한다) 제14조제1항에 따라 별지 제1호서식의 교육시설안전인증 신청서
제1조(목적) … 제1조(목적) 이 규칙은 「교육시설 등의 안전 및 유지관리 등에 관한 법률」 및 같은 법 시행령에서 위임된 사항과 그 시행에 필요한 사항을 규정함을 목적으로 한다.
제3조(안전점검 및 정밀안전진단 결과에 관한 보고서의 보존기간) … 제3조(안전점검 및 정밀안전진단 결과에 관한 보고서의 보존기간) 법 제13조제2항 및 제14조제2항에서 ""교육부령으로 정하는 기간""이란 각각 10년을 말한다.
《교육시설 등의 안전 및 유지관리 등에 관한 법률 시행령》
제12조(교육시설의 안전ㆍ유지관리기준 등) … 25.1.31> ⑤ 제1항 및 제2항에서 규정한 사항 외에 안전ㆍ유지관리기준 및 그 내용의 구체적인 사항은 교육부장관이 정하여 고시한다. <신설 2025.1.31> 제12조(교육시설의 안전ㆍ유지관리기준 등)
제11조(교육시설 관리실태 등의 평가ㆍ점검 등) … 강 등 필요한 안전 조치의 이행 여부 3. 그 밖에 교육시설의 안전 및 유지관리에 필요하다고 교육부장관이 인정하여 고시하는 사항 ② 감독기관의 장은 법 제9조제1항에 따라 교육시설 관리실태 등에 대한 평가ㆍ점검을 실시하려는 경우에는 평가ㆍ점검 대상, 내용 및 실시시기 등을 미리 해당 교육시설의 장에게 통보해야 한다. ③ 
제13조(교육시설안전인증의 대상) … 교의 경우: 연면적 1백제곱미터 2. 제2조제2항에 따른 교육기관의 시설 중 학생이 주로 이용하는 시설로서 교육부장관이 정하여 고시하는 시설의 경우: 연면적 1천제곱미터 3. 제1호 및 제2호 외의 교육시설의 경우: 연면적 3천제곱미터 제13조(교육시설안전인증의 대상) 법 제11조제1항에서 ""대통령령으로 정하는 규모 이상",a,,교육시설 등의 안전 및 유지관리 등에 관한 법률 시행령 제12조제5항; 같은 법 제10조제1항·제5항,"법 제10조①은 '기준을 마련하고 … 통보하여야 한다'(기준 마련·통보 권한형, 코드북 b-authorise 유형)이고 ⑤는 '기준의 내용 … 대통령령으로 정한다'(대통령령 위임)이나, 시행령 제12조⑤(2025.1.31 신설) '제1항 및 제2항에서 규정한 사항 외에 안전·유지관리기준 및 그 내용의 구체적인 사항은 교육부장관이 정하여 고시한다'로 명시 위임 → 현행 원문 기준 a. 다만 이 고시 발령(2022.1.14) 당시에는 시행령 ⑤가 없어 발령 시점 기준으로는 b-authorise(법 제10조①)에 해당했을 것. D4는 법 제10조만 확인(시행령 위임 조문 미반영)."
C06,2100000273514,국가장학사업 운영규정,훈령,20260123,국가장학사업의 수급 요건·기준(학생 대상 수익적 급부).,"제1조(목적) 이 규정은 「교육기본법」(이하 ""법""이라 한다) 제28조에 따른 장학사업을 효율적으로 수행하기 위하여 필요한 세부사항을 정함을 목적으로 한다. ","[교육기본법 제28조] (확인) ① 국가와 지방자치단체는 경제적 이유로 교육받기 곤란한 사람을 위한 장학제도(奬學制度)와 학비보조제도 등을 수립ㆍ실시하여야 한다. <개정 2021.3.23> ② 국가는 다음 각 호의 사람에게 학비나 그 밖에 필요한 경비의 전부 또는 일부를 보조할 수 있다. <개정 2021.3.23> 1. 교원양성교육을 받는 사람 2. 국가에 특히 필요한 분야를 국내외에서 전공하거나 연구하는 사람 ③ 제1항 및 제2항에 따른 장학금 및 학비보조금 등의 지급 방법 및 절차, 지급받을 자의 자격 및 의무 등에 관하여 필요한 사항은 대통령령으로 정한다. 제28조(장학제도 등)",정한다,교육기본법,,교육기본법,조문 번호 없이 법령만 주장,,,"《교육기본법》
제5조(교육의 자주성 등) …  국가와 지방자치단체는 학교운영의 자율성을 존중하여야 하며, 교직원ㆍ학생ㆍ학부모 및 지역주민 등이 법령으로 정하는 바에 따라 학교운영에 참여할 수 있도록 보장하여야 한다. <개정 2021.9.24> 제5조(교육의 자주성 등)
제7조(교육재정) …  한다. ② 교육재정을 안정적으로 확보하기 위하여 지방교육재정교부금 등에 관하여 필요한 사항은 따로 법률로 정한다. 제7조(교육재정)
제9조(학교교육) … 하여 이루어져야 한다. ④ 학교의 종류와 학교의 설립ㆍ경영 등 학교교육에 관한 기본적인 사항은 따로 법률로 정한다. 제9조(학교교육)",b,b-decree,교육기본법 제28조제3항(대통령령 위임),"제28조③ '장학금 및 학비보조금 등의 지급 방법 및 절차, 지급받을 자의 자격 및 의무 등에 관하여 필요한 사항은 대통령령으로 정한다' → 위임이 대통령령에서 종결, 장관·행정규칙 위임 문언 없음(①②는 국가·지자체의 장학제도 수립·보조 책무). 교육기본법의 다른 조문(제5·7·9조 등)도 '따로 법률로 정한다' 유형뿐이라 같은 법령 내 대체 근거 없음. D4는 조문번호 없이 법령명만 주장."
C07,2100000212329,기간제교원의 봉급 지급에 관한 예규,예규,20220622,신분관계 — 기간제교원(사립 포함) 봉급 지급 기준(공무원보수규정 [별표11] 위임 주장) — 교원 개인의 보수에 관계.,제1조(목적) 이 예규는 「공무원보수규정」 [별표11]에 의해 교육부장관이 정하도록 한 기간제교원의 봉급 지급에 관한 구체적인 기준을 규정함을 목적으로 한다. ,[(별표 인용 있음 — 원문은 별표를 봐야 함)] (별표) ,,기간제교원의 봉급 지급에 관한 예규,3,,자기 자신을 근거로 파싱됨(주장 없음과 같음),,,,c,,공무원보수규정 제5조 [별표 11] 비고 (인사혁신처 소관·코퍼스 밖·별표에만 근거),"근거가 인사혁신처 소관 대통령령의 별표 비고에만 있음 → c. 외부 원문 확인: 별표 11 비고 '유치원·초·중·고등학교의 기간제교원에게는 제8조에 따라 산정된 호봉의 봉급을 지급하되, 교육부장관이 정하는 사유를 제외하고는 고정급으로 하고, …연금 또는 명예퇴직수당을 지급받은 사실 등을 고려하여 교육부장관이 정하는 금액으로 한다' → 별표 포함 시 a 상당. D4는 규칙 자기 자신을 근거로 파싱(주장 없음과 같음)."
C08,2100000246548,사립유치원 교직원의 봉급·수당에 관한 지침,예규,20240901,사립유치원(외부 법인·개인)의 교직원 봉급·수당 관련 규칙 기재사항 등 규율 — 사립학교(법인) 규율 유형이며 교직원 개인 처우에도 관계.,"[별지 제1호서식] 사립유치원 규칙 신ㆍ구 대조표 ───┬─── 현행│개정 ───┼─── │ ───┴─── ※ [별지 제1호서식] 양식은 추가, 변경 가능하며, 봉급과 그 밖의 각종 수당에 대한 지급 기준 관련 조항에 관한 개정 사항을 포함해야 함 1. 목적 가. 「유아교육법」 제10조 및 「유아교육법 시행령」 제10조제1항제6의2호에 따른 유치원 규칙의 기재사항 및 제정절차 등에 관한 내용을 구체적으로 규정하는 것을 목적으로 한다. 나. 「교육관련기관의 정보공개에 관한 특례법」(이하 ""「교육기관정보공개법」"")에 따라 사립유치원에 대한 국민의 알권리를 보장하고, 단위 유치원의 공공성ㆍ교육력 제고를 도모한다. 2. 적용 대상 및 용어의 정의 가. 대상 기관 : 「사립학교법」 제2조제1호에 따라 설립ㆍ운영되는 유치원 및 「유아교육법」 제18조에 따른 지도ㆍ감독 기관(이하 ""관할청"") 나. 적용 영역 : 법인의 정관 또는 개인인 사립학교경영자가 정한 규칙(이하 ""유치원 규칙"") 1) 학교법인, 공공단체 외의 법인이 설치한 유치원의 경우 `정관` 2) 개인인 사립학교경영자가 설치한 유치원의 경우 `규칙` 다. 임금 또는 보수","[유아교육법 제10조] (확인) ①유치원의 장(유치원을 설립하는 경우에는 해당 유치원을 설립하려는 자를 말한다. 이하 ""원장""이라 한다)은 법령의 범위에서 유치원규칙을 제정하거나 개정할 수 있다. <개정 2008.2.29, 2010.3.24, 2013.3.23, 2016.5.29> ②유치원규칙의 기재사항 및 제정절차 등에 관하여 필요한 사항은 대통령령으로 정한다. 제10조(유치원규칙)

[유아교육법 시행령 제10조제1항] (확인) ① 유치원규칙에는 다음 각 호의 사항이 포함되어야 한다. <개정 2019.8.6> 1. 교육연한, 학기 및 휴업일 2. 학급편제 및 정원 3. 교육 내용 4. 수업일수 및 수업 운영방법 5. 입학, 재입학, 편입학, 전학, 휴학, 퇴학, 수료 및 졸업 6. 수업료ㆍ입학금과 그 밖의 비용 징수 6의2. 사립유치원 교직원의 봉급과 그 밖의 각종 수당에 대한 지급 기준 7. 유치원규칙의 개정절차 8. 다른 법령에서 유치원규칙으로 정하도록 한 사항 9. 그 밖에 법 제18조제1항에 따른 해당 유치원의 지도ㆍ감독기관(이하 ""관할청""이라 한다)이 정하는 사항 ② 사립유치원의 장은 유치원규칙 중 제1항제2호ㆍ제6호ㆍ제6호의2ㆍ제8호 또는 제9호 외의 사항을 개정한 경우에는 개정한 날부터 30일 내에 교육감에게 보고해야 한다. <개정 2019.8.6> 제10조(유치원규칙의 기재사항 등)

[사립학교법 제2조] (확인) 1. ""사립학교""란 학교법인, 공공단체 외의 법인 또는 그 밖의 사인(私人)이 설치하는 「유아교육법」 제2조제2호, 「초ㆍ중등교육법」 제2조 및 「고등교육법」 제2조에 따른 학교를 말한다. 2. ""학교법인""이란 사립학교만을 설치ㆍ경영할 목적으로 이 법에 따라 설립되는 법인을 말한다. 3. ""사립학교경영자""란 「유아교육법」, 「초ㆍ중등교육법」, 「고등교육법」 및 이 법에 따라 사립학교를 설치ㆍ경영하는 공공단체 외의 법인(학교법인은 제외한다) 또는 사인을 말한다. 4. ""임용""이란 신규채용, 승진, 전보(轉補), 겸임, 파견, 강임(降任), 휴직, 직위해제, 정직(停職), 강등, 복직, 면직, 해임 및 파면을 말한다. 제2조(정의) 이 법에서 사용하는 용어의 뜻은 다음과 같다. <개정 2021.8.10>

[유아교육법 제18조] (확인) ①국립유치원은 교육부장관의 지도ㆍ감독을 받으며, 공립ㆍ사립유치원은 교육감의 지도ㆍ감독을 받는다. <개정 2008.2.29, 2010.3.24, 2013.3.23> ②교육감은 유아교육을 충실히 하기 위하여 유치원 교육과정 운영에 대한 장학지도를 할 수 있다. <개정 2008.2.29, 2010.3.24, 2012.1.26> 제18조(지도ㆍ감독)","정한다,정할 수 있다",유아교육법,10,유아교육법,조문 확인,"①유치원의 장(유치원을 설립하는 경우에는 해당 유치원을 설립하려는 자를 말한다. 이하 ""원장""이라 한다)은 법령의 범위에서 유치원규칙을 제정하거나 개정할 수 있다. <개정 2008.2.29, 2010.3.24, 2013.3.23, 2016.5.29> ②유치원규칙의 기재사항 및 제정절차 등에 관하여 필요한 사항은 대통령령으로 정한다. 제10조(유치원규칙)","정한다,정할 수 있다","《사립학교법》
제62조(교원징계위원회의 설치 및 구성 등) … 서 해당 학교법인이나 사립학교경영자 또는 학교의 장(제53조의2제2항에 따라 교원의 임용권이 학교의 장에게 위임된 경우로 한정한다)이 임명하거나 위촉한다. <개정 2021.9.24> 1. 해당 학교의 교원 또는 학교법인의 이사 2. 다음 각 목의 어느 하나에 해당하는 사람 가. 법관, 검사 또는 변호사로 5년 이상 근무한
제5조(자산) … 한 재산을 갖추어야 한다. ② 제1항에 따른 사립학교에 필요한 시설ㆍ설비와 재산에 관한 기준은 대통령령으로 정한다. 제5조(자산)
제10조(설립허가) … 학교법인을 설립하려는 자는 일정한 재산을 출연하고, 다음 각 호의 사항을 적은 정관을 작성하여 대통령령으로 정하는 바에 따라 교육부장관의 허가를 받아야 한다. 이 경우 기술대학을 설치ㆍ경영하는 학교법인을 설립할 때에는 대통령령으로 정하는 바에 따라 미리 산업체가 일정한 재산을 출연하여야 한다. 1. 목적 2. 명칭 3. 
《사립학교법 시행령》
제1조(법인의 관할청과 학교의 관할청의 협조) … 학교법인이 그가 설치ㆍ경영하는 사립학교에 관한 사항에 대하여 관할청의 허가 또는 인가등을 신청함에 있어서는 교육부장관이 정하는 바에 의하여 당해 사항에 관련되는 사립학교의 관할청을 거쳐야 한다. <개정 1990.7.19, 1991.2.1, 1997.8.9, 2001.1.29, 2006.6.23, 2008.2.29, 201
제12조(처분할 수 없는 재산의 범위 등) … 학생 수의 감소 등 교육여건의 변화를 고려하여 매도하거나 담보로 제공해도 교육에 지장을 주지 않는 경우로서 교육부장관이 정하여 고시하는 기준에 해당하는 재산 ③ 관할청은 법 제28조제1항에 따라 제2항제1호부터 제3호까지의 규정에 따른 부동산의 매도 또는 담보의 제공을 허가하는 경우 해당 부동산의 명도일 또는 담보로 제공
제17조(국가의 지원대상) …  국가의 지원이 필요하다고 인정되는 학교법인 ②제1항의 보조 또는 지원에 관하여 필요한 사항은 교육부령으로 정한다. <개정 1976.1.16, 1990.7.19, 1991.2.1, 2001.1.29, 2008.2.29, 2013.3.23> 제17조(국가의 지원대상)
《유아교육법》
제8조(유치원의 설립 등) … 21.3.23> 1. 제1항에 따른 시설ㆍ설비 등 설립기준을 갖추지 아니한 경우 2. 교육감이 대통령령으로 정하는 바에 따라 수립하는 유아배치계획에 적합하지 아니한 경우 3. 제32조제1항 또는 제3항에 따른 운영정지 명령을 받고 3년이 지나지 아니한 유치원 설립ㆍ경영자인 경우 4. 그 밖에 이 법 또는 다른 법령에 따른
제21조(교직원의 임무) … 수석교사는 교사의 교수ㆍ연구활동을 지원하며, 유아를 교육한다. <신설 2011.7.25> ④교사는 법령에서 정하는 바에 따라 해당 유치원의 유아를 교육한다. <개정 2010.3.24, 2011.7.25> ⑤행정직원 등 직원은 법령에서 정하는 바에 따라 유치원의 행정사무와 그 밖의 사무를 담당한다. <개정 2011.7.25
제23조(강사 등) … 1.26> ②제1항에 따라 유치원에 두는 강사 등의 종류ㆍ자격기준 및 임용 등에 필요한 사항은 대통령령으로 정한다. <개정 2010.3.24> 제23조(강사 등)
《유아교육법 시행규칙》
제6조(유치원 원비의 결정 및 공고 등) … 원에서 징수하는 수업료 등의 교육비용과 그 밖의 납부금(이하 ""유치원 원비""라 한다)은 다음 각 호에 따라 정한다. <개정 2013.2.23, 2013.12.10, 2015.10.7> 1. 국립유치원: 원장이 정하되, 해당 유치원이 소재한 지역과 동일한 지역(특별시ㆍ광역시에 있어서는 구, 특별자치시에 있어서는 읍ㆍ면ㆍ동,
제2조(사립유치원의 설립인가 신청 등) … ① 「유아교육법 시행령」(이하 ""영""이라 한다) 제9조제1항에 따라 사립유치원의 설립인가를 신청하려는 자는 별지 제1호서식의 학교설립 인가신청서를 특별시ㆍ광역시ㆍ특별자치시ㆍ도ㆍ특별자치도 교육감(이하 ""교육감""이라 한
제1조(목적) … 제1조(목적) 이 규칙은 「유아교육법」 및 같은 법 시행령에서 위임된 사항과 그 시행에 필요한 사항을 규정함을 목적으로 한다.
《유아교육법 시행령》
제10조(유치원규칙의 기재사항 등) … ① 유치원규칙에는 다음 각 호의 사항이 포함되어야 한다. <개정 2019.8.6> 1. 교육연한, 학기 및 휴업일 2. 학급편제 및 정원 3. 교육 내용 4. 수업일수 및 수업 운영방법 5. 입학, 재입학, 편입학,
제9조(사립유치원의 설립인가 신청 등) … ① 법 제8조제2항에 따라 사립유치원의 설립인가를 받으려는 자는 교육부령으로 정하는 바에 따라 목적, 명칭, 위치 및 개원 예정 연월일 등을 기재한 학교설립 인가신청서에 다음 각 호의 서류(전자문서를 포함한다)를 첨부하여 교육감에게 신청하여야 한다. <개정 2015.11.30> 1. 법 제1
제17조(유아배치계획) … . <개정 2019.8.6> ② 제1항에 따른 취학권역은 취학 대상 유아의 거주분포 등을 고려하여 교육감이 정한다. 다만, 취학 대상 유아는 거주지가 속한 취학권역 밖에 있는 유치원에 취학할 수 있다. ③ 교육감은 제1항에 따라 유아배치계획을 수립할 때에는 다음 각 호의 기준에 따라야 한다. <개정 2016.9.21, 2",b,b-decree,유아교육법 제10조제2항(대통령령 위임); 유아교육법 시행령 제10조제1항제6호의2,법 제10조②는 '유치원규칙의 기재사항 및 제정절차 등에 관하여 필요한 사항은 대통령령으로 정한다'(대통령령 위임). 시행령 제10조①제6호의2 '사립유치원 교직원의 봉급과 그 밖의 각종 수당에 대한 지급 기준'은 유치원규칙 기재사항 열거일 뿐 장관 위임 없음(제9호 '관할청이 정하는 사항'의 관할청은 사립유치원의 경우 교육감) → 위임이 대통령령에서 종결. 함께 인용된 사립학교법 제2조·유아교육법 제18조는 적용 대상·관할청 정의 인용(b-cite 성격). D4 위임어 '정한다/정할 수 있다'는 대통령령 위임 문언과 원장의 규칙 제·개정권 문언을 오인.
C09,2100000091472,수석교사 연구활동비 지급에 관한 규정,훈령,20170630,신분관계 — 수석교사 연구활동비 지급 기준(수당·활동비 지급 유형).,제1조(목적) 이 규정은「교육공무원법」제29조의4제3항 및「교육공무원 임용령」제9조의8제2항에 의하여 수석교사의 연구활동비를 지급하는 데 필요한 사항을 규정함을 목적으로 한다. ,"[교육공무원법 제29조의4제3항] (확인) ① 수석교사는 교육부장관이 임용한다. <개정 2013.3.23> ② 수석교사는 최초로 임용된 때부터 4년마다 대통령령으로 정하는 업적평가 및 연수실적 등을 반영한 재심사를 받아야 하며, 심사기준을 충족하지 못한 경우 대통령령으로 정하는 바에 따라 수석교사로서의 직무 및 수당 등을 제한할 수 있다. ③ 수석교사는 대통령령으로 정하는 바에 따라 수업부담 경감, 수당 지급 등에 대하여 우대할 수 있다. ④ 수석교사는 임기 중에 교장ㆍ원장 또는 교감ㆍ원감 자격을 취득할 수 없다. ⑤ 수석교사의 운영 등 그 밖에 필요한 사항은 대통령령으로 정한다. 제29조의4(수석교사의 임용 등)

[교육공무원 임용령 제9조의8제2항] (확인) ① 학교의 장은 수석교사의 원활한 활동을 지원하기 위하여 수석교사의 수업시간 수를 해당 학교별 교사 1인당 평균수업시간 수의 2분의 1로 경감하되, 학교 여건 등을 고려하여 조정할 수 있다. ② 수석교사에게는 예산의 범위에서 연구활동비를 지급할 수 있다. 제9조의8(수석교사의 우대)","정하는 바에 따라,정한다,정할 수 있다",교육공무원법,29,교육공무원법,조문 확인,"① 교육부와 그 소속 기관에 근무하는 장학관 및 교육연구관은 교육부장관의 제청으로 대통령이 임용한다. <개정 2013.3.23> ② 제1항에 따라 대통령이 임용하는 교육전문직원의 전보는 교육부장관이 행한다. <개정 2012.12.11, 2013.3.23> 제29조(장학관 등의 임용)",,"《교육공무원법》
제3조(인사위원회의 설치) …  제청으로 대통령이 위촉한다. <개정 2013.3.23> ④ 인사위원회의 운영에 필요한 사항은 대통령령으로 정한다. 제3조(인사위원회의 설치)
제11조(교사의 신규채용 등) … 2항에 따라 공개전형을 실시하는 경우 국립 학교의 장은 그 전형을 해당 학교가 소재하는 시ㆍ도의 교육감에게 위탁하여 실시할 수 있다. <신설 2016.1.27, 2021.3.23> ④ 제1항 및 제2항에 따른 공개전형을 하는 경우 담당할 직무 수행에 필요한 자격요건, 공개전형의 절차ㆍ방법 및 평가요소 등 공개전형에 필요한
제12조(경력경쟁채용 등) … ① 다음 각 호의 어느 하나에 해당하는 경우에는 대통령령으로 정하는 바에 따라 경력 등 응시요건을 정하여 같은 사유에 해당하는 다수인을 대상으로 경쟁의 방법으로 채용하는 시험(이하 ""경력경쟁채용시험""이라 한다)으로 교육공무원을 채용할 수 있다. 다만, 제1호, 제4호 및 제5
《교육공무원임용령》
제3조(임용권의 위임) … ①대통령은 「교육공무원법」(이하 ""법""이라 한다) 제33조에 따라 다음 각 호의 임용권을 교육부장관에게 위임한다. 다만, 제3호의 임용권 중 국가교육위원회 소속 장학관 및 교육연구관에 대한 임용권은 국가교육위원회위원장에게 위임한다. <개정 1985.8.12, 1988.2.24, 1991.2.1, 1991.4.23, 1
제14조(승진임용방법) … , 공업계, 수산ㆍ해운계, 예ㆍ체능계의 중등학교 교원자격증 소지자 또는 해당 학과 출신 교육전문직원으로서, 교육부장관이 정하는 과목의 자격증을 소지하거나 해당 학과를 졸업한 사람을 말한다. <개정 1978.2.9, 1982.3.11, 1991.2.1, 2001.1.29, 2008.2.29, 2013.3.23, 2013.5
제7조(보직 등 관리의 원칙) …  소속교육공무원의 경력 및 실적등에 따라 능력을 적절히 발전시킬 수 있도록 보직하여야 한다. ④국외연수ㆍ국내위탁교육등 특별연수를 받았거나 6월이상의 연수를 받은 교육공무원은 특별한 사정이 없는 한 그 연수내용과 관련되는 직위에 보직하여야 한다. ⑤교육공무원은 그 소지한 자격 또는 자격증과 관련되는 직위에 보직하여야 한다.",b,b-decree,교육공무원법 제29조의4제3항·제5항(대통령령 위임); 교육공무원임용령 제9조의8제2항,"법 제29조의4③ '대통령령으로 정하는 바에 따라 수업부담 경감, 수당 지급 등에 대하여 우대할 수 있다', ⑤ '수석교사의 운영 등 … 대통령령으로 정한다' → 대통령령 위임. 위임받은 임용령 제9조의8②는 '예산의 범위에서 연구활동비를 지급할 수 있다'는 지급 근거만 있고 지급 기준을 장관이 정한다는 문언 없음 → 위임이 대통령령에서 종결. D4는 가지번호 '의4'를 놓쳐 제29조(장학관 등의 임용)로 오매칭(b-unrelated 유형 오류)."
C10,2100000267964,시·도 및 시·군·자치구의 고등학교 등의 무상교육 경비 부담에 관한 고시,고시,20251017,시도·시군구(별도 법주체)의 고교 무상교육 경비 부담 확정 — 지자체에 대한 재정 부담 의무 규율(기관 간 재정관계).,"제1조(목적) 이 고시는 「지방교육재정교부금법」 제14조의2제2항, 같은 법 시행령 제10조에서 교육부장관에게 위임한 시ㆍ도 및 시ㆍ군ㆍ자치구가 고등학교 등의 무상교육 경비 부담을 위해 교육비특별회계로 전출하여야 하는 금액 및 그 밖의 교육비특별회계 전출에 관하여 필요한 사항을 정하는 것을 목적으로 한다. ","[지방교육재정교부금법 제14조의2제2항] (확인) ① 국가는 「초ㆍ중등교육법」 제10조의2에 따른 고등학교 등의 무상교육에 필요한 비용 중 1,000분의 475 이내에 해당하는 금액을 제3조제4항에 따라 따로 증액교부하여야 한다. ② 시ㆍ도 및 시ㆍ군ㆍ자치구는 「초ㆍ중등교육법」 제10조의2에 따른 고등학교 등의 무상교육에 필요한 비용 중 1,000분의 50에 해당하는 금액을 대통령령으로 정하는 바에 따라 교육비특별회계로 전출하여야 한다. 제14조의2(고등학교 등의 무상교육 경비 부담에 관한 특례)

[지방교육재정교부금법 시행령 제10조] (확인) 제10조 삭제 <2025.12.2>",정하는 바에 따라,지방교육재정교부금법 시행령,10,지방교육재정교부금법 시행령,삭제된 조문,제10조 삭제 <2025.12.2>,,"《지방교육재정교부금법》
제11조(지방자치단체의 부담) …  및 시ㆍ도지사와 협의하여야 한다. <개정 2021.12.28> ⑧ 시ㆍ도 및 시ㆍ군ㆍ자치구는 대통령령으로 정하는 바에 따라 관할구역에 있는 고등학교 이하 각급학교의 교육에 드는 경비를 보조할 수 있다. ⑨ 시ㆍ도 및 시ㆍ군ㆍ자치구는 관할구역의 교육ㆍ학예 진흥을 위하여 제2항 및 제8항 외에 별도 경비를 교육비특별회계로 
제8조(교부금의 조정 등) … ① 교부금이 산정자료의 착오 또는 거짓으로 인하여 부당하게 교부되었을 때에는 교육부장관은 해당 시ㆍ도가 정당하게 받을 수 있는 교부금액을 초과하는 금액을 다음에 교부할 교부금에서 감액한다. ② 지방자치단체가 법령을 
제3조(교부금의 종류와 재원) … 17.12.30, 2019.12.31> ④ 국가는 지방교육재정상 부득이한 수요가 있는 경우에는 국가예산으로 정하는 바에 따라 제1항 및 제2항에 따른 교부금 외에 따로 증액교부할 수 있다. <신설 2019.12.3> 제3조(교부금의 종류와 재원)
《지방교육재정교부금법 시행규칙》
제6조(특별교부금의 집행) … 제6조(특별교부금의 집행) 특별교부금은 교부 목적에 따라 시ㆍ도의 당해 연도 예산에 계상하여 집행하여야 한다. 다만, 그 용도가 지정되고 소요 전액이 교부된 경비와 재해구호 및 복구와 관련하여 교부된 경비는 「지방재
제1조(목적) … 제1조(목적) 이 규칙은 「지방교육재정교부금법」 및 같은 법 시행령에서 위임된 사항과 그 시행에 관하여 필요한 사항을 규정함을 목적으로 한다. <개정 2008.2.26>
제2조(교원인건비의 범위) … 비변상 등(이하 ""수당등""이라 한다) 3. 「초ㆍ중등교육법」 제12조제3항의 규정에 의하여 의무교육대상자를 위탁받아 의무교육을 실시하는 사립학교의 교원에게 지급하는 제1호 및 제2호에 준하는 봉급ㆍ봉급조정수당 및 수당등 제2조(교원인건비의 범위) 「지방교육재정교부금법 시행령」(이하 ""영""이라 한다) 제2조제2항의 규정에 
《지방교육재정교부금법 시행령》
제6조(교부금의 반환 또는 감액) … 1. 「지방재정법」 제37조에 따른 투자심사(이하 ""투자심사""라 한다)를 받지 아니하고 투자사업예산을 집행한 경우 : 투자심사를 받지 아니하고 지출한 금액의 100분의 10 이내 2. 제1호 외의 경우로서 「감사원법
제1조(목적) … 제1조(목적) 이 영은 「지방교육재정교부금법」에서 위임된 사항과 그 시행에 관하여 필요한 사항을 규정함을 목적으로 한다. <개정 2008.2.22>
제3조(우수한 지방자치단체에 대한 재정지원) …  시ㆍ도를 법 제5조의2제1항제1호에 따른 지방교육행정 및 지방교육재정의 운용실적이 우수한 지방자치단체로 선정할 수 있다. 1. 「초ㆍ중등교육법」 제9조제2항에 따른 교육청 평가에서 우수한 성과를 거둔 시ㆍ도 2. 「지방재정법」 제55조제1항에 따른 지방교육재정 관련 재정보고서의 내용 분석에서 우수한 성과를 거둔 시ㆍ도 ",b,b-deleted,지방교육재정교부금법 시행령 제10조(삭제 2025.12.2); 지방교육재정교부금법 제14조의2제2항(대통령령 위임),규칙이 '교육부장관에게 위임한' 조문으로 든 시행령 제10조는 2025.12.2 삭제(고시 발령 2025.10.17 직후). 법 제14조의2②는 '대통령령으로 정하는 바에 따라 교육비특별회계로 전출'(대통령령 위임)만 있고 장관 위임 없음. 참고: 법 제14조의2는 2025.8.26 신설(부칙상 2027.12.31까지 유효)로 종전 제14조 특례(~2024.12.31)의 후속. 삭제 후 대체 조문(본문·부칙) 신설 여부는 확인하지 못함 — 코퍼스에 대체 조문이 있고 '교육부장관이 정하여 고시' 문언이 있으면 a로 재판정 필요. D4의 '삭제된 조문' 판정은 정확.
C11,2100000247944,어린이집의 원장과 보육교사의 자격기준 중 한국보육진흥원 직원의 경력인정 기준에 관한 고시,고시,20240627,어린이집 원장·보육교사 자격기준 중 경력인정 기준 — 개인의 자격 요건.,제1조(목적) 이 고시는 「영유아보육법 시행령」 제21조 및 별표 1에 따라 어린이집의 원장과 보육교사의 자격기준 중 한국보육진흥원 직원의 경력인정 등에 관한 사항을 정함을 목적으로 한다. ,"[영유아보육법 시행령 제21조] (확인) 제21조(어린이집의 원장 및 보육교사의 자격기준) 법 제21조제1항 및 제3항에 따른 어린이집의 원장과 보육교사의 자격기준은 별표 1과 같다. <개정 2011.12.8>

[(별표 인용 있음 — 원문은 별표를 봐야 함)] (별표) ",,영유아보육법 시행령,21,영유아보육법 시행령,조문 확인,제21조(어린이집의 원장 및 보육교사의 자격기준) 법 제21조제1항 및 제3항에 따른 어린이집의 원장과 보육교사의 자격기준은 별표 1과 같다. <개정 2011.12.8>,,"《영유아보육법 시행령》
제21조(어린이집의 원장 및 보육교사의 자격기준) … 제21조(어린이집의 원장 및 보육교사의 자격기준) 법 제21조제1항 및 제3항에 따른 어린이집의 원장과 보육교사의 자격기준은 별표 1과 같다. <개정 2011.12.8>
제7조(보육정책위원회의 기능) … 0조에 따른 어린이집의 평가에 관한 사항 3의2. 삭제<2015.9.15> 4. 그 밖에 보육 관련 업무의 위탁 등 보육에 관하여 위원장이 회의에 부치는 사항 ② 지방보육정책위원회는 다음 각 호의 사항을 심의한다. <개정 2010.7.9, 2011.12.8, 2012.2.3, 2012.6.29, 2013.12.4, 202
제26조(권한의 위임) … ① 교육부장관은 법 제51조에 따라 다음 각 호의 권한을 시ㆍ도지사에게 위임한다. <개정 2010.3.15, 2012.2.3, 2012.6.29, 2014.2.11, 2021.12.7, 2024.6.25> 1. 법 제23조제1항 및 제23조의2제1항에 따른 보수교육의 실시에 관한 권한 ",c,,영유아보육법 시행령 제21조 및 [별표 1] 비고 (위임 문언은 별표에만 있음),"시행령 제21조 본문은 '자격기준은 별표 1과 같다'로 별표를 준용할 뿐이고(법 제21조는 대통령령 위임), 장관 위임 문언은 별표 1에만 있음 → 코드북상 c. 외부 원문 확인: 별표 1 비고(보육 등 아동복지업무 경력의 범위) '법 제8조에 따른 한국보육진흥원에서 임원 및 교육부장관이 정하여 고시한 정규직 근로자로 근무한 경력' → 별표 포함 시 a 상당(이 고시가 바로 그 고시). D4 '조문 확인'(제21조)은 조문 번호는 정확하나 위임어 없음."
C12,2100000226306,연구윤리 확보를 위한 지침,훈령,20230717,대학·연구자(외부)의 연구윤리 준수·연구부정 검증 의무 기준(학술진흥법 제15조 지침 유형).,"제1조(목적) 이 지침은 「학술진흥법」 제15조에서 위임한 사항을 정함으로써, 연구자 및 대학등의 연구윤리를 확보하는 데 필요한 역할과 책임에 관하여 기본적인 원칙과 방향을 제시하고, 연구부정행위를 방지하기 위한 사항을 정함을 목적으로 한다. ","[학술진흥법 제15조] (확인) ① 올바른 연구윤리 확보를 위하여 연구자 및 대학등은 다음 각 호의 연구부정행위(이하 ""연구부정행위""라 한다)를 하여서는 아니 된다. <신설 2020.12.22> 1. 연구자료 또는 연구결과를 위조ㆍ변조ㆍ표절하거나 저자를 부당하게 표시하는 행위 2. 그 밖에 연구활동의 건전성을 저해하는 행위로서 대통령령으로 정하는 행위 ② 교육부장관은 학술진흥을 방해하는 연구자의 연구부정행위를 방지하고 건전한 학술연구의 분위기가 조성될 수 있도록 연구윤리 확보를 위한 지침(이하 ""연구윤리지침""이라 한다)을 마련하는 등 연구윤리 확보를 위한 시책을 세우고 추진하여야 한다. <개정 2013.3.23, 2020.12.22, 2021.3.23> ③ 교육부장관은 제2항의 연구윤리 확보를 위한 시책을 효율적으로 추진하기 위하여 대학등의 활동에 필요한 경비의 일부 또는 전부를 지원할 수 있다. <개정 2013.3.23, 2020.12.22> ④ 대학등은 연구윤리지침에 따라 연구부정행위의 방지 및 검증을 위한 자체 연구윤리규정을 마련하여 시행하는 등 필요한 조치를 하여야 한다. <개정 2013.3.23, 2020.12.22> ⑤ 제2항에 따른 연구윤리지침의 작성, 제3항에 따른 정부의 지원 및 제4항에 따른 대학등의 조치에 필요한 사항은 대통령령으로 정한다. <개정 2020.12.22> 제15조(연구윤리의 확보)",정한다,학술진흥법,15,학술진흥법,조문 확인,"① 올바른 연구윤리 확보를 위하여 연구자 및 대학등은 다음 각 호의 연구부정행위(이하 ""연구부정행위""라 한다)를 하여서는 아니 된다. <신설 2020.12.22> 1. 연구자료 또는 연구결과를 위조ㆍ변조ㆍ표절하거나 저자를 부당하게 표시하는 행위 2. 그 밖에 연구활동의 건전성을 저해하는 행위로서 대통령령으로 정하는 행위 ② 교육부장관은 학술진흥을 방해하는 연구자의 연구부정행위를 방지하고 건전한 학술연구의 분위기가 조성될 수 있도록 연구윤리 확보를 위한 지침(이하 ""연구윤리지침""이라 한다)을 마련하는 등 연구윤리 확보를 위한 시책을 세우고 추진하여야 한다. <개정 2013.3.23, 2020.12.22, 2021.3.23> ③ 교육부장관은 제2항의 연구윤리 확보를 위한 시책을 효율적으로 추진하기 위하여 대학등의 활동에 필요한 경비의 일부 또는 전부를 지원할 수 있다. <개정 2013.3.23, 2020.12.22> ④ 대학등은 연구윤리지침에 따라 연구부정행위의 방지 및 검증을 위한 자체 연구윤리규정을 마련하여 시행하는 등 필요한 조치를 하여야 한다. <개정 2013.3.23, 2020.12.22> ⑤ 제2항에 따른 연구윤리지침의 작성, 제3항에 따른 정부의 지원 및 제4항에 따른 대학등의 조치에 필요한 사항은 대통령령으로 정한다. <개정 2020.12.22> 제15조(연구윤리의 확보)",정한다,"《학술진흥법》
제15조(연구윤리의 확보) … 구윤리지침의 작성, 제3항에 따른 정부의 지원 및 제4항에 따른 대학등의 조치에 필요한 사항은 대통령령으로 정한다. <개정 2020.12.22> 제15조(연구윤리의 확보)
제5조(학술지원사업의 추진 등) … 1항에 따른 사업을 효과적으로 추진하기 위하여 다음 각 호의 기관 또는 단체에 그 사업의 전부 또는 일부를 위탁하고 그에 필요한 비용을 출연금(出捐金)으로 지급할 수 있다. <개정 2013.3.23> 1. 제2조제2호부터 제4호까지의 기관 또는 단체 2. 「대한민국학술원법」에 따라 설치된 대한민국학술원 3. 「한국고전번역
제6조(학술지원 대상자의 선정 등) … 제2항에 따른 사업비의 지원, 협약의 체결 및 제3항에 따른 결과의 보고ㆍ평가에 필요한 사항은 대통령령으로 정한다. 제6조(학술지원 대상자의 선정 등)
《학술진흥법 시행규칙》
제2조(사업비의 비용 항목별 계상기준) … 별표와 같다. ② 「학술진흥법」(이하 ""법""이라 한다) 제5조제2항에 따라 교육부장관으로부터 학술지원사업을 위탁받은 기관 또는 단체(이하 ""전문기관""이라 한다)가 위탁받은 사업 중 다음 각 호의 사업을 추진하는 경우에는 전문기관의 장이 사업비의 각 비용 항목별 계상기준을 따로 정할 수 있다. <개정 2020.10.13> 
제5조(평가단의 운영) …  ③ 평가단의 회의는 재적위원 과반수의 출석으로 개의(開議)하고, 출석위원 과반수의 찬성으로 평가 결과를 확정한다. ④ 평가단의 서무를 처리하기 위하여 평가단에 간사를 둘 수 있으며, 간사는 학술지원사업을 담당하는 교육부의 공무원이 된다. ⑤ 제1항부터 제4항까지에서 규정한 사항 외에 평가단의 운영에 필요한 사항은 교육부
《학술진흥법 시행령》
제16조(연구윤리 확보를 위한 지원) … 1. 연구윤리 강화를 위한 전담부서 운영에 필요한 경비 2. 연구윤리 교육과 연구윤리 문화 확산을 위한 사업에 필요한 경비 3. 그 밖에 연구부정행위 방지를 위한 각종 사업에 필요한 경비 제16조(연구윤리 확보를 위
제7조(협약) …  2013.3.23> ④ 교육부장관은 다음 각 호의 어느 하나에 해당하는 사유가 발생하였을 때에는 협약에서 정하는 바에 따라 협약의 내용을 변경할 수 있다. <개정 2013.3.23> 1. 교육부장관이 예산 사정 등에 따라 협약의 내용을 변경할 필요가 있다고 인정하는 경우 2. 대학등의 장 또는 연구자가 학술활동 계획 등
제5조(학술지원사업의 공고 및 신청) … ① 교육부장관은 법 제6조제1항에 따라 학술지원 대상자를 선정할 때에는 다음 각 호의 사항이 포함된 학술지원사업별 세부 계획을 30일 이상 공고하여야 한다. 다만, 국가안보 및 사회ㆍ경제에 파장을 일으킬 것으로 우려",a,,학술진흥법 제15조제2항 (제4항·제5항 참조),"법 제15조② '교육부장관은 … 연구윤리 확보를 위한 지침(연구윤리지침)을 마련하는 등 … 시책을 세우고 추진하여야 한다'로 법률이 이 훈령(연구윤리지침)을 명칭으로 특정해 장관에게 맡기고, ④ 대학등은 '연구윤리지침에 따라' 자체 연구윤리규정을 마련할 의무 → 지침 명시형 직접 수권으로 a. 경계 사례: 문언이 '정한다/고시한다'가 아닌 '마련'이라 코드북 b-authorise(기준 마련·통보 권한)로 볼 여지 있고, 법제처 17-0146(2017.5.24)도 '제15조의 위임에 따른 지침'이라면서 자체윤리지침에 대한 '가이드라인 성격'이라 함. ⑤ '지침의 작성 …에 필요한 사항은 대통령령'이나 현행 시행령(제15조 연구부정행위 범위, 제16조 지원, 제17조 자체규정)에 장관 '고시' 위임은 없음. D4 위임어 '정한다'는 ⑤의 대통령령 위임 문언."
C13,2100000209470,영양교사 교직수당 가산금 지급 규정,훈령,20220301,신분관계 — 영양교사 교직수당 가산금 지급.,제1조(목적) 이 훈령은 「공무원 수당 등에 관한 규정」 제14조 [별표 11] 제2호 다목 8의 규정에 의하여 영양교사 교직수당 가산금 지급대상의 구체적 범위를 정함을 목적으로 한다. ,"[공무원 수당 등에 관한 규정 제14조] (코퍼스 밖(타부처·비법령·명칭 불일치)) 

[(별표 인용 있음 — 원문은 별표를 봐야 함)] (별표) ",,초ㆍ중등교육법,32,초ㆍ중등교육법,조문 확인,"① 학교에 두는 학교운영위원회는 다음 각 호의 사항을 심의한다. 다만, 사립학교에 두는 학교운영위원회의 경우 제7호 및 제8호의 사항은 제외하고, 제1호의 사항에 대하여는 자문한다. <개정 2021.9.24> 1. 학교헌장과 학칙의 제정 또는 개정 2. 학교의 예산안과 결산 3. 학교교육과정의 운영방법 4. 교과용 도서와 교육 자료의 선정 5. 교복ㆍ체육복ㆍ졸업앨범 등 학부모 경비 부담 사항 6. 정규학습시간 종료 후 또는 방학기간 중의 교육활동 및 수련활동 7. 「교육공무원법」 제29조의3제8항에 따른 공모 교장의 공모 방법, 임용, 평가 등 8. 「교육공무원법」 제31조제2항에 따른 초빙교사의 추천 9. 학교운영지원비의 조성ㆍ운용 및 사용 10. 학교급식 11. 대학입학 특별전형 중 학교장 추천 12. 학교운동부의 구성ㆍ운영 13. 학교운영에 대한 제안 및 건의 사항 14. 그 밖에 대통령령이나 시ㆍ도의 조례로 정하는 사항 ② 삭제 <2021.9.24> ③ 학교운영위원회는 제33조에 따른 학교발전기금의 조성ㆍ운용 및 사용에 관한 사항을 심의ㆍ의결한다. 제32조(기능)",,"《초ㆍ중등교육법》
제21조(교원의 자격) … ① 교장과 교감은 별표 1의 자격 기준에 해당하는 사람으로서 대통령령으로 정하는 바에 따라 교육부장관이 검정(檢定)ㆍ수여하는 자격증을 받은 사람이어야 한다. <개정 2013.3.23> ② 교사는 정교사(1급ㆍ2급), 준교사, 전문상담교사(1급ㆍ2급), 사서교사(1급ㆍ2급), 실기교사, 보
제8조(학교 규칙) … 는 그 학교를 설립하려는 자를 말한다)은 법령의 범위에서 학교 규칙(이하 ""학칙""이라 한다)을 제정 또는 개정할 수 있다. ② 학칙의 기재 사항과 제정ㆍ개정 절차 등에 관하여 필요한 사항은 대통령령으로 정한다. 제8조(학교 규칙)
제9조(학생ㆍ기관ㆍ학교 평가) …  ④ 제2항 및 제3항에 따른 평가의 대상ㆍ기준ㆍ절차 및 평가 결과의 공개 등에 필요한 사항은 대통령령으로 정한다. ⑤ 평가 대상 기관의 장은 특별한 사유가 있는 경우가 아니면 제1항부터 제3항까지의 규정에 따른 평가를 받아야 한다. ⑥ 교육부장관은 교육감이 그 관할 구역에서 제3항에 따른 평가를 실시하려는 경우 필요한 ",c,,공무원 수당 등에 관한 규정 제14조 [별표 11] 제2호다목8) (인사혁신처 소관·코퍼스 밖·별표에만 근거),근거가 인사혁신처 소관 대통령령의 별표에만 있음 → c. 외부 원문 확인: 별표 11 제2호다목8)(영양교사 교직수당 가산금) '다) 지급방법: 지급대상의 구체적인 범위는 교육부장관이 정한다' → 별표 포함 시 a 상당. D4가 주장한 초·중등교육법 제32조(학교운영위원회의 기능)는 제1조 인용과 전혀 무관한 오탐(후보 검색 결과를 주장 조문으로 채택한 것으로 보임).
C14,2100000269490,외국의 대학에서 박사학위를 받은 자의 신고에 관한 규칙,훈령,20251224,외국 박사학위 취득자(사인)의 신고 절차·서식 — 외부 개인의 법령상 신고의무 이행 방식 규율.,제1조(목적) 이 규칙은 「고등교육법」 제27조 및 고등교육법 시행령 제17조에 따라 외국박사학위의 신고와 외국학교의 학위과정에 대한 정보시스템 구축에 관한 사항을 규정함을 목적으로 한다. ,"[고등교육법 제27조] (확인) ① 외국에서 박사학위를 받은 사람은 대통령령으로 정하는 바에 따라 교육부장관에게 신고하여야 한다. <개정 2013.3.23> ② 교육부장관은 외국학교의 박사학위과정 설치현황과 학위과정에 대한 해당 국가의 인증 여부 등 외국학교의 학위과정에 대한 정보시스템을 구축하여야 한다. <개정 2013.3.23> 제27조(외국박사학위의 신고 등)

[고등교육법 시행령 제17조] (확인) 1. 대한민국 국민으로서 귀국 이전에 박사학위를 받은 경우: 귀국한 날부터 6개월 이내 2. 대한민국 국민으로서 귀국 후에 박사학위를 받은 경우: 해당 학위를 받은 날부터 6개월 이내 3. 외국인으로서 외국에서 박사학위를 받은 이후 대한민국 국적을 취득한 경우: 대한민국 국적을 취득한 날부터 6개월 이내 제17조(외국박사학위의 신고) 외국에서 박사학위를 받은 사람은 법 제27조제1항에 따라 외국박사학위를 신고하려는 경우 다음 각 호의 구분에 따른 기간 이내에 해당 학위논문 및 학위증명서를 첨부하여 교육부장관에게 신고해야 한다.",정하는 바에 따라,고등교육법,27,고등교육법,조문 확인,① 외국에서 박사학위를 받은 사람은 대통령령으로 정하는 바에 따라 교육부장관에게 신고하여야 한다. <개정 2013.3.23> ② 교육부장관은 외국학교의 박사학위과정 설치현황과 학위과정에 대한 해당 국가의 인증 여부 등 외국학교의 학위과정에 대한 정보시스템을 구축하여야 한다. <개정 2013.3.23> 제27조(외국박사학위의 신고 등),정하는 바에 따라,"《고등교육법》
제27조(외국박사학위의 신고 등) … ① 외국에서 박사학위를 받은 사람은 대통령령으로 정하는 바에 따라 교육부장관에게 신고하여야 한다. <개정 2013.3.23> ② 교육부장관은 외국학교의 박사학위과정 설치현황과 학위과정에 대한 해당 국가의 인증 여부 등 외국학교의 학위과정에 대한 정보시스템을 구축하
제34조(학생의 선발방법 등) … 다. <개정 2019.4.23> ② 입학전형의 방법과 학생선발일정 및 그 운영에 필요한 사항은 대통령령으로 정한다. <개정 2019.4.23> ③ 교육부장관은 입학전형 자료로 활용하기 위하여 대통령령으로 정하는 시험을 시행할 수 있다. <개정 2013.3.23> ④ 교육부장관은 제3항에 따른 시험에서 「장애인복지법」 제2
제11조(등록금 및 등록금심의위원회) …  제2조에 따른 신용카드, 직불카드, 선불카드에 의한 결제로 납부 받을 수 있다. 이 경우 학생은 학칙으로 정하는 바에 따라 해당 학기에 납부하여야 할 등록금을 2회 이상으로 분할하여 납부할 수 있다. <개정 2016.12.20, 2019.12.3> ② 제1항에도 불구하고 학교(제30조에 따른 대학원대학은 제외한다)의 설
《고등교육법 시행령》
제51조(박사학위논문의 공표) … 제51조(박사학위논문의 공표) 박사학위를 받은 자는 그 받은 날부터 1년이내에 교육부장관이 정하는 바에 따라 박사학위논문을 공표하여야 한다. 다만, 교육부장관이 그 공표가 적당하지 아니하다고 인정하는 때에는 그러하지 아니하다. <개정 2001.1.29, 2008.2.29, 2013.3.23>
제52조(학위 수여의 취소) …  교육대학, 원격대학 및 대학원대학을 포함하되, 원격대학의 경우에는 석사학위 이상의 학위를 수여한 경우로 한정한다. 이하 이 항에서 같다)의 장은 법에 따라 수여한 학위(제13조제2항 단서에 따라 공동명의로 수여한 학위를 포함한다. 이하 이 항에서 같다)를 받은 사람이 해당 학위를 부정한 방법으로 받은 경우 다음 각 호의
제73조(고유식별정보의 처리) … ① 교육부장관(제4조의10에 따라 교육부장관의 업무를 위탁받은 자를 포함한다), 대학의 장 및 학교협의체는 다음 각 호의 사무를 수행하기 위하여 불가피한 경우 「개인정보 보호법 시행령」 제19조제1호에 따른 주민등록번호 또는 같은 조 제4호에 따른 외국인등록번호가 포함",b,b-decree,고등교육법 제27조제1항(대통령령 위임); 고등교육법 시행령 제17조,법 제27조① '외국에서 박사학위를 받은 사람은 대통령령으로 정하는 바에 따라 교육부장관에게 신고하여야 한다'(대통령령 위임). 위임받은 시행령 제17조는 신고기간(귀국·학위취득·국적취득 후 6개월)과 첨부서류(학위논문·학위증명서)를 직접 규정하고 장관·부령 재위임 없음 → 위임이 대통령령에서 종결. 법 제27조②(정보시스템 구축)는 장관의 직무 규정. 시행령 제51조 '교육부장관이 정하는 바에 따라 박사학위논문을 공표'는 논문 공표에 관한 것으로 이 규칙(신고 절차·서식)의 규율 사항 아님. D4 위임어 '정하는 바에 따라'는 대통령령 위임 문언.
C15,2100000280968,입학정원 모집유보제 운영 기준 고시,고시,20260623,대학 입학정원 모집유보제 운영 기준 — 대학(사립 포함)의 모집 권리·의무 규율.,제1조(목적) 이 고시는 대학(산업대학ㆍ교육대학ㆍ전문대학ㆍ기술대학ㆍ원격대학ㆍ각종학교 및 대학원ㆍ대학원대학을 포함한다.)이 「고등교육법 시행령」 제29조제1항 및 제30조제6항에 따른 전체 입학정원의 일부에 대한 모집을 유보하는 기준 및 범위 등을 정함을 목적으로 한다. ,"[고등교육법 시행령 제29조제1항] (확인) ① 대학(산업대학ㆍ교육대학ㆍ전문대학ㆍ기술대학ㆍ원격대학 및 각종학교를 포함하되, 대학원 및 대학원대학을 제외한다)의 장은 제28조제1항에도 불구하고 교육환경 변화에 대응하기 위한 학과등 간의 정원 조정이 필요한 경우 등 교육부장관이 정하는 사유가 있는 경우에는 교육부장관이 정하는 기준에 따라 입학정원을 조정한 모집인원의 범위에서 입학(편입학을 포함한다. 이하 이 조에서 같다)을 허가해야 한다. <개정 2022.2.28, 2024.2.20> ②다음 각 호의 사람의 입학의 경우에는 제28조제1항에도 불구하고 그 정원이 따로 있는 것으로 본다. 이 경우 제2호ㆍ제3호ㆍ제8호ㆍ제9호ㆍ제11호ㆍ제12호ㆍ제13호 또는 제14호에 해당하는 사람의 총학생수는 별표 1의 기준을 따른다. <개정 2000.11.28, 2001.1.29, 2001.12.31, 2002.5.27, 2005.3.25, 2006.1.13, 2007.1.24, 2007.4.12, 2007.11.15, 2008.2.14, 2008.2.29, 2008.6.5, 2008.9.18, 2009.10.7, 2010.6.29, 2010.9.1, 2011.10.17, 2013.3.23, 2014.2.11, 2014.4.29, 2015.11.30, 2016.8.29, 2016.10.25, 2017.1.17, 2018.10.16, 2022.2.28, 2023.4.18, 2024.2.20> 1. 제53조의2에 따른 산업체 위탁학생 그 밖에 교육부령이 정하는 위탁학생 2. 재외국민 및 외국인(제6호와 제7호에 따른 재외국민 및 외국인을 제외한다) 3. 학사학위를 취득한 사람 또는 이와 같은 수준 이상의 학력이 있다고 인정되는 사람으로서 3학년에 편입학하는 사람. 다만, 대학의 의과대학으로 편입학하는 사람 및 전문대학의 학과등 중 수업연한이 3년 이하인 학과등으로 편입학하는 사람은 제외한다. 4. 각종 장애 또는 지체로 인하여 특별한 교육적 요구가 있는 자로서 대학의 장이 정하는 자 5. 삭제<2008.2.14> 6. 북한이탈주민 및 부모가 모두 외국인인 외국인 7. 외국에서 우리나라 초ㆍ중등교육에 상응하는 교육과정을 전부 이수한 다음 각 목의 사람 가. 재외국민 나. 외국인 다. 「국적법」 제6조제2항에 따라 귀화허가를 받은 사람 8. 대학ㆍ산업대학ㆍ교육대학ㆍ전문대학ㆍ기술대학 및 원격대학의 졸업자 또는 이와 같은 수준이상의 학력이 있다고 인정되는 자(전문대학에 입학하는 경우에 

[고등교육법 시행령 제30조제6항] (확인) ①법 제32조에 따른 대학원 학위과정의 입학정원은 대학원별로 학칙으로 정하되, 「대학설립ㆍ운영 규정」에 따른 교사, 교지, 교원 및 수익용 기본재산에 따라 정해지는 학생수의 범위에서 정하여야 한다. <개정 2000.11.28, 2001.1.29, 2007.11.15, 2008.6.5, 2009.1.16> ② 제1항에도 불구하고 사이버대학 대학원의 입학정원은 「사이버대학 설립ㆍ운영 규정」에 따른 교사, 교원, 원격교육설비 및 수익용 기본재산에 따라 정해지는 학생수의 범위에서 학칙으로 정하여야 한다. <신설 2008.6.5, 2015.11.18> ③ 제1항에도 불구하고 의학ㆍ치의학ㆍ한의학전문대학원의 입학정원은 교육부장관이 의료인력 수요 등을 고려하여 관계 중앙행정기관의 장과 협의하여 정한 기준에 따라 학칙으로 정하여야 한다. <신설 2013.2.15, 2013.3.23, 2015.11.18> ④ 제1항에도 불구하고 다음 각 호의 어느 하나에 해당하는 입학정원은 교육부장관이 정하는 바에 따라 학칙으로 정하여야 한다. <신설 2018.5.28> 1. 「수도권정비계획법」 제18조제3항에 따라 총량규제가 적용되는 대학원대학의 입학정원 2. 국립대학 대학원의 입학정원 3. 공립대학 대학원의 입학정원 ⑤ 교육부장관은 제4항제1호 및 제2호에 관한 사항을 정하려는 경우 관계 중앙행정기관의 장과 협의하여야 하고, 같은 항 제3호에 관한 사항을 정하려는 경우 관계 지방자치단체의 장의 의견을 들어야 한다. <신설 2018.5.28> ⑥ 제1항 및 제2항에도 불구하고 대학원을 둔 학교의 장은 교육환경 변화에 대응하기 위한 학과등 간의 정원 조정이 필요한 경우 등 교육부장관이 정하는 사유가 있는 경우에는 교육부장관이 정하는 기준에 따라 입학정원을 조정한 모집인원의 범위에서 입학(편입학을 포함한다. 이하 이 조에서 같다)을 허가해야 한다. <신설 2022.2.28, 2024.2.20> ⑦대학원을 둔 학교의 장은 해당 학년도 입학정원(제6항에 따라 입학정원을 조정한 경우에는 그 조정된 모집인원을 말한다)에서 재학생 수를 뺀 범위에서 편입학 또는 재입학을 허가할 수 있다. <개정 2008.6.5, 2013.2.15, 2018.5.28, 2022.2.28> ⑧ 다음 각 호의 어느 하나에 해당하는 학생의 정원은 제1항부터 제4항까지의 규정에 따른 정원 외에 따로 있는 것으로 본다. 이 경우 제3호에 해당하는 입학생의 수는 제3항에 따른 해당 의","교육부장관이 정하,위탁,정하는 바에 따라,정한다",고등교육법 시행령,29,고등교육법 시행령,조문 확인,"① 대학(산업대학ㆍ교육대학ㆍ전문대학ㆍ기술대학ㆍ원격대학 및 각종학교를 포함하되, 대학원 및 대학원대학을 제외한다)의 장은 제28조제1항에도 불구하고 교육환경 변화에 대응하기 위한 학과등 간의 정원 조정이 필요한 경우 등 교육부장관이 정하는 사유가 있는 경우에는 교육부장관이 정하는 기준에 따라 입학정원을 조정한 모집인원의 범위에서 입학(편입학을 포함한다. 이하 이 조에서 같다)을 허가해야 한다. <개정 2022.2.28, 2024.2.20> ②다음 각 호의 사람의 입학의 경우에는 제28조제1항에도 불구하고 그 정원이 따로 있는 것으로 본다. 이 경우 제2호ㆍ제3호ㆍ제8호ㆍ제9호ㆍ제11호ㆍ제12호ㆍ제13호 또는 제14호에 해당하는 사람의 총학생수는 별표 1의 기준을 따른다. <개정 2000.11.28, 2001.1.29, 2001.12.31, 2002.5.27, 2005.3.25, 2006.1.13, 2007.1.24, 2007.4.12, 2007.11.15, 2008.2.14, 2008.2.29, 2008.6.5, 2008.9.18, 2009.10.7, 2010.6.29, 2010.9.1, 2011.10.17, 2013.3.23, 2014.2.11, 2014.4.29, 2015.11.30, 2016.8.29, 2016.10.25, 2017.1.17, 2018.10.16, 2022.2.28, 2023.4.18, 2024.2.20> 1. 제53조의2에 따른 산업체 위탁학생 그 밖에 교육부령이 정하는 위탁학생 2. 재외국민 및 외국인(제6호와 제7호에 따른 재외국민 및 외국인을 제외한다) 3. 학사학위를 취득한 사람 또는 이와 같은 수준 이상의 학력이 있다고 인정되는 사람으로서 3학년에 편입학하는 사람. 다만, 대학의 의과대학으로 편입학하는 사람 및 전문대학의 학과등 중 수업연한이 3년 이하인 학과등으로 편입학하는 사람은 제외한다. 4. 각종 장애 또는 지체로 인하여 특별한 교육적 요구가 있는 자로서 대학의 장이 정하는 자 5. 삭제<2008.2.14> 6. 북한이탈주민 및 부모가 모두 외국인인 외국인 7. 외국에서 우리나라 초ㆍ중등교육에 상응하는 교육과정을 전부 이수한 다음 각 목의 사람 가. 재외국민 나. 외국인 다. 「국적법」 제6조제2항에 따라 귀화허가를 받은 사람 8. 대학ㆍ산업대학ㆍ교육대학ㆍ전문대학ㆍ기술대학 및 원격대학의 졸업자 또는 이와 같은 수준이상의 학력이 있다고 인정되는 자(전문대학에 입학하는 경우에 한정한다) 9. 전문학사학위를 취득한 전문대학과 교육과정을 연계하여 운영하는 대학(「수도권정비계획법」 제2조제1호에 따른 수도권에 소재하는 대학은 제외한다), 산업대학 또는 원격대학의 3학년에 편입학하는 사람 10. 삭제<2008.2.14> 11. 의료인력(간호사ㆍ임상병리사ㆍ방사선사ㆍ물리치료사ㆍ작업치료사ㆍ치과기공사 및 치과위생사를 말한다)의 양성을 위한 관련 학과등의 전문학사학위를 소지한 사람 및 유치원교사의 양성을 위한 관련 학과등의 전문학사학위를 소지한 사람 12. 전문대학(「수도권정비계획법」 제2조제1호에 따른 수도권에 소재하는 전문대학은 제외한다)에 입학하는 25세 이상인 자 또는 산업체 근무 경력이 2년 이상 있는 자 12의2. 대학ㆍ산업대학ㆍ기술대학(「수도권정비계획법」에 따른 수도권에 소재하는 대학ㆍ산업대학ㆍ기술대학은 제외한다)에 입학하는 30세 이상인 사람 13. 법 제50조의2 및 제54조의2에 따라 학사학위가 수여되는 전공심화과정에 입학하는 자 14. 고등교육을 받을 기회를 균등하게 제공하기 위하여 소득ㆍ지역 등의 차이를 고려하여 선발할 필요가 있는 사람으로서 다음 각 목의 사람 가. 학교의 장이 정하는 농어촌지역 또는 「도서ㆍ벽지 교육진흥법」 제2조에 따른 도서ㆍ벽지의 학생 나. 「초ㆍ중등교육법 시행령」 제91조제1항에 따른 특성화고등학교 중 자연현장실습 등 체험위주의 교육을 전문으로 실시하는 고등학교를 제외한 학교(「초ㆍ중등교육법 시행령」 제76조의3제1호에 따른 일반고등학교에 설치된 학과 중 특성화고등학교에서 제공하는 것과 같은 교육과정으로 운영되는 학과를 포함한다. 이하 ""특성화고등학교등""이라 한다)의 졸업자(법 제2조제1호ㆍ제2호ㆍ제4호 및 제6호에 따른 학교에 입학하는 경우로서 해당 학교의 장이 졸업자가 이수한 학과와 동일 계열이라고 인정하는 모집단위만 해당한다) 다. 다음의 요건을 모두 갖춘 사람으로서 산업체에 재직 중인 사람(법 제2조제1호ㆍ제2호ㆍ제4호 및 제6호에 따른 학교에 입학하는 경우로 한정한다) 1) 다음의 어느 하나에 해당하는 사람일 것 가) 「초ㆍ중등교육법 시행령」 제76조의3제1호에 따른 일반고등학교에 재학하는 동안 시ㆍ도 교육감이 「직업교육훈련 촉진법」에 따른 직업교육훈련기관 중 직업교육훈련위탁기관으로 선정한 기관에서 1년 이상의 직업교육훈련과정을 이수하고 해당 일반고등학교를 졸업한 사람 나) 「초ㆍ중등교육법 시행령」 제90조제1항제10호에 따른 산업수요 맞춤형 고등학교를 졸업한 사람 다) 특성화고등학교등을 졸업한 사람 라) 「평생교육법」 제31조제2항에 따른 학력인정 평생교육시설 중 특성화고등학교등에서 제공하는 것과 같은 교육과정을 운영하는 평생교육시설에서 해당 교육과정을 이수한 사람 2) 다음의 어느 하나에 해당하는 산업체 근무 경력 기간의 합이 3년 이상일 것 가) 1)의 가)부터 라)까지의 규정에 따라 학교를 졸업하거나 평생교육시설의 교육과정을 이수하기 전의 기간으로서 해당 학교나 평생교육시설에 재학하지 않은 기간 중에 산업체에서 근무한 기간 나) 1)의 가)부터 라)까지의 규정에 따라 학교를 졸업하거나 평생교육시설의 교육과정을 이수하기 직전 학기의 재학 중에 산업체에서 근무한 기간 다) 1)의 가)부터 라)까지의 규정에 따라 학교를 졸업하거나 평생교육시설의 교육과정을 이수한 후 산업체에서 근무한 기간 라. 다음의 어느 하나에 해당하는 사람 1) 「국민기초생활 보장법」 제2조제1호에 따른 수급권자 2) 「국민기초생활 보장법」 제2조제10호에 따른 차상위계층 3) 「한부모가족지원법」 제5조 및 제5조의2에 따른 지원대상자 15. 소속 학교에 다음 각 목의 어느 하나의 사유가 발생하여 다른 학교의 동일한 모집단위 또는 유사한 모집단위로 편입학하는 사람 가. 법 제4조제3항에 따른 학교의 폐지 나. 법 제62조제1항에 따른 학교의 폐쇄 다. 「사립학교법」 제34조제1항제4호에 따른 학교법인의 파산 16. 법 제60조제2항에 따른 학과의 폐지에 따라 제28조제3항제2호 각 목에 해당하는 인력의 양성과 관련되는 모집단위가 폐지되어 다른 학교의 동일한 모집단위로 편입학하는 자 ③대학의 장은 제28조제1항에도 불구하고 학칙이 정하는 바에 따라 학생이 다른 모집단위로 옮기는 것을 허가할 수 있다. 다만, 제28조제3항제1호에 해당하는 모집단위로 옮기는 경우에는 그 입학정원의 100분의 20을 초과할 수 없으며, 제28조제3항제2호에 해당하는 모집단위로 옮기는 경우에는 그 입학정원의 범위를 초과할 수 없다. <개정 1999.3.26, 2008.9.18, 2017.1.17, 2024.2.20> ④ 대학의 장은 제1항 및 제3항에 따라 대학의 약학대학(한약학 관련 학과등을 제외한다)에 편입학하거나 모집단위를 옮기는 것을 허가하려는 경우에는 다른 학과등에서 2년 이상 수료한 사람 또는 이와 동등 이상의 학력이 있다고 인정되는 사람을 대상으로 하되, 학칙으로 정하는 바에 따라야 한다. <개정 2024.2.20> ⑤산업대학ㆍ전문대학, 원격대학 및 각종학교의 장은 제28조제1항에도 불구하고 학칙이 정하는 바에 따라 학생이 같은 학년의 다른 모집단위로 옮기는 것을 허가할 수 있다. <개정 2006.1.13, 2008.6.5> ⑥ 제2항제14호다목에 따라 입학한 학생에 대해서는 학칙에서 정하는 바에 따라 교육과정을 별도로 운영할 수 있다. <신설 2011.10.17> ⑦ 제28조제1항에도 불구하고 모집단위의 폐지로 폐지된 모집단위의 재적생이 다른 모집단위로 학적을 바꾸는 경우에는 그 모집단위에 계속 재적하는 동안에 그 정원이 따로 있는 것으로 본다. <신설 2022.2.28> 제29조(입학ㆍ편입학 등)","교육부장관이 정하,위탁,정하는 바에 따라,정한다","《고등교육법 시행령》
제28조(학생의 정원) … .5> ② 삭제 <2009.1.16> ③제1항의 규정에 의하여 학칙으로 모집단위별 입학정원을 정함에 있어서 교육부장관이 정하는 다음 각호의 사항에 관하여는 이에 따라야 한다. <개정 2001.1.29, 2005.3.25, 2006.1.13, 2008.2.29, 2010.9.1, 2013.3.23> 1. 교원의 양성과 관련
제29조(입학ㆍ편입학 등) … 의 장은 제28조제1항에도 불구하고 교육환경 변화에 대응하기 위한 학과등 간의 정원 조정이 필요한 경우 등 교육부장관이 정하는 사유가 있는 경우에는 교육부장관이 정하는 기준에 따라 입학정원을 조정한 모집인원의 범위에서 입학(편입학을 포함한다. 이하 이 조에서 같다)을 허가해야 한다. <개정 2022.2.28, 2024.2
제30조(대학원의 학생정원 등) … 13.3.23, 2015.11.18> ④ 제1항에도 불구하고 다음 각 호의 어느 하나에 해당하는 입학정원은 교육부장관이 정하는 바에 따라 학칙으로 정하여야 한다. <신설 2018.5.28> 1. 「수도권정비계획법」 제18조제3항에 따라 총량규제가 적용되는 대학원대학의 입학정원 2. 국립대학 대학원의 입학정원 3. 공립대학",a,,고등교육법 시행령 제29조제1항; 같은 영 제30조제6항,"시행령 제29조① '교육부장관이 정하는 사유가 있는 경우에는 교육부장관이 정하는 기준에 따라 입학정원을 조정한 모집인원의 범위에서 입학을 허가해야 한다', 제30조⑥ 대학원에 대해 동일 문언 → 모집유보 사유·기준을 장관에게 명시 위임. D4 판정(제29조, 조문 확인) 정확."
C16,2100000179932,전문대학 3년제 학과 설치 기준에 관한 고시,고시,20190701,전문대학 3년제 학과 설치 기준 — 대학(사립 포함)의 학과 설치 자격·기준.,"제1조(목적) 본 고시는 「고등교육법」 제48조 및 동법 시행령 제57조제2항의 규정에 의거 교육부장관이 정하는 전문대학(이하 ""대학""이라 한다) 3년제 학과 설치(3년제 학과 정원을 증원하는 경우도 포함한다)기준에 관한 사항을 규정함을 목적으로 한다. ","[고등교육법 제48조] (확인) ① 전문대학의 수업연한은 다음 각 호와 같다. <개정 2021.3.23> 1. 전문학사학위과정: 2년 이상 3년 이하로 하되, 수업연한을 3년으로 하는 경우는 대통령령으로 정한다. 2. 전문기술석사학위과정: 2년 이상 ② 학칙으로 정하는 학점 이상을 취득한 사람에 대하여는 제1항에도 불구하고 대통령령으로 정하는 바에 따라 수업연한을 단축할 수 있다. 제48조(수업연한)

[동법 시행령 제57조제2항] (코퍼스 밖(타부처·비법령·명칭 불일치)) ","정하는 바에 따라,정한다",고등교육법,48,고등교육법,조문 확인,"① 전문대학의 수업연한은 다음 각 호와 같다. <개정 2021.3.23> 1. 전문학사학위과정: 2년 이상 3년 이하로 하되, 수업연한을 3년으로 하는 경우는 대통령령으로 정한다. 2. 전문기술석사학위과정: 2년 이상 ② 학칙으로 정하는 학점 이상을 취득한 사람에 대하여는 제1항에도 불구하고 대통령령으로 정하는 바에 따라 수업연한을 단축할 수 있다. 제48조(수업연한)","정하는 바에 따라,정한다","《고등교육법》
제49조(전공심화과정) … 제49조(전공심화과정) 전문대학을 졸업한 사람의 계속교육을 위하여 대통령령으로 정하는 바에 따라 전문대학에 전공심화과정을 설치ㆍ운영할 수 있다.
제10조(학교협의체) … 구성하는 협의체(協議體)를 운영할 수 있다. ② 제1항에 따른 협의체의 조직과 운영에 관하여는 따로 법률로 정한다. 제10조(학교협의체)
제11조(등록금 및 등록금심의위원회) …  제2조에 따른 신용카드, 직불카드, 선불카드에 의한 결제로 납부 받을 수 있다. 이 경우 학생은 학칙으로 정하는 바에 따라 해당 학기에 납부하여야 할 등록금을 2회 이상으로 분할하여 납부할 수 있다. <개정 2016.12.20, 2019.12.3> ② 제1항에도 불구하고 학교(제30조에 따른 대학원대학은 제외한다)의 설
《고등교육법 시행령》
제29조(입학ㆍ편입학 등) … 의 장은 제28조제1항에도 불구하고 교육환경 변화에 대응하기 위한 학과등 간의 정원 조정이 필요한 경우 등 교육부장관이 정하는 사유가 있는 경우에는 교육부장관이 정하는 기준에 따라 입학정원을 조정한 모집인원의 범위에서 입학(편입학을 포함한다. 이하 이 조에서 같다)을 허가해야 한다. <개정 2022.2.28, 2024.2
제30조(대학원의 학생정원 등) … 13.3.23, 2015.11.18> ④ 제1항에도 불구하고 다음 각 호의 어느 하나에 해당하는 입학정원은 교육부장관이 정하는 바에 따라 학칙으로 정하여야 한다. <신설 2018.5.28> 1. 「수도권정비계획법」 제18조제3항에 따라 총량규제가 적용되는 대학원대학의 입학정원 2. 국립대학 대학원의 입학정원 3. 공립대학
제74조(규제의 재검토) … 비율: 2022년 3월 1일 4. 삭제<2025.3.12> 5. 제53조의2제1항에 따른 전문대학의 산업체 위탁교육 실시와 같은 조 제2항에 따른 전문대학의 위탁교육 실시계획 및 그 결과의 보고: 2016년 1월 1일 6. 제58조의2에 따른 전문대학학위심화과정의 설치인가: 2017년 1월 1일 6의2. 제58조의3에 따",a,,고등교육법 시행령 제57조제2항; 고등교육법 제48조제1항제1호(대통령령 위임),"법 제48조①1호는 '수업연한을 3년으로 하는 경우는 대통령령으로 정한다'(대통령령 위임)이나, 규칙이 함께 인용한 시행령 제57조②('동법 시행령' 표기 탓에 파서가 코퍼스 밖으로 처리)가 '전문대학의 장은 교육부장관이 정하는 바에 따라 제1항에 따른 과 외의 과의 수업연한을 3년으로 할 수 있다'(외부 원문 확인, ①은 간호과·방사선과 등 열거) → a. 고등교육법 시행령은 코퍼스 내 법령(후보조문에 등장)이므로 명칭 불일치는 파서 문제이지 c 사유 아님. D4 위임어는 법 제48조의 대통령령 위임 문언을 오인."
C17,2100000051910,특별교부금 국가시책사업 성과평가 운영규정,훈령,20160531,시도교육청(별도 법주체) 대상 특별교부금 국가시책사업 성과평가 — 자료제출·평가·교부 반영으로 기관의 재정상 이익에 관계(기관 간 재정관계 성격 병존).,제1조(목적) 이 훈령은 「지방교육재정교부금법」시행령 제3조의2제1항에 따라 특별교부금 교부 대상 국가시책사업의 성과평가에 필요한 사항을 규정함을 목적으로 한다. ,[지방교육재정교부금법 시행령 제3조의2제1항] (확인) ① 교육부장관은 법 제5조의2제1항제1호에 따른 교육관련 국가시책사업의 운영 등에 관한 평가를 실시하여야 한다. ② 교육부장관은 제1항에 따른 평가 결과 사업의 효과가 미미하거나 효율성이 낮다고 판단되는 경우에는 해당 사업을 축소ㆍ폐지하거나 그 사업의 개선방안을 마련하여야 한다. 제3조의2(특별교부금 교부 대상 국가시책사업의 평가 등),,지방교육재정교부금법,,지방교육재정교부금법,조문 번호 없이 법령만 주장,,,"《지방교육재정교부금법》
제3조(교부금의 종류와 재원) … 17.12.30, 2019.12.31> ④ 국가는 지방교육재정상 부득이한 수요가 있는 경우에는 국가예산으로 정하는 바에 따라 제1항 및 제2항에 따른 교부금 외에 따로 증액교부할 수 있다. <신설 2019.12.3> 제3조(교부금의 종류와 재원)
제12조(교부금의 보고) … 1. 보통교부금의 배분기준ㆍ배분내용ㆍ배분금액, 그 밖에 보통교부금의 운영에 필요한 주요사항 2. 특별교부금의 전년도 배분기준ㆍ배분내용ㆍ집행실적 등 특별교부금의 운영에 따른 결과 제12조(교부금의 보고) 교육부장관은 
제4조(교부율의 보정) … )하여야 한다. ② 제1항에 따라 교부율을 보정하여야 하는 경우 그 교부방법 등에 관한 사항은 대통령령으로 정한다. 제4조(교부율의 보정)
《지방교육재정교부금법 시행규칙》
제5조(특별교부금의 교부절차 및 교부시기) … 한다. 다만, 제1호의 시책사업수요에 대한 특별교부금의 교부시기는 사업의 원활한 추진을 위하여 그 시기를 조정할 수 있다. <개정 2006.11.24, 2008.3.4, 2013.3.23, 2014.7.31> 1. 시책사업수요 : 매년 1월 31일 2. 지역교육현안수요 : 당해 지역 교육현안 수요가 발생한 때 3. 재해대
제9조(지방교육재정교부금위원회의 설치ㆍ운영) … 부터 제8항까지에서 규정한 사항 외에 위원회의 구성 및 운영에 필요한 사항은 위원회의 의결을 거쳐 위원장이 정한다. 제9조(지방교육재정교부금위원회의 설치ㆍ운영)
제6조(특별교부금의 집행) … 제6조(특별교부금의 집행) 특별교부금은 교부 목적에 따라 시ㆍ도의 당해 연도 예산에 계상하여 집행하여야 한다. 다만, 그 용도가 지정되고 소요 전액이 교부된 경비와 재해구호 및 복구와 관련하여 교부된 경비는 「지방재
《지방교육재정교부금법 시행령》
제3조(우수한 지방자치단체에 대한 재정지원) …  시ㆍ도를 법 제5조의2제1항제1호에 따른 지방교육행정 및 지방교육재정의 운용실적이 우수한 지방자치단체로 선정할 수 있다. 1. 「초ㆍ중등교육법」 제9조제2항에 따른 교육청 평가에서 우수한 성과를 거둔 시ㆍ도 2. 「지방재정법」 제55조제1항에 따른 지방교육재정 관련 재정보고서의 내용 분석에서 우수한 성과를 거둔 시ㆍ도 
제7조(행정구역 변경등에 따른 조치) … 5조의 규정에 의하여 다시 산정하고, 특별교부금은 사업별로 법 제5조의2제1항 각호의 규정에 의하여 다시 산정한다. 3. 제2호의 규정에 불구하고 시ㆍ도의 관할구역의 변경이 일부에 국한되거나 경미한 경우에는 당해 연도에 조정하지 아니하고 다음 연도 교부금을 산정할 때에 해당액을 가감 조정할 수 있다. 제7조(행정구역 변경
제1조(목적) … 제1조(목적) 이 영은 「지방교육재정교부금법」에서 위임된 사항과 그 시행에 관하여 필요한 사항을 규정함을 목적으로 한다. <개정 2008.2.22>",b,b-authorise,지방교육재정교부금법 시행령 제3조의2제1항,"시행령 제3조의2① '교육부장관은 법 제5조의2제1항제1호에 따른 교육관련 국가시책사업의 운영 등에 관한 평가를 실시하여야 한다', ② 결과에 따른 축소·폐지·개선 → 장관에게 평가 '실시' 권한·의무만 부여하고 평가 기준·방법을 장관이 '정한다'는 위임 문언 없음 → 권한 부여형(b-authorise). 이 훈령(성과평가 운영규정)은 그 권한 행사를 위한 내부 운영기준 성격. D4는 '「지방교육재정교부금법」시행령'(띄어쓰기) 표기 탓에 법률만 인식해 조문 없이 법령명만 주장."
C18,2100000206858,평생교육이용권 운영 규정,고시,20211209,평생교육이용권(수익적 급부)의 발급·사용 요건·기준.,"제1조(목적) 이 고시는 「평생교육법」(이하 ""법""이라 한다),「평생교육법 시행령」(이하 ""영""이라 한다), 「평생교육법 시행규칙」(이하 ""규칙""이라 한다)에서 교육부장관이 발급하는 평생교육이용권에 관하여 위임한 사항과 그 시행에 필요한 사항을 정함을 목적으로 한다. ",(제1조에서 「」 인용 없음),,평생교육법,16,평생교육법,조문 확인,"① 국가 및 지방자치단체는 이 법과 다른 법령으로 정하는 바에 따라 다음 각 호의 어느 하나에 해당하는 평생교육진흥사업을 실시 또는 지원할 수 있다. <개정 2021.6.8, 2023.4.18> 1. 평생교육기관의 설치ㆍ운영 2. 제24조에 따른 평생교육사의 양성 및 배치 3. 평생교육프로그램의 개발(온라인 기반의 평생교육프로그램의 개발을 포함한다) 4. 「초ㆍ중등교육법」 및 「고등교육법」에 따른 각급학교의 장의 평생교육과정의 운영 5. 제16조의2에 따른 평생교육이용권의 발급 등 국민의 평생교육의 참여에 따른 비용의 지원 6. 그 밖에 국민의 평생교육 참여를 촉진하기 위하여 수행하는 사업 등 ② 지방자치단체의 장은 해당 지방자치단체의 조례로 정하는 바에 따라 주민을 위한 평생교육진흥사업을 실시하거나 지원할 수 있다. 이 경우 교육감 또는 지역교육장과 협의하여야 한다. 제16조(경비보조 및 지원)",정하는 바에 따라,"《평생교육법》
제16조(경비보조 및 지원) … ① 국가 및 지방자치단체는 이 법과 다른 법령으로 정하는 바에 따라 다음 각 호의 어느 하나에 해당하는 평생교육진흥사업을 실시 또는 지원할 수 있다. <개정 2021.6.8, 2023.4.18> 1. 평생교육기관의 설치ㆍ운영 2. 제24조에 따른 평생교육사의 양성 
제23조(학습계좌) …  2009.5.8, 2013.3.23> ② 교육부장관은 제1항의 학습계좌에서 관리할 학습과정을 대통령령으로 정하는 바에 따라 평가인정할 수 있다. <신설 2009.5.8, 2013.3.23> ③ 교육부장관은 제2항에 따라 평가인정을 받은 학습과정의 이수결과를 학점이나 학력 또는 자격으로 인정할 수 있다. 이 경우 그 인정
제44조(권한의 위임 및 위탁) … ① 교육부장관은 이 법에 따른 권한의 일부를 대통령령으로 정하는 바에 따라 교육감에게 위임할 수 있다. <개정 2008.2.29, 2013.3.23, 2013.5.22> ② 교육부장관은 다음 각 호에 따른 업무의 전부 또는 일부를 대통령령으로 정하는 바에 따라 진흥원에 위",a,,평생교육법 시행령 제7조의4제2항제5호; 평생교육법 제16조의2,"제1조가 조문 없이 법·시행령·시행규칙을 포괄 인용(파서 인용 없음)하므로 같은 법령의 위임 조문을 확인: 시행령 제7조의4(2021.12.9 제7조의2에서 이동)②5호 '가구 소득이나 재산 등 경제적 수준이 교육부장관이 정하여 고시하는 기준에 해당하는 사람'(우선 발급 대상) → 장관 고시 위임 → a. 단 같은 조 ⑤는 2021.12.9 개정으로 '교육부장관이 정하여 고시한다'에서 '교육부령으로 정한다'로 바뀌어 신청·발급·사용관리 세부는 부령 위임(시행규칙 제2조의2 발급 신청 등; 그 재위임 문언은 미확인). D4는 가지번호 '의2'를 놓쳐 법 제16조(경비보조 및 지원)를 잡았고, 위임어 '정하는 바에 따라'는 '이 법과 다른 법령으로 정하는 바'라는 문언으로 장관 위임 아님."
C19,2100000261398,학교 안전사고관리 지침,고시,20250704,학교(사립 포함)의 안전사고 예방·관리 의무 기준(학교안전법 관계).,제1조(목적) 이 지침은 「학교안전사고 예방 및 보상에 관한 법률」 10조제3항에 따라 학교 안팎의 교육활동 중에 발생한 사고와 위급상황에 효율적으로 대처하기 위하여 필요한 사항에 대해 규정함을 목적으로 한다. ,"[학교안전사고 예방 및 보상에 관한 법률 제10조제3항] (확인) ① 삭제 <2019.12.3> ② 삭제 <2019.12.3> ③ 교육부장관은 학교 안팎의 교육활동 중에 발생한 사고와 위급상황에 효율적으로 대처하게 하기 위하여 교육활동에 따른 안전사고관리 지침을 제정하여 시ㆍ도교육청 및 학교에 보급하여야 한다. <신설 2015.1.20> ④ 학교장 및 인솔교사는 교육활동 중 발생한 사고 및 위급상황에 대하여 안전사고관리 지침에 따라 즉시 안전조치를 취한 후 교육부장관 또는 교육감에게 즉시 보고하여야 하고, 교육부장관 또는 교육감은 지원 대책을 신속하게 수립ㆍ시행하여야 한다. <신설 2015.1.20> ⑤ 학교장, 교직원 및 제10조의4에 따른 보조인력은 제3항에 따른 안전사고관리 지침에 따라 학생에 대하여 안전조치의무를 다한 경우에는 학교안전사고에 대하여 민사상ㆍ형사상 책임을 지지 아니한다. <신설 2024.12.20, 2025.12.2> 제10조(안전조치 및 안전사고관리 지침 등)",,학교안전사고 예방 및 보상에 관한 법률,,학교안전사고 예방 및 보상에 관한 법률,조문 번호 없이 법령만 주장,,,"《학교안전사고 예방 및 보상에 관한 법률》
제10조(안전조치 및 안전사고관리 지침 등) … ① 삭제 <2019.12.3> ② 삭제 <2019.12.3> ③ 교육부장관은 학교 안팎의 교육활동 중에 발생한 사고와 위급상황에 효율적으로 대처하게 하기 위하여 교육활동에 따른 안전사고관리 지침을 제정하여 시ㆍ도교육
제4조(학교안전사고 예방계획의 수립ㆍ시행) … 행하여야 한다. ⑦ 교육감은 매년 해당 연도의 학교계획 및 지난해의 학교계획에 따른 추진실적을 대통령령으로 정하는 바에 따라 평가하여 교육부장관에게 제출하여야 한다. ⑧ 그 밖에 계획 수립ㆍ시행 및 평가 등에 필요한 사항은 대통령령으로 정한다. 제4조(학교안전사고 예방계획의 수립ㆍ시행)
제8조(학교안전교육의 실시) … ①학교장은 학교안전사고를 예방하기 위하여 교육부령으로 정하는 바에 따라 학생ㆍ교직원 및 교육활동참여자에게 학교안전사고 예방 등에 관한 다음 각 호의 교육(이하 ""안전교육""이라 한다)을 실시하고 그 결과를 학기별로 교육감에게 보고하여야 한다. <개정 2008.2.29, 
《학교안전사고 예방 및 보상에 관한 법률 시행규칙》
제1조(목적) … 제1조(목적) 이 규칙은 「학교안전사고 예방 및 보상에 관한 법률」 및 같은 법 시행령에서 위임된 사항과 그 시행에 필요한 사항을 규정함을 목적으로 한다.
제2조(학교안전교육의 실시) …  교육을 하여야 한다. 이 경우 교육횟수ㆍ교육시간ㆍ강사 및 교육실적에 대한 보고방법 등은 교육부장관이 따로 정하여 고시한다. <개정 2012.3.30, 2014.1.3, 2015.7.21> 1. 일상생활에서 발생할 수 있는 안전사고 예방을 위한 생활안전교육 2. 교통수단 등으로 발생할 수 있는 안전사고 예방을 위한 교통안
제7조(비용의 보전) … ①법 제48조제2항에 따라 보전하는 비용(이하 ""보전비용""이라 한다)은 다음 각 호와 같다. 1. 손해의 방지와 경감을 위하여 지출한 손해방지ㆍ경감비용 및 긴급조치 비용의 전부 또는 일부 2. 남으로부터 손해배상을 
《학교안전사고 예방 및 보상에 관한 법률 시행령》
제1조(목적) … 제1조(목적) 이 영은 「학교안전사고 예방 및 보상에 관한 법률」에서 위임된 사항과 그 시행에 필요한 사항을 규정함을 목적으로 한다.
제11조(임원추천심사위원회의 구성 등) … ⑦이 영에 규정한 것 외에 추천위원회의 운영에 필요한 사항은 추천위원회의 의결을 거쳐 추천위원회의 위원장이 정한다. 제11조(임원추천심사위원회의 구성 등)
제26조(학교안전공제보상심사위원회의 운영) … 과반수의 찬성으로 의결한다. ④심사위원회의 세부적인 운영에 필요한 사항은 심사위원회의 의결을 거쳐 위원장이 정한다. 제26조(학교안전공제보상심사위원회의 운영)",a,,학교안전사고 예방 및 보상에 관한 법률 제10조제3항 (제4항·제5항 참조),"법 제10조③ '교육부장관은 … 교육활동에 따른 안전사고관리 지침을 제정하여 시·도교육청 및 학교에 보급하여야 한다'로 법률이 이 고시(지침) 자체의 제정을 장관에게 명시 위임; ④ 학교장·인솔교사는 지침에 따라 안전조치, ⑤ 지침에 따라 안전조치의무를 다한 경우 민·형사 책임 면제(2024.12.20 신설·2025.12.2 개정) → 대외적 효력이 법률에 직접 규정된 지침 명시형. '정한다' 형식은 아니어서 코드북 b-authorise(제정·보급 권한)로 읽을 여지는 있으나, 규칙 명칭 특정·제정 명령·면책 효과를 보아 a. 시행령·시행규칙에는 지침 관련 위임 조문 없음(시행규칙 제2조의 '교육부장관이 따로 정하여 고시'는 안전교육에 관한 것). D4는 조문번호 미추출(규칙 원문이 '10조제3항'으로 '제'를 누락)."
C20,2100000261478,학교석면안전관리인 교육 위탁기관 및 위탁업무,고시,20250714,학교석면안전관리인 교육 위탁기관 지정 + 수탁기관 준수사항 — 외부 기관의 지정·의무.,"1. 학교석면안전관리인 교육 위탁기관 2. 위탁업무 및 준수사항○ 위탁업무 - 「유아교육법」제7조에 따른 유치원 및 「초ㆍ중등교육법」제2조에 따른 학교의 석면안전관리인 교육○ 준수사항 등 - 학교석면안전관리인 법정 교육시간 준수 ※ 최초 지정신고 또는 변경신고 : 8시간 이상, 보수교육 : 4시간 이상 - 교육생에 대한 출결관리를 철저히 하고, 교육실시 후 7일 이내 교육부장관에게 교육결과 보고 - 기타 교육부장관이 요청하는 운영요령 등 준수","[유아교육법 제7조] (확인) 1. 국립유치원 : 국가가 설립ㆍ경영하는 유치원 2. 공립유치원 : 지방자치단체가 설립ㆍ경영하는 유치원(설립주체에 따라 시립유치원과 도립유치원으로 구분할 수 있다) 3. 사립유치원 : 법인 또는 사인(私人)이 설립ㆍ경영하는 유치원 제7조(유치원의 구분) 유치원은 다음 각호와 같이 구분한다. <개정 2010.3.24>

[초ㆍ중등교육법 제2조] (확인) 1. 초등학교 2. 중학교ㆍ고등공민학교 3. 고등학교ㆍ고등기술학교 4. 특수학교 5. 각종학교 제2조(학교의 종류) 초ㆍ중등교육을 실시하기 위하여 다음 각 호의 학교를 둔다. <개정 2019.12.3>",,유아교육법,7,유아교육법,조문 확인,1. 국립유치원 : 국가가 설립ㆍ경영하는 유치원 2. 공립유치원 : 지방자치단체가 설립ㆍ경영하는 유치원(설립주체에 따라 시립유치원과 도립유치원으로 구분할 수 있다) 3. 사립유치원 : 법인 또는 사인(私人)이 설립ㆍ경영하는 유치원 제7조(유치원의 구분) 유치원은 다음 각호와 같이 구분한다. <개정 2010.3.24>,,"《유아교육법》
제4조(유아교육ㆍ보육위원회) … 계 및 여성계를 대표하는 사람 각 2명 ③제1항에 따른 위원회의 구성 및 운영에 필요한 사항은 대통령령으로 정한다. <개정 2010.3.24> 제4조(유아교육ㆍ보육위원회)
제5조(유아교육위원회) … 2011.7.25> ③중앙유아교육위원회와 시ㆍ도 유아교육위원회의 조직ㆍ운영 등에 필요한 사항은 대통령령으로 정한다. <개정 2010.3.24> 제5조(유아교육위원회)
제6조(유아교육진흥원) …  연수 및 평가, 유아 체험교육 등을 담당하는 유아교육진흥원을 설치하거나 해당 업무를 교육관련연구기관 등에 위탁할 수 있다. <개정 2010.3.24, 2012.3.21> ②제1항에 따른 유아교육진흥원의 설치ㆍ운영 및 위탁 등에 필요한 사항은 대통령령으로 정한다. <개정 2010.3.24> 제6조(유아교육진흥원)
《유아교육법 시행규칙》
제5조(유아교육비 지원의 특례) …  기준을 갖추고 유아교육을 실시하려는 경우에는 법 제5조에 따른 시ㆍ도 유아교육위원회의 심의를 거쳐 유아교육위탁기관으로 지정할 수 있다. ② 교육부장관 및 교육감은 제1항에 따른 유아교육위탁기관에 다니는 유아에 대하여 법 제24조제2항에 따른 유아교육비를 지원한다. <개정 2013.2.23, 2013.3.23> ③ 유아교
제1조(목적) … 제1조(목적) 이 규칙은 「유아교육법」 및 같은 법 시행령에서 위임된 사항과 그 시행에 필요한 사항을 규정함을 목적으로 한다.
제4조(유아교육비 지원방법) … 5.8.4, 2020.2.27> 1. 주민등록증 2. 운전면허증 3. 장애인등록증 4. 여권 5. 그 밖에 교육부장관이 정하는 신분증 ② 제1항에 따라 유아교육비 지원 신청서와 첨부 서류(이하 ""신청서등""이라 한다)를 받은 특별자치시장ㆍ특별자치도지사ㆍ시장ㆍ군수ㆍ구청장이 해당 유아의 주소지를 관할하는 특별자치시장ㆍ특별자치도
《유아교육법 시행령》
제1조(목적) … 제1조(목적) 이 영은 「유아교육법」에서 위임된 사항과 그 시행에 필요한 사항을 규정함을 목적으로 한다.
제3조(유아교육ㆍ보육위원회의 운영) … 규정한 사항 외에 유아교육ㆍ보육위원회의 운영에 필요한 사항은 유아교육ㆍ보육위원회의 의결을 거쳐 그 위원장이 정한다. 제3조(유아교육ㆍ보육위원회의 운영)
제6조(유아교육위원회의 운영) … 이 영에서 규정한 사항 외에 유아교육위원회의 운영에 필요한 사항은 유아교육위원회의 의결을 거쳐 그 위원장이 정한다. 제6조(유아교육위원회의 운영)
《초ㆍ중등교육법》
제9조(학생ㆍ기관ㆍ학교 평가) …  ④ 제2항 및 제3항에 따른 평가의 대상ㆍ기준ㆍ절차 및 평가 결과의 공개 등에 필요한 사항은 대통령령으로 정한다. ⑤ 평가 대상 기관의 장은 특별한 사유가 있는 경우가 아니면 제1항부터 제3항까지의 규정에 따른 평가를 받아야 한다. ⑥ 교육부장관은 교육감이 그 관할 구역에서 제3항에 따른 평가를 실시하려는 경우 필요한 
제10조(수업료 등) … 하고, 공립ㆍ사립 학교의 경우에는 특별시ㆍ광역시ㆍ특별자치시ㆍ도ㆍ특별자치도(이하 ""시ㆍ도""라 한다)의 조례로 정한다. 이 경우 국민의 교육을 받을 권리를 본질적으로 침해하는 내용을 정하여서는 아니 된다. <개정 2013.3.23> 제10조(수업료 등)
제11조(학교시설 등의 이용) … 장의 결정에 따라 국립학교의 시설 등을 이용할 수 있고, 공립ㆍ사립 학교의 시설 등은 시ㆍ도의 교육규칙으로 정하는 바에 따라 이용할 수 있다.
《초ㆍ중등교육법 시행규칙》
제1조(목적) … 제1조(목적) 이 규칙은 「초ㆍ중등교육법」 및 같은 법 시행령에서 위임된 사항과 그 시행에 필요한 사항을 규정함을 목적으로 한다.
제12조(보수교육 담당기관) … 제12조(보수교육 담당기관) 보수교육은 교육감이 시행하되, 교육기관ㆍ교원연수기관 또는 교육연구기관에 위임하거나 위탁하여 실시한다.
제16조(보수교육 성적의 산출 및 수료 등) … ① 보수교육 성적은 보수교육 담당기관의 장이 정하는 바에 따라 산출하며, 만점의 60퍼센트 이상을 득점한 사람을 보수교육의 수료자로 한다. ② 보수교육 담당기관의 장은 보수교육이 끝난 후 15일 이내에 보수교육 수료자의 명단을 보수교육을 위임하거나 위탁한 교육
《초ㆍ중등교육법 시행령》
제1조(목적) … 제1조(목적) 이 영은 「초ㆍ중등교육법」에서 위임된 사항과 그 시행에 관하여 필요한 사항을 규정함을 목적으로 한다. <개정 2005.9.29>
제2조(학교의 설립기준) …  학교를 설립하고자 하는 자가 갖추어야 하는 시설ㆍ설비 등 학교의 설립기준에 관한 사항은 따로 대통령령으로 정한다. <개정 2005.9.29>
제3조(사립학교의 설립인가 신청) …  제3조(사립학교의 설립인가 신청) 법 제4조제2항에 따라 사립학교의 설립인가를 받으려는 자는 교육부령으로 정하는 바에 따라 학교의 설립목적ㆍ명칭ㆍ위치 및 개교예정일 등을 기재한 학교설립 인가신청서에 다음 각 호의 서류(전자문서를 포함한다)를 첨부하여 특별시ㆍ광역시ㆍ특별자치시ㆍ도ㆍ특별자치도교육감(이하 ""교육감""이라 한다)",b,b-cite,유아교육법 제7조; 초·중등교육법 제2조 (교육 대상 학교 범위의 정의 인용),"고시 본문에 목적 조문이 없고, 인용된 유아교육법 제7조(유치원의 구분)·초·중등교육법 제2조(학교의 종류)는 위탁업무(학교 석면안전관리인 교육)의 대상 학교 범위를 지정하는 정의 인용에 불과하며 위임 문언 없음 → b-cite. 실질 근거는 「석면안전관리법」상 석면건축물안전관리인 교육(학교의 경우 교육부장관 실시)과 그 위탁·고시 규정(같은 법 시행규칙 제33조 등, 환경부 소관·코퍼스 밖)으로 보이나 고시가 명시하지 않음. D4는 정의 인용(유아교육법 제7조)을 근거 조문으로 오인('조문 확인'이나 위임어 없음)."
