행정규칙일련번호,행정규칙명,종류,주장법령들,판정들,타부처위임확인
2100000268308,2025년 하반기 교육비특별회계로 설립한 출자·출연 기관 고시,고시,훈령ㆍ예규 등의 발령 및 관리에 관한 규정,훈령ㆍ예규 등의 발령 및 관리에 관한 규정=법령검색실패,
2100000269822,2026년 교육급여의 선정기준 및 최저보장수준,고시,국민기초생활 보장법,국민기초생활 보장법=위임없음,
2100000273408,2026년도 누리과정 부담비용 고시,고시,훈령ㆍ예규 등의 발령 및 관리에 관한 규정,훈령ㆍ예규 등의 발령 및 관리에 관한 규정=법령검색실패,
2100000002291,교육규제 관련 공문서 시행 및 관리에 관한 훈령,훈령,공공기관의 정보공개에 관한 법률,공공기관의 정보공개에 관한 법률=위임없음,
2100000276664,교육부 2030청년자문단 운영에 관한 규정,훈령,청년기본법 시행령,청년기본법 시행령=위임없음,
2100000183636,교육부 갈등관리 운영규정,훈령,공공기관의 갈등 예방과 해결에 관한 규정; 공공기관의 갈등 예방과 해결에 관한 시행규칙,공공기관의 갈등 예방과 해결에 관한 규정=위임없음; 공공기관의 갈등 예방과 해결에 관한 시행규칙=위임없음,
2000000024212,교육부 감사활동수칙,훈령,민법,민법=위임없음,
2100000283462,교육부 개방형 직위 지정 및 공모 직위 선발심사위원회 구성 및 운영에 관한 규정,예규,개방형 직위 및 공모 직위의 운영 등에 관한 규정; 국가공무원법; 책임운영기관의 설치ㆍ운영에 관한 법률,개방형 직위 및 공모 직위의 운영 등에 관한 규정=타부처위임확인; 국가공무원법=위임없음; 책임운영기관의 설치ㆍ운영에 관한 법률=위임없음,Y
2100000195701,교육부 공공데이터 품질관리 규정,훈령,공공데이터의 제공 및 이용활성화에 관한 법률; 공공데이터의 제공 및 이용 활성화에 관한 법률; 국가정보화 기본법,공공데이터의 제공 및 이용활성화에 관한 법률=위임없음; 공공데이터의 제공 및 이용 활성화에 관한 법률=위임없음; 국가정보화 기본법=위임없음,
2100000020841,교육부 공무원 등의 직무관련 범죄고발지침,훈령,형사소송법,형사소송법=위임없음,
2100000197814,(교육부) 국가연구개발성과 범부처 이어달리기 프로젝트 공통운영 지침,고시,과학기술기본법; 국가연구개발혁신법; 동법 시행령,과학기술기본법=위임없음; 국가연구개발혁신법=위임없음; 동법 시행령=위임없음,
2100000227602,교육부 국민 및 공무원 제안 운영규정,훈령,국민 제안 규정; 공무원 제안 규정; 교육부 정책실명제 운영규정,국민 제안 규정=위임없음; 공무원 제안 규정=위임없음; 교육부 정책실명제 운영규정=법령검색실패,
2100000244826,교육부 국제개발협력 평가지침,예규,국제개발협력기본법,국제개발협력기본법=위임없음,
2100000219852,교육부 규제심의 및 적극행정위원회 운영 규정,훈령,행정규제기본법; 적극행정 운영규정; 양성평등기본법; 청년기본법,행정규제기본법=위임없음; 적극행정 운영규정=위임없음; 양성평등기본법=위임없음; 청년기본법=위임없음,
2100000193561,교육부 기록관 운영규정,훈령,공공기록물 관리에 관한 법률; 행정 효율과 협업 촉진에 관한 규정,공공기록물 관리에 관한 법률=위임없음; 행정 효율과 협업 촉진에 관한 규정=위임없음,
2100000001469,교육부 기술(제안서) 평가업무 처리규정,훈령,국가를 당사자로 하는 계약에 관한 법률 시행령,국가를 당사자로 하는 계약에 관한 법률 시행령=위임없음,
2100000190022,교육부 민원사무 처리규정,훈령,민원 처리에 관한 법률,민원 처리에 관한 법률=위임없음,
2100000183593,교육부 법제업무 운영에 관한 훈령,훈령,법제업무 운영규정; 국회법,법제업무 운영규정=위임없음; 국회법=위임없음,
2100000060853,교육부 부정청탁 및 금품등 수수의 신고사무 처리지침,훈령,부정청탁 및 금품등 수수의 금지에 관한 법률; 부정청탁 및 금품등 수수의 금지에 관한 법률 시행령,부정청탁 및 금품등 수수의 금지에 관한 법률=위임없음; 부정청탁 및 금품등 수수의 금지에 관한 법률 시행령=위임없음,
2100000261436,교육부 사이버안전센터 운영규정,훈령,정보통신기반 보호법; 국가사이버안전관리규정; 전기통신기본법,정보통신기반 보호법=위임없음; 국가사이버안전관리규정=법령검색실패; 전기통신기본법=위임없음,
2100000251460,교육부 소관 기타공공기관 경영실적평가에 관한 규정,훈령,공공기관의 운영에 관한 법률,공공기관의 운영에 관한 법률=위임없음,
2100000280890,교육부 소관 행정권한의 위임 및 위탁에 관한 고시,고시,행정권한의 위임 및 위탁에 관한 규정,행정권한의 위임 및 위탁에 관한 규정=타부처위임확인,Y
2100000057890,교육부 소관 회계직공무원 관직지정에 관한 규정,훈령,국가회계법; 국고금관리법; 국가채권관리법; 국유재산법; 물품관리법; 국가를 당사자로 하는 계약에 관한 법률; 국고금관리법 시행령; 정부보관금 취급규칙; 정부유가증권 취급규정; 물품관리법시행령; 교육부 위임전결 규정,국가회계법=위임없음; 국고금관리법=위임없음; 국가채권관리법=위임없음; 국유재산법=위임없음; 물품관리법=위임없음; 국가를 당사자로 하는 계약에 관한 법률=위임없음; 국고금관리법 시행령=위임없음; 정부보관금 취급규칙=위임없음; 정부유가증권 취급규정=위임없음; 물품관리법시행령=위임없음; 교육부 위임전결 규정=법령검색실패,
2100000241120,교육부 시민감사관 설치 및 운영에 관한 규정,훈령,"교육부 시민감사관 설치 및 운영        ┃
┃에 관한 규정","교육부 시민감사관 설치 및 운영        ┃
┃에 관한 규정=법령검색실패",
2100000275354,교육부 시설사업 및 안전 심의위원회 운영규정,훈령,사회기반시설에 대한 민간투자법; 교육부 총사업비 관리규정,사회기반시설에 대한 민간투자법=위임없음; 교육부 총사업비 관리규정=법령검색실패,
2100000273324,교육부예산집행심의회운영규정,훈령,국가재정법시행령,국가재정법시행령=위임없음,
2100000005870,교육부와 그 소속기관의 회계관계공무원 재정보증 규정,훈령,국고금 관리법; 회계관계 직원 등의 책임에 관한 법률,국고금 관리법=위임없음; 회계관계 직원 등의 책임에 관한 법률=위임없음,
2100000277000,교육부 위임전결규정,훈령,"연구직 및 지도직   │
│                │등에 관한 규정; 행정권한의 위임 및 위탁에 관한 규정; 행정업무의 운영 및 혁신에 관한 규정","연구직 및 지도직   │
│                │등에 관한 규정=법령검색실패; 행정권한의 위임 및 위탁에 관한 규정=위임없음; 행정업무의 운영 및 혁신에 관한 규정=타부처위임확인",Y
2100000230726,교육부 자체평가위원회 운영규정,훈령,정부업무평가 기본법,정부업무평가 기본법=위임없음,
2100000270554,교육부 전문용어 표준화협의회 운영 규정,훈령,"국어기본법 시행령; 교육부 전문용어 ┃
┃표준화협의회 운영 규정","국어기본법 시행령=타부처위임확인; 교육부 전문용어 ┃
┃표준화협의회 운영 규정=법령검색실패",Y
2100000247320,교육부 정보공개 운영규정,훈령,공무원 징계령; 형사소송법; 통계법,공무원 징계령=위임없음; 형사소송법=위임없음; 통계법=위임없음,
2100000227604,교육부 정책실명제 운영규정,훈령,행정업무의 운영 및 혁신에 관한 규정; 교육부 국민 및 공무원 제안 운영규정; 행정기관 소속 위원회의 설치ㆍ운영에 관한 법률; 공공기관의 정보공개에 관한 법률,행정업무의 운영 및 혁신에 관한 규정=위임없음; 교육부 국민 및 공무원 제안 운영규정=법령검색실패; 행정기관 소속 위원회의 설치ㆍ운영에 관한 법률=위임없음; 공공기관의 정보공개에 관한 법률=위임없음,
2100000222714,교육부 정책자문위원회 규정,훈령,정책자문위원회 규정,정책자문위원회 규정=타부처위임확인,Y
2100000279774,교육부 총사업비 관리규정,훈령,교육부 시설사업 및 안전 심의위원회 운영규정; 건축법; 공공기관의 운영에 관한 법률,교육부 시설사업 및 안전 심의위원회 운영규정=법령검색실패; 건축법=위임없음; 공공기관의 운영에 관한 법률=위임없음,
2100000236252,교육부 행정전자서명 인증업무지침,고시,전자정부법,전자정부법=위임없음,
2100000208251,교육시설의 안전·유지관리기준,고시,건축법; 공간정보의 구축 및 관리 등에 관한 법률; 건축물의 피난ㆍ방화구조 등의 기준에 관한 규칙,건축법=위임없음; 공간정보의 구축 및 관리 등에 관한 법률=위임없음; 건축물의 피난ㆍ방화구조 등의 기준에 관한 규칙=위임없음,
2100000123551,교육정보통계관리규정,훈령,통계법; 공공기관의 운영에 관한 법률,통계법=위임없음; 공공기관의 운영에 관한 법률=위임없음,
2200000108569,교육행정체제통합지원단 설치 및 운영에 관한 규정,국무총리훈령,지방자치법,지방자치법=위임없음,
2100000231472,국가연구개발사업 보안대책,고시,"산업기술의 │
│유출방지 및 보호에 관한 법률; 대외무역법; 산업기술의 유출방지 및 보호에 관한 법률","산업기술의 │
│유출방지 및 보호에 관한 법률=법령검색실패; 대외무역법=위임없음; 산업기술의 유출방지 및 보호에 관한 법률=위임없음",
2100000273514,국가장학사업 운영규정,훈령,근로자직업능력 개발법,근로자직업능력 개발법=위임없음,
2100000275664,국립대학 통합 기록관리시스템(cRMS) 등 구축 및 운영 규정,훈령,공공기록물 관리에 관한 법률,공공기록물 관리에 관한 법률=위임없음,
2100000212329,기간제교원의 봉급 지급에 관한 예규,예규,공무원보수규정; 공무원연금법; 군인연금법; 국가공무원법; 지방공무원법; 훈령ㆍ예규 등의 발령 및 관리에 관한 규정,공무원보수규정=위임없음; 공무원연금법=위임없음; 군인연금법=위임없음; 국가공무원법=위임없음; 지방공무원법=위임없음; 훈령ㆍ예규 등의 발령 및 관리에 관한 규정=법령검색실패,
2100000106955,농어촌학교 순회교원수당 및 복식수업수당 지급에 관한 훈령,훈령,농어업인 삶의 질 향상 및 농어촌지역 개발촉진에 관한 특별법; 공무원수당 등에 관한 규정; 공무원보수규정; 훈령·예규 등의 발령 및 관리에 관한 규정,농어업인 삶의 질 향상 및 농어촌지역 개발촉진에 관한 특별법=위임없음; 공무원수당 등에 관한 규정=위임없음; 공무원보수규정=위임없음; 훈령·예규 등의 발령 및 관리에 관한 규정=법령검색실패,
2100000178851,독학에 의한 학위취득 종합시험 합격결정 방식에 관한 규정,고시,훈령·예규 등의 발령 및 관리에 관한 규정,훈령·예규 등의 발령 및 관리에 관한 규정=법령검색실패,
2100000188414,보조금의 교부 및 관리사무의 위임에 관한 고시,고시,훈령·예규 등의 발령 및 관리에 관한 규정,훈령·예규 등의 발령 및 관리에 관한 규정=법령검색실패,
2100000002186,사내기술대학(원)의인정및사후관리등에관한기준,고시,훈령·예규 등의 발령 및 관리에 관한 규정,훈령·예규 등의 발령 및 관리에 관한 규정=법령검색실패,
2100000246548,사립유치원 교직원의 봉급·수당에 관한 지침,예규,교육기관정보공개법; 교육기관정보공개법 시행령,교육기관정보공개법=위임없음; 교육기관정보공개법 시행령=위임없음,
2100000025884,세월호참사 관련 피해자 등의 교육비 지원 및 단원고등학교 교직원 휴직 등에 관한 세부지침,고시,4·16세월호참사 피해구제 및 지원 등을 위한 특별법; 4·16세월호참사 피해구제 및 지원 등을 위한 특별법 시행령,4·16세월호참사 피해구제 및 지원 등을 위한 특별법=위임없음; 4·16세월호참사 피해구제 및 지원 등을 위한 특별법 시행령=타부처위임확인,Y
2100000091472,수석교사 연구활동비 지급에 관한 규정,훈령,공무원 수당 등에 관한 규정,공무원 수당 등에 관한 규정=위임없음,
2100000247944,어린이집의 원장과 보육교사의 자격기준 중 한국보육진흥원 직원의 경력인정 기준에 관한 고시,고시,훈령ㆍ예규 등의 발령 및 관리에 관한 규정,훈령ㆍ예규 등의 발령 및 관리에 관한 규정=법령검색실패,
2100000226306,연구윤리 확보를 위한 지침,훈령,기초연구진흥 및 기술개발지원에 관한 법률,기초연구진흥 및 기술개발지원에 관한 법률=위임없음,
2100000209470,영양교사 교직수당 가산금 지급 규정,훈령,공무원 수당 등에 관한 규정; 어린이 식생활안전관리 특별법; 식생활교육 지원법,공무원 수당 등에 관한 규정=위임없음; 어린이 식생활안전관리 특별법=위임없음; 식생활교육 지원법=위임없음,
2200000108503,영유아교육ㆍ보육통합 추진위원회의 설치 및 운영에 관한 규정,국무총리훈령,지방자치법,지방자치법=위임없음,
2100000269490,외국의 대학에서 박사학위를 받은 자의 신고에 관한 규칙,훈령,훈령ㆍ예규 등의 발령 및 관리에 관한 규정,훈령ㆍ예규 등의 발령 및 관리에 관한 규정=법령검색실패,
2100000280968,입학정원 모집유보제 운영 기준 고시,고시,의료법,의료법=위임없음,
2100000179932,전문대학 3년제 학과 설치 기준에 관한 고시,고시,수도권정비계획법; 훈령ㆍ예규 등의 발령 및 관리에 관한 규정,수도권정비계획법=위임없음; 훈령ㆍ예규 등의 발령 및 관리에 관한 규정=법령검색실패,
2100000091689,지방교육행정기관 예산낭비신고센터의 설치·운영에 관한 규정,훈령,지방재정법 시행령; 지방재정법,지방재정법 시행령=위임없음; 지방재정법=위임없음,
2100000242076,지방교육행정기관 총사업비 500억원 이상 신규사업에 대한 타당성 조사 전문기관,고시,지방재정법; 지방자치법,지방재정법=타부처위임확인; 지방자치법=위임없음,Y
2100000083469,직업교육훈련계약의 체결 및 운영에 관한 규정,고시,조세특례제한법; 조세특례제한법 시행령,조세특례제한법=위임없음; 조세특례제한법 시행령=위임없음,
2100000188170,학교시설 내진설계 기준 고시,고시,훈령·예규 등의 발령 및 관리에 관한 규정,훈령·예규 등의 발령 및 관리에 관한 규정=법령검색실패,
2100000261398,학교 안전사고관리 지침,고시,훈령ㆍ예규 등의 발령 및 관리에 관한 규정,훈령ㆍ예규 등의 발령 및 관리에 관한 규정=법령검색실패,
2100000267004,「학점인정법」에 따른 제30차 표준교육과정,고시,학점인정법; 훈령ㆍ예규 등의 발령 및 관리에 관한 규정,학점인정법=위임없음; 훈령ㆍ예규 등의 발령 및 관리에 관한 규정=법령검색실패,
