id,파일럿,상위법령명,상위조문번호,상위조문제목,조문문장,위임표지어구,API_위임구분,자동추출_위임형식,대상유형,대상명,L1_위임인가,L2_위임된법형식,L3_확신도,L4_메모,L2_병존형식
G0001,Y,학교시설사업 촉진법,4,학교시설사업 시행계획의 승인 등,대통령령으로 정하는 경미한 사항을,대통령령,시행령,대통령령,법령,학교시설사업 촉진법 시행령,위임,대통령령,4,절단이나 '대통령령으로 정하는 경미한 사항' 부분위임 문형 완결.,
G0002,Y,교육환경 보호에 관한 법률,6,교육환경평가서의 승인 등,또는 대통령령으로,대통령령,시행령,대통령령,법령,교육환경 보호에 관한 법률 시행령,판단불가,,2,'또는 대통령령으로'에서 절단 — 위임 동사·규율대상 미확인. 위임 개연성은 높으나 문장 단위 판정 원칙상 확정 불가.,
G0003,Y,대학교원 자격기준 등에 관한 규정,4,연구실적의 환산율,"교육부장관이 정하는 기준에 적합한 산업체, 기관 또는 시설에서 전공학과 및 그에 관련되는 학과의 학문분야에",교육부장관이 정하는,위임행정규칙,미특정,행정규칙,대학교원 자격기준 등에 관한 규정 제4조에 따른 연구기관 등의 지정에 관한 고시 ,위임,미특정,5,'교육부장관이 정하는 기준' — 형식 무지정 위임(자동추출 일치).,
G0004,Y,지방교육자치에 관한 법률,32,교육기관의 설치,교육감은 그 소관 사무의 범위 안에서 필요한 때에는 대통령령 또는 조례로 정하는 바에 따라 교육기관을 설치할 수 있다.,조례로,위임자치법규,대통령령,자치법규,인천광역시교육청 행정기구 설치 조례,위임,조례,4,"문언은 '대통령령 또는 조례' 복수 형식 위임 — 표본 축(표지어구·API 자치법규) 기준 조례 기재, 대통령령 병존. 자동추출(대통령령)은 병존 형식 중 다른 축만 포착.",대통령령
G0005,Y,취업 후 학자금 상환 특별법 시행령,20,종합소득이 있는 채무자의 대출원리금 상환 등,3. 그 밖에 의무상환액의 납부에 필요한 사항으로서 교육부장관이 정하는 사항,교육부장관이 정하는,위임행정규칙,미특정,행정규칙,취업 후 학자금 상환 사무처리규정,위임,미특정,5,,
G0006,Y,평생교육법 시행령,77,권한의 위임ㆍ위탁,③ 교육감은 법 제44조제3항에 따라 다음 각 호의 권한을 조례로 정하는 바에 따라 소관 교육장에게 위임할 수 있다.,조례로,위임자치법규,조례,자치법규,전북특별자치도교육감 행정권한위임에 관한 조례,위임,조례,5,권한의 행정위임 구조이나 그 요건·방식의 규율을 조례에 맡기는 문언('조례로 정하는 바에 따라').,
G0007,Y,고등교육법,32,학생의 정원,대통령령으로 정하는,대통령령,시행령,대통령령,법령,고등교육법 시행령,위임,대통령령,4,절단 문장이나 위임 문형 완결.,
G0008,Y,초ㆍ중등교육법 시행령,59,의견 수렴 등,"① 국ㆍ공립학교에 두는 운영위원회는 다음 각 호의 어느 하나에 해당하는 사항을 심의하려는 경우 국립학교의 경우에는 학칙으로, 공립학교의 경우에는 시ㆍ도의 조례로 정하는 바에 따라 미리 학부모의 의견을 수렴해야 한다.",공립학교의 경우에는 시.도의 조례로,위임자치법규,조례,자치법규,경상남도립학교 운영위원회 운영 조례,위임,조례,4,국립=학칙/공립=조례 병렬 위임 — 표본 축 기준 조례 기재. 학칙은 값 목록 외 형식(병존 기록).,학칙
G0009,Y,학교용지 확보 등에 관한 특례법,5,학교용지부담금특별회계의 설치,5. 그 밖에 학교용지의 확보 등에 필요하거나 부담금을 적정하게 관리하기 위하여 필요한 사항으로 해당 시·도의 조례로 정하는 사항,조례로 정하는 사항,위임자치법규,조례,자치법규,울산광역시 학교용지부담금 등에 관한 조례,위임,조례,5,,
G0010,Y,취업 후 학자금 상환 특별법,17,대출원리금 계산,생활비 대출원리금의 계산방법은 교육부장관이 정하여 고시한다.,교육부장관이 정하여 고시한다,위임행정규칙,고시,행정규칙,2026학년도 1학기 취업 후 상환 학자금대출의 자격 요건 등에 관한 고시,위임,고시,5,,
G0011,Y,초ㆍ중등교육법 시행규칙,77,자율형 사립고등학교의 법인전입금기준,"2. 도 및 특별자치도에 있는 고등학교: 매년 학생으로부터 받은 수업료 및 입학금 총액의 3퍼센트 이상으로 하되, 구체적인 기준은 해당 도 및 특별자치도의 교육규칙으로 정할 것",특별자치도의 교육규칙으로,위임자치법규,조례,자치법규,강원특별자치도교육청 자율학교등 지정ㆍ운영에 관한 규칙,위임,교육규칙,4,문언이 요구하는 형식은 '교육규칙'(교육감 제정 자치법규) — L2 값 목록 부재로 목록 외 값 기재. '조례'로 강제 매핑하면 자동추출의 자치법규 하위형식 혼동이 은폐됨.,
G0012,Y,교육공무원법,36,명예퇴직,사항은 대통령령으로,대통령령,시행령,대통령령,법령,국가공무원 명예퇴직수당 등 지급 규정,위임,대통령령,4,절단이나 '사항은 대통령령으로 [정한다]' 문형.,
G0013,Y,교육감 소속 지방공무원 평정규칙,25,가산점 부여 기준의 공개 등,"① 제23조, 제24조 및 제25조의2에 따른 가산점의 부여 기준ㆍ요건 및 가산점 평정대상기간 등 가산점 부여에 필요한 사항은 해당 지방자치단체의 교육규칙으로 정한다.",교육규칙으로,위임자치법규,조례,자치법규,서울특별시교육청 지방공무원 인사규칙,위임,교육규칙,4,문언이 요구하는 형식은 '교육규칙'(교육감 제정 자치법규) — L2 값 목록 부재로 목록 외 값 기재. '조례'로 강제 매핑하면 자동추출의 자치법규 하위형식 혼동이 은폐됨.,
G0014,Y,지방교육자치에 관한 법률,29,시ㆍ도의회의 교육ㆍ학예에 관한 사무의 지원,① 시·도의회의 교육·학예에 관한 사무를 처리하기 위하여 조례로 정하는 바에 따라 시·도의회의 사무처에 지원조직과 사무직원을 둔다.,조례로,위임자치법규,조례,자치법규,세종특별자치시교육감 소속 지방공무원 정원 조례,위임,조례,5,,
G0015,Y,평생교육법 시행령,14,학습계좌의 운영,사항은 교육부령으로,교육부령,시행규칙,부령,법령,평생교육법 시행규칙,위임,부령,4,절단 문장이나 위임 문형 완결.,
G0016,Y,초ㆍ중등교육법,60,외국인학교,대통령령으로 정하는 사람,대통령령,시행령,대통령령,법령,외국인학교 및 외국인유치원의 설립ㆍ운영에 관한 규정|외국인학교 및 외국인유치원의 설립ㆍ운영에 관한 규정,위임,대통령령,4,절단 문장이나 위임 문형 완결.,
G0017,Y,평생교육법,21,시ㆍ군ㆍ구평생학습관 등의 설치ㆍ운영 등,④ 제1항 및 제2항에 따른 평생학습관의 설치·운영 등에 필요한 사항은 해당 지방자치단체의 조례로 정한다.,조례로,위임자치법규,조례,자치법규,인천광역시 영종구 평생교육진흥 조례,위임,조례,5,,
G0018,Y,교육시설 등의 안전 및 유지관리 등에 관한 법률,30,교육시설환경개선기금의 설치 등,④ 기금의 설치ㆍ운용에 관하여 필요한 사항은 조례로 정한다.,사항은 조례로,위임자치법규,조례,자치법규,강원특별자치도교육청 교육시설환경개선기금 설치 및 운용 조례,위임,조례,5,,
G0019,Y,초ㆍ중등교육법 시행령,96,초등학교 졸업자와 동등의 학력인정,교육부령으로 정한다,교육부령,시행규칙,부령,법령,초ㆍ중등교육법 시행규칙,위임,부령,4,절단 문장이나 위임 문형 완결.,
G0020,Y,영유아보육법,21,어린이집의 원장 또는 보육교사의 자격,교육부령으로 정한다,교육부령,시행규칙,부령,법령,영유아보육법 시행규칙,위임,부령,4,절단 문장이나 위임 문형 완결.,
G0021,Y,영유아보육법,18,보육활동보호위원회의 설치ㆍ운영,"② 보육교직원의 보육 활동 보호에 관한 다음 각 호의 사항을 심의하기 위하여 시·도에 시·도보육활동보호위원회를 둔다. 다만, 시·도보육활동보호위원회는 그 기능을 담당하기에 적합한 다른 위원회가 있고 그 위원회의 위원이 제3항에 따른 자격을 갖춘 경우에는 시·도의 조례로 정하는 바에 따라 그 위원회가 시·도보육활동보호위원회의 기능을 대신할 수 있다.",조례로,위임자치법규,조례,자치법규,세종특별자치시 보육교직원 권익 보호 및 지원에 관한 조례,위임,조례,5,,
G0022,Y,어린이ㆍ노인 및 장애인 보호구역의 지정 및 관리에 관한 규칙,2,정의,바. 그 밖에 어린이가 자주 왕래하는 곳으로서 조례로 정하는 시설 또는 장소,어린이가 자주 왕래하는 곳으로서 조례로,위임자치법규,조례,자치법규,창원시 어린이 통학로 교통안전을 위한 조례,위임,조례,5,,
G0023,Y,교원의 지위 향상 및 교육활동 보호를 위한 특별법,5,학교 안전사고로부터의 보호,법률로 정한다,법률,시행규칙,,법령,학교안전사고 예방 및 보상에 관한 법률,인용,해당없음,4,'따로 법률로 정한다' — 별도 법률에의 유보(입법 지시)로서 하위 규범에의 위임이 아님. API 구분(시행규칙)은 오분류로 판단 — 감사 대상 오류 후보.,
G0024,Y,학교급식법 시행령,17,권한의 위임,"교육감은 법 제20조에 따라 법 제19조에 따른 출입·검사·수거 등, 법 제21조에 따른 행정처분 등의 요청 및 법 제25조에 따른 과태료 부과·징수권한을 조례로 정하는 바에 따라 교육장에게 위임할 수 있다.",조례로,위임자치법규,조례,자치법규,강원특별자치도교육감 행정권한 위임 조례,위임,조례,5,행정권한 위임의 요건·방식 규율을 조례에 위임하는 문언.,
G0025,Y,학원의 설립ㆍ운영 및 과외교습에 관한 법률 시행령,17,교습비등조정위원회,⑥ 제1항부터 제5항까지에서 규정한 사항 외에 조정위원회의 구성·운영 등에 관한 구체적인 사항은 시·도 교육규칙으로 정한다.,교육규칙으로,위임자치법규,조례,자치법규,인천광역시 학원의 설립ㆍ운영 및 과외교습에 관한 조례 시행규칙,위임,교육규칙,4,문언이 요구하는 형식은 '교육규칙'(교육감 제정 자치법규) — L2 값 목록 부재로 목록 외 값 기재. '조례'로 강제 매핑하면 자동추출의 자치법규 하위형식 혼동이 은폐됨.,
G0026,Y,영유아보육법 시행규칙,24,국공립어린이집의 운영위탁,"⑨ 어린이집의 운영 위탁에 관한 구체적인 사항은 국립어린이집의 경우 교육부장관이 정하고, 공립어린이집의 경우 지방자치단체의 조례로 정한다.",조례로,위임자치법규,조례,자치법규,부산광역시 북구 영유아 보육 조례,위임,조례,4,"국립=교육부장관(형식 무지정)/공립=조례 병렬 위임 — 본 행 표본 축(표지어구) 기준 조례 기재, 미특정 축 병존.",미특정
G0027,Y,평생교육법,14,시ㆍ군ㆍ자치구평생교육협의회,④ 시·군·구협의회의 구성·운영 등에 필요한 사항은 지방자치단체의 조례로 정한다.,조례로,위임자치법규,조례,자치법규,칠곡군 평생교육 진흥 조례,위임,조례,5,,
G0028,Y,초ㆍ중등교육법 시행령,91,특성화고등학교 지정ㆍ운영위원회,② 제1항에 따른 특성화고등학교 지정·운영위원회의 구성 및 운영에 필요한 사항은 시·도 교육규칙으로 정한다.,교육규칙으로 정한다,위임자치법규,조례,자치법규,전라남도 특성화중ㆍ특수목적고ㆍ특성화고의 지정ㆍ운영 등에 관한 규칙,위임,교육규칙,4,문언이 요구하는 형식은 '교육규칙'(교육감 제정 자치법규) — L2 값 목록 부재로 목록 외 값 기재. '조례'로 강제 매핑하면 자동추출의 자치법규 하위형식 혼동이 은폐됨.,
G0029,Y,유아교육법 시행령,33,방과후 과정 운영 등에 대한 지원,② 특별시장·광역시장·특별자치시장·도지사·특별자치도지사 및 시장·군수·구청장은 조례로 정하는 바에 따라 제1항 각 호의 경비의 전부 또는 일부를 방과후 과정을 운영하거나 제12조에 따른 수업일수를 초과하여 운영하는 유치원에 지원할 수 있다.,조례로,위임자치법규,조례,자치법규,충청남도 사립유치원 유아교육비 지원에 관한 조례,위임,조례,5,,
G0030,Y,영유아보육법 시행규칙,24,국공립어린이집의 운영위탁,"⑨ 어린이집의 운영 위탁에 관한 구체적인 사항은 국립어린이집의 경우 교육부장관이 정하고, 공립어린이집의 경우 지방자치단체의 조례로 정한다.",조례로,위임자치법규,조례,자치법규,고령군 어린이집 운영 조례,위임,조례,4,"국립=교육부장관(형식 무지정)/공립=조례 병렬 위임 — 본 행 표본 축(표지어구) 기준 조례 기재, 미특정 축 병존.",미특정
G0031,Y,교육공무원법,23,인사관리의 전자화,대통령령으로 정한다,대통령령,시행규칙,대통령령,법령,교육공무원 인사기록 및 인사사무 처리 규칙,위임,대통령령,4,절단('대통령령으로 정한다'). API 구분(시행규칙)이 문언(대통령령)과 불일치 — 감사 대상 오류 후보.,
G0032,Y,학교안전사고 예방 및 보상에 관한 법률,39,유족급여,사항은 대통령령으로,대통령령,시행령,대통령령,법령,학교안전사고 예방 및 보상에 관한 법률 시행령,위임,대통령령,4,절단 문장이나 위임 문형 완결.,
G0033,Y,평생교육법,28,평생교육기관의 설치자,③ 제2조제2호가목에 따른 평생교육기관의 설치자는 특별시ㆍ광역시ㆍ특별자치시ㆍ도ㆍ특별자치도(이하 “시ㆍ도”라 한다)의 조례로 정하는 바에 따라 평생교육시설의 운영과 관련하여 그 시설의 이용자에게 발생한 생명ㆍ신체상의 손해를 배상할 것을 내용으로 하는 보험가입 또는 공제사업에의 가입 등 필요한 안전조치를 하여야 한다,조례로,위임자치법규,조례,자치법규,경상북도 평생교육진흥에 관한 조례,위임,조례,5,,
G0034,Y,지방교육행정기관의 행정기구와 정원기준 등에 관한 규정,20,정원의 규정,"② 제13조에 따른 단위기관별 정원은 제1항에 따른 정원의 총수 범위에서 종류별ㆍ직급별로 구분하여 해당 시ㆍ도의 조례로 정한다. 다만, 다음 각 호의 어느 하나에 해당하는 정원은 조례로 그 총수만 정하고 그 범위에서 제13조제2항에 따른 단위기관별로 해당 시ㆍ도의 교육규칙으로 정한다.",정원은 조례로,위임자치법규,조례,자치법규,충청북도교육감 소속 지방공무원 정원 조례,위임,조례,4,본문 조례 위임 + 단서 교육규칙 병행 위임 — 표지어구 기준 조례 기재(교육규칙 축 병존). G0186과 동일 문장·다른 표본 축.,교육규칙
G0035,Y,지방자치단체의 교육경비 보조에 관한 규정,4,보조의 신청등,①지방자치단체의 장은 해당 연도 보조사업에 대하여 각급학교의 장에게 보조대상사업 및 그 예산액을 통지하고 보조신청서를 제출하도록 하여야 한다. 이 경우 해당 지방자치단체의 조례로 정하는 바에 따라 관할 교육감 또는 교육장을 거쳐 보조대상사업 및 그 예산액을 통지하거나 보조신청서를 제출하게 할 수 있다.,조례로,위임자치법규,조례,자치법규,정선군 교육경비 보조에 관한 조례,위임,조례,5,절차 규율을 조례에 위임('조례로 정하는 바에 따라 …하게 할 수 있다').,
G0036,Y,교원의 지위 향상 및 교육활동 보호를 위한 특별법,19,교육활동 침해행위,대통령령으로 정한다,대통령령,시행령,대통령령,법령,교원의 지위 향상 및 교육활동 보호를 위한 특별법 시행령,위임,대통령령,4,절단 문장이나 위임 문형 완결.,
G0037,Y,시국사건관련 임용제외 교원의 피해회복을 위한 조치에 관한 특별법,5,임용제외기간의 근무 경력 인정에 관한 특례,대통령령으로 정한다,대통령령,시행령,대통령령,법령,시국사건관련 임용제외 교원의 피해회복을 위한 조치에 관한 특별법 시행령,위임,대통령령,4,절단 문장이나 위임 문형 완결.,
G0038,Y,학원의 설립ㆍ운영 및 과외교습에 관한 법률 시행령,5,숙박시설을 갖춘 학교교과교습학원의 등록,"2. 특별시·광역시·특별자치시·도 및 특별자치도(이하 ""시·도""라 한다)의 조례에서 정하는 유치원, 초등학교, 중학교 및 고등학교 또는 이에 준하는 학교에 재학하는 학생에 대한 교습 제한기준을 충족할 것",조례에서,위임자치법규,조례,자치법규,인천광역시 학원의 설립ㆍ운영 및 과외교습에 관한 조례,위임,조례,5,,
G0039,Y,고등교육법,59,규제특례의 관리 및 감독 등,대통령령으로 정한다,대통령령,시행령,대통령령,법령,고등교육법 시행령,위임,대통령령,4,절단 문장이나 위임 문형 완결.,
G0040,Y,대안교육기관에 관한 법률 시행령,7,대안교육기관에 대한 경비 지원,④ 제1항부터 제3항까지의 규정에서 정한 사항 외에 대안교육기관에 대한 경비 지원에 필요한 사항은 해당 지방자치단체의 조례로 정한다.,조례로,위임자치법규,조례,자치법규,함평군 학교 밖 청소년 지원에 관한 조례,위임,조례,5,,
G0041,Y,방송통신중학교 및 방송통신고등학교 설치기준령 시행규칙,10,수업료 등,"② 공립 방송통신중학교 및 방송통신고등학교의 수업료등은 특별시·광역시·특별자치시·도 및 특별자치도(이하 ""시·도""라 한다)의 조례로 정한다. 다만, 수업료등의 금액은 해당 시·도의 조례에 따라 정해진 공립 고등학교의 수업료등의 금액보다 적어야 한다.",조례로,위임자치법규,조례,자치법규,인천광역시 학교 수업료 및 입학금에 관한 조례,위임,조례,5,단서(조례에 따라 정해진 수업료와의 비교)는 원용이나 주문은 조례 위임.,
G0042,Y,사립학교교직원 연금법,53,심사의 청구,필요한 사항은 대통령령으로,대통령령,시행령,대통령령,법령,사립학교교직원 연금법 시행령,위임,대통령령,4,절단 문장이나 위임 문형 완결.,
G0043,Y,학교급식법,5,학교급식위원회 등,⑤제3항의 규정에 따른 학교급식지원심의위원회의 구성ㆍ운영과 제4항의 규정에 따른 학교급식지원센터의 설치ㆍ운영에 관하여 필요한 사항은 해당지방자치단체의 조례로 정한다.,조례로,위임자치법규,조례,자치법규,성주군 학교급식 식품비 지원에 관한 조례,위임,조례,5,,
G0044,Y,학점인정 등에 관한 법률 시행령,12,학력인정 절차,교육부령으로 정하는 발급신청서에,교육부령,시행규칙,부령,법령,학점인정 등에 관한 법률 시행규칙,위임,부령,4,절단이나 '교육부령으로 정하는 발급신청서'(서식 부분위임) 문형 완결.,
G0045,Y,평생교육법,24,평생교육사,교육부령으로 정하는,교육부령,시행규칙,부령,법령,평생교육법 시행규칙,위임,부령,4,절단 문장이나 위임 문형 완결.,
G0046,Y,초ㆍ중등교육법,32,기능,14. 그 밖에 대통령령이나 시ㆍ도의 조례로 정하는 사항,조례로,위임자치법규,대통령령,자치법규,서울특별시교육청 공립학교 운영위원회 구성 및 운영 등에 관한 조례,위임,조례,4,"'대통령령이나 시·도의 조례' 복수 형식 — 표본 축 기준 조례 기재, 대통령령 병존(자동추출은 대통령령 축만 포착).",대통령령
G0047,Y,영유아보육법 시행규칙,24,국공립어린이집의 운영위탁,"⑨ 어린이집의 운영 위탁에 관한 구체적인 사항은 국립어린이집의 경우 교육부장관이 정하고, 공립어린이집의 경우 지방자치단체의 조례로 정한다.",조례로,위임자치법규,조례,자치법규,부산광역시 수영구 영유아 보육 조례,위임,조례,4,"국립=교육부장관(형식 무지정)/공립=조례 병렬 위임 — 본 행 표본 축(표지어구) 기준 조례 기재, 미특정 축 병존.",미특정
G0048,Y,방송통신중학교 및 방송통신고등학교 설치기준령,3,교육과정,"② 방송통신중학교와 방송통신고등학교의 교과에 관하여는 「초·중등교육법 시행령」 제43조를 준용한다. 이 경우 각 교과의 교수(敎授) 요지, 과목, 수업시간수, 그 밖에 학습활동에 관한 사항은 국립 방송통신중학교 및 방송통신고등학교는 교육부장관이 정하고, 공립 방송통신중학교 및 방송통신고등학교는 시·도의 교육규칙으로 정한다.",시.도의 교육규칙으로,위임자치법규,조례,자치법규,제주특별자치도 방송통신중학교 및 방송통신고등학교 운영 규칙,위임,교육규칙,4,"국립=장관(형식 무지정)/공립=교육규칙 병렬 — 표본 축 기준 교육규칙(목록 외 값) 기재, 미특정 축 병존. 전문의 준용('제43조를 준용한다') 부분은 인용 성격.",미특정
G0049,Y,영유아보육법 시행규칙,24,국공립어린이집의 운영위탁,"⑨ 어린이집의 운영 위탁에 관한 구체적인 사항은 국립어린이집의 경우 교육부장관이 정하고, 공립어린이집의 경우 지방자치단체의 조례로 정한다.",조례로,위임자치법규,조례,자치법규,남해군 영유아 보육 조례,위임,조례,4,"국립=교육부장관(형식 무지정)/공립=조례 병렬 위임 — 본 행 표본 축(표지어구) 기준 조례 기재, 미특정 축 병존.",미특정
G0050,Y,공교육 정상화 촉진 및 선행교육 규제에 관한 특별법,15,이의신청,대통령령으로 정하는,대통령령,시행령,대통령령,법령,공교육 정상화 촉진 및 선행교육 규제에 관한 특별법 시행령,위임,대통령령,4,절단 문장이나 위임 문형 완결.,
G0051,Y,취업 후 학자금 상환 특별법,19,장기미상환자에 대한 특례,대통령령으로 정하는 일정 배수를,대통령령,시행령,대통령령,법령,취업 후 학자금 상환 특별법 시행령,위임,대통령령,4,절단이나 '대통령령으로 정하는 일정 배수' 부분위임 문형 완결.,
G0052,Y,지방교육행정기관의 행정기구와 정원기준 등에 관한 규정,12,직속기관 등의 하부조직 설치,"③ 직속기관과 교육지원청 소속 기관의 장의 직급, 하부조직 및 그 사무 분장에 관한 사항은 해당 시ㆍ도의 조례 또는 조례의 위임에 따른 교육규칙으로 정한다.",시.도의 조례,위임자치법규,조례,자치법규,경기도교육청 행정기구 설치조례,위임,조례,4,'조례 또는 조례의 위임에 따른 교육규칙' — 표지어구 기준 조례 기재(조례→교육규칙 재위임 경로 병존).,교육규칙
G0053,Y,직업교육훈련 촉진법,7,취업지원센터 설치ㆍ운영,④ 시ㆍ도교육감이 설치한 취업지원센터의 운영 등에 필요한 사항은 시ㆍ도의 조례로 정한다.,조례로,위임자치법규,조례,자치법규,대전광역시교육청 취업지원센터 설치ㆍ운영 조례,위임,조례,5,,
G0054,Y,유아교육법 시행령,22,소위원회,"② 제1항에 따른 소위원회의 구성 및 운영에 필요한 사항은 국립유치원의 경우에는 유치원규칙으로, 공립유치원의 경우에는 시ㆍ도의 조례로, 사립유치원의 경우에는 정관 또는 유치원규칙으로 정한다.",조례로,위임자치법규,조례,자치법규,경상북도립학교운영위원회 설치ㆍ운영에 관한 조례,위임,조례,4,"국립=유치원규칙/공립=조례/사립=정관·유치원규칙 병렬 — 표본 축 기준 조례 기재(유치원규칙·정관은 값 목록 외 형식, 사립 축은 사적 자치규범).",유치원규칙|정관
G0055,Y,교육환경 보호에 관한 법률,5,시ㆍ도교육환경보호위원회 등,대통령령으로 정한다,대통령령,시행령,대통령령,법령,교육환경 보호에 관한 법률 시행령,위임,대통령령,4,절단 문장이나 위임 문형 완결.,
G0056,Y,초ㆍ중등교육법 시행령,41,교원의 자격,대통령령으로 정한다,대통령령,시행령,대통령령,법령,교원자격검정령,위임,대통령령,4,절단 문장이나 위임 문형 완결.,
G0057,Y,법학전문대학원 설치ㆍ운영에 관한 법률,5,설치인가 등,필요한 사항은 대통령령으로,대통령령,시행령,대통령령,법령,법학전문대학원 설치ㆍ운영에 관한 법률 시행령,위임,대통령령,4,절단 문장이나 위임 문형 완결.,
G0058,Y,교과용 도서에 관한 규정,4,국정도서,국정도서는 교육부장관이 정하여 고시하는 교과목의 교과용 도서로 한다,교육부장관이 정하여 고시하는,위임행정규칙,고시,행정규칙,특수교육 교과용도서 구분 고시,위임,고시,5,고시가 국정도서 대상 교과목의 범위를 정하는 부분위임.,
G0059,Y,어린이ㆍ노인 및 장애인 보호구역의 지정 및 관리에 관한 규칙,2,정의,마. 그 밖에 노인이 자주 왕래하는 곳으로서 조례로 정하는 시설 또는 장소,노인이 자주 왕래하는 곳으로서 조례로,위임자치법규,조례,자치법규,속초시 어린이ㆍ노인ㆍ장애인 보호구역 지정 등에 관한 조례,위임,조례,5,,
G0060,Y,유아교육법,16,외국인유치원,대통령령으로 정한다,대통령령,시행령,대통령령,법령,외국인학교 및 외국인유치원의 설립ㆍ운영에 관한 규정,위임,대통령령,4,절단 문장이나 위임 문형 완결.,
G0061,Y,유아교육법,21,원장 등 교원의 유아생활지도,법령과,법령,시행령,,법령,유아교육법 시행령,판단불가,,1,'법령과' 한 어절로 절단 — 판정 불능. 해당 조항 원문은 '법령과 학칙으로 정하는 바에 따라' 구조로 추정되나 문장 단위 판정 원칙상 판단불가. 자동추출 공란과 API(시행령) 모두 재검 필요.,
G0062,Y,영유아보육법 시행규칙,24,국공립어린이집의 운영위탁,"⑨ 어린이집의 운영 위탁에 관한 구체적인 사항은 국립어린이집의 경우 교육부장관이 정하고, 공립어린이집의 경우 지방자치단체의 조례로 정한다.",조례로,위임자치법규,조례,자치법규,고흥군 영유아 보육 지원 조례,위임,조례,4,"국립=교육부장관(형식 무지정)/공립=조례 병렬 위임 — 본 행 표본 축(표지어구) 기준 조례 기재, 미특정 축 병존.",미특정
G0063,Y,인문학 및 인문정신문화의 진흥에 관한 법률,6,인문학 및 인문정신문화 진흥심의회 설치 및 심의사항,세부사항은 대통령령으로,대통령령,시행령,대통령령,법령,인문학 및 인문정신문화의 진흥에 관한 법률 시행령,위임,대통령령,4,절단 문장이나 위임 문형 완결.,
G0064,Y,대안교육기관에 관한 법률 시행령,7,대안교육기관에 대한 경비 지원,④ 제1항부터 제3항까지의 규정에서 정한 사항 외에 대안교육기관에 대한 경비 지원에 필요한 사항은 해당 지방자치단체의 조례로 정한다.,조례로,위임자치법규,조례,자치법규,해남군 학교 밖 청소년 보호 및 지원에 관한 조례,위임,조례,5,,
G0065,Y,평생교육법,31,학교형태의 평생교육시설,⑥ 지방자치단체는 해당 지방자치단체의 조례로 정하는 바에 따라 예산의 범위 내에서 「초ㆍ중등교육법」 제2조의 학교에 준하여 제2항에 따른 학력인정 평생교육시설에 필요한 보조금을 교부하거나 그 밖의 지원을 할 수 있다.,조례로,위임자치법규,조례,자치법규,인천광역시교육청 학력인정 평생교육시설 지원에 관한 조례,위임,조례,5,,
G0066,Y,학교안전사고 예방 및 보상에 관한 법률,8,학교안전교육의 실시,교육부령으로 정하는,교육부령,시행규칙,부령,법령,학교안전사고 예방 및 보상에 관한 법률 시행규칙,위임,부령,4,절단 문장이나 위임 문형 완결.,
G0067,Y,어린이ㆍ노인 및 장애인 보호구역의 지정 및 관리에 관한 규칙,2,정의,바. 그 밖에 어린이가 자주 왕래하는 곳으로서 조례로 정하는 시설 또는 장소,어린이가 자주 왕래하는 곳으로서 조례로,위임자치법규,조례,자치법규,울산광역시 동구 어린이 통학로 교통안전을 위한 조례,위임,조례,5,,
G0068,Y,지방교육자치에 관한 법률,41,지방교육행정협의회의 설치,②제1항의 규정에 따른 지방교육행정협의회의 구성·운영에 관하여 필요한 사항은 교육감과 시·도지사가 협의하여 조례로 정한다.,조례로,위임자치법규,조례,자치법규,경기도교육행정협의회 설치ㆍ운영 조례,위임,조례,5,,
G0069,Y,학생맞춤통합지원법,8,시ㆍ도학생맞춤통합지원센터 및 지역학생맞춤통합지원센터의 설치ㆍ지정,⑥ 그 밖에 시ㆍ도지원센터 또는 지역지원센터의 지정 및 지정 취소의 기준ㆍ절차 등에 필요한 사항은 대통령령으로 정하는 기준에 따라 해당 시ㆍ도의 조례로 정한다.,조례로 정한다.,위임자치법규,대통령령,자치법규,서울특별시교육청 학생맞춤통합지원 조례,위임,조례,4,"이중 위임: 대통령령이 기준을 정하고 그 기준에 따라 조례가 규율 — 최종 규율 형식(표본 축) 기준 조례 기재, 대통령령 병존(자동추출은 대통령령 축만 포착).",대통령령
G0070,Y,지방교육자치에 관한 법률,30,보조기관,"⑤교육감 소속하에 보조기관을 두되, 그 설치·운영 등에 관하여 필요한 사항은 대통령령으로 정한 범위 안에서 조례로 정한다.",조례로,위임자치법규,대통령령,자치법규,경기도교육청 행정기구 설치조례,위임,조례,4,"'대통령령으로 정한 범위 안에서 조례로 정한다' — 표본 축 기준 조례 기재, 대통령령 병존(자동추출은 대통령령 축).",대통령령
G0071,Y,초ㆍ중등교육법 시행령,98,고등학교 졸업자와 동등의 학력인정,교육부령으로 정한다,교육부령,시행규칙,부령,법령,학력인정학교지정규칙|초ㆍ중등교육법 시행규칙,위임,부령,4,절단 문장이나 위임 문형 완결.,
G0072,Y,대안교육기관에 관한 법률 시행령,7,대안교육기관에 대한 경비 지원,④ 제1항부터 제3항까지의 규정에서 정한 사항 외에 대안교육기관에 대한 경비 지원에 필요한 사항은 해당 지방자치단체의 조례로 정한다.,조례로,위임자치법규,조례,자치법규,공주시 대안교육기관 지원 조례,위임,조례,5,,
G0073,Y,학교복합시설 설치 및 운영ㆍ관리에 관한 법률,7,학교복합시설 운영협의회,② 운영협의회의 구성ㆍ운영 등에 필요한 사항은 해당 지방자치단체의 조례로 정할 수 있다.,조례로,위임자치법규,조례,자치법규,경기도교육청 학교복합시설 설치 및 운영에 관한 조례,위임,조례,5,,
G0074,Y,어린이ㆍ노인 및 장애인 보호구역의 지정 및 관리에 관한 규칙,2,정의,마. 그 밖에 노인이 자주 왕래하는 곳으로서 조례로 정하는 시설 또는 장소,노인이 자주 왕래하는 곳으로서 조례로,위임자치법규,조례,자치법규,영암군 어린이ㆍ노인 및 장애인 보호구역의 지정 및 관리에 관한 조례,위임,조례,5,,
G0075,Y,교육시설 등의 안전 및 유지관리 등에 관한 법률,9,교육시설 관리실태 등의 평가ㆍ점검 등,대통령령으로 정한다,대통령령,시행령,대통령령,법령,교육시설 등의 안전 및 유지관리 등에 관한 법률 시행령,위임,대통령령,4,절단 문장이나 위임 문형 완결.,
G0076,Y,한국장학재단 설립 등에 관한 법률,38,장학금계정의 용도 등,대통령령으로 정하는 사항,대통령령,시행령,대통령령,법령,한국장학재단 설립 등에 관한 법률 시행령,위임,대통령령,4,절단 문장이나 위임 문형 완결.,
G0077,Y,지방교육행정기관의 행정기구와 정원기준 등에 관한 규정,15,정원의 관리,① 교육감은 조직 간 균형 있고 합리적인 정원관리를 위하여 지방공무원의 종류별ㆍ직급별 정원책정기준을 해당 시ㆍ도의 조례로 정한다.,조례로,위임자치법규,조례,자치법규,경기도교육감 소속 지방공무원 정원 조례,위임,조례,5,,
G0078,Y,대안교육기관에 관한 법률 시행령,7,대안교육기관에 대한 경비 지원,④ 제1항부터 제3항까지의 규정에서 정한 사항 외에 대안교육기관에 대한 경비 지원에 필요한 사항은 해당 지방자치단체의 조례로 정한다.,조례로,위임자치법규,조례,자치법규,부산광역시 금정구 학교 밖 청소년 지원 조례,위임,조례,5,,
G0079,Y,학생맞춤통합지원법,15,학생맞춤통합지원 협력체계의 구축,③ 제1항에 따른 협력체계의 구성ㆍ운영에 필요한 사항은 해당 시ㆍ도의 조례로 정한다.,조례로 정한다,위임자치법규,조례,자치법규,경기도교육청 학생맞춤통합지원 조례,위임,조례,5,,
G0080,Y,평생교육법,21,시ㆍ군ㆍ구평생학습관 등의 설치ㆍ운영 등,④ 제1항 및 제2항에 따른 평생학습관의 설치·운영 등에 필요한 사항은 해당 지방자치단체의 조례로 정한다.,조례로,위임자치법규,조례,자치법규,서울특별시 금천구 평생학습 진흥 조례,위임,조례,5,,
G0081,Y,학원의 설립ㆍ운영 및 과외교습에 관한 법률 시행령,5,숙박시설을 갖춘 학교교과교습학원의 등록,"② 제1항에 따른 숙박시설의 위치, 환경기준, 시설·설비기준, 영양사 및 생활지도 담당인력 배치기준 등에 관한 사항은 지역적 여건과 학원의 규모 등을 고려하여 시·도 조례로 정한다.",시.도 조례로,위임자치법규,조례,자치법규,충청남도 학원의 설립ㆍ운영 및 과외교습에 관한 조례,위임,조례,5,,
G0082,Y,지방자치단체의 교육경비 보조에 관한 규정,4,보조의 신청등,①지방자치단체의 장은 해당 연도 보조사업에 대하여 각급학교의 장에게 보조대상사업 및 그 예산액을 통지하고 보조신청서를 제출하도록 하여야 한다. 이 경우 해당 지방자치단체의 조례로 정하는 바에 따라 관할 교육감 또는 교육장을 거쳐 보조대상사업 및 그 예산액을 통지하거나 보조신청서를 제출하게 할 수 있다.,조례로,위임자치법규,조례,자치법규,봉화군 교육경비 보조금 지원 조례,위임,조례,5,,
G0083,Y,지방교육자치에 관한 법률,26,사무의 위임ㆍ위탁 등,"①교육감은 조례 또는 교육규칙으로 정하는 바에 따라 그 권한에 속하는 사무의 일부를 보조기관, 소속교육기관 또는 하급교육행정기관에 위임할 수 있다.",교육규칙으로 정하는 바에 따라 그 권한에 속하는 사무의 일부를 보조기관,위임자치법규,조례,자치법규,제주특별자치도교육감 행정권한 위임에 관한 규칙,위임,교육규칙,4,"'조례 또는 교육규칙' 병렬 — 표지어구 기준 교육규칙(목록 외 값) 기재, 조례 병존(자동추출 '조례'는 다른 축). G0113과 동일 문장·다른 표본 축.",조례
G0084,Y,학교급식법,5,학교급식위원회 등,⑤제3항의 규정에 따른 학교급식지원심의위원회의 구성ㆍ운영과 제4항의 규정에 따른 학교급식지원센터의 설치ㆍ운영에 관하여 필요한 사항은 해당지방자치단체의 조례로 정한다.,조례로,위임자치법규,조례,자치법규,대구광역시 서구 학교급식 지원에 관한 조례,위임,조례,5,,
G0085,Y,초ㆍ중등교육법 시행령,77,고등학교 입학전형의 실시권자,4. 해당 지역에 거주하는 학생·학부모 등을 대상으로 실시한 여론조사 결과가 시·도 조례로 정하는 기준을 충족할 것. 이 경우 여론조사 내용에는 제3호 각 목의 사항이 포함되어야 한다.,조례로 정하는 기준을 충족할,위임자치법규,조례,자치법규,대전광역시교육감의 고등학교 입학전형 실시지역 지정 및 해제에 관한 조례,위임,조례,5,,
G0086,Y,교육감 소속 지방공무원 평정규칙,23,자격증 등의 가산점,2. 영 제17조제1항제3호 후단에 따른 지방자치단체의 인사규칙에서 정하는 바에 따라 자격증 소지를 의무화하는 특수직급의 신규임용시험 또는 전직시험에 응시하여 임용된 사람의 해당 자격증,인사규칙에서,위임자치법규,,자치법규,전북특별자치도교육감 소속 지방공무원 인사 규칙,인용,해당없음,3,지방공무원 임용령 제17조에 따른 '인사규칙에서 정하는' 사항의 원용 — 본 문장이 새로 규율권한을 넘기는 것이 아니라 기존 위임의 결과를 지시. API(위임자치법규)와 불일치 — 감사 대상 오류 후보.,
G0087,Y,학교용지 확보 등에 관한 특례법,9,권한의 위임,② 교육감은 해당 교육규칙으로 정하는 바에 따라 제3조에 따른 인접 학교용지의 확보에 관한 업무와 교육감의 의견 표시에 관한 업무를 시·군·구의 교육장에게 위임할 수 있다.,교육규칙으로,위임자치법규,조례,자치법규,경상남도교육감 행정권한의 위임에 관한 규칙,위임,교육규칙,4,권한 행정위임의 규율을 교육규칙에 맡기는 문언. 문언이 요구하는 형식은 '교육규칙'(교육감 제정 자치법규) — L2 값 목록 부재로 목록 외 값 기재. '조례'로 강제 매핑하면 자동추출의 자치법규 하위형식 혼동이 은폐됨.,
G0088,Y,평생교육법,14,시ㆍ군ㆍ자치구평생교육협의회,④ 시·군·구협의회의 구성·운영 등에 필요한 사항은 지방자치단체의 조례로 정한다.,조례로,위임자치법규,조례,자치법규,울산광역시 남구 평생교육 진흥 조례,위임,조례,5,,
G0089,Y,평생교육법,14,시ㆍ군ㆍ자치구평생교육협의회,④ 시·군·구협의회의 구성·운영 등에 필요한 사항은 지방자치단체의 조례로 정한다.,조례로,위임자치법규,조례,자치법규,진천군 평생학습 조례,위임,조례,5,,
G0090,Y,지방교육재정교부금법,7,기준재정수입액,대통령령으로 정한다,대통령령,시행령,대통령령,법령,지방교육재정교부금법 시행령,위임,대통령령,4,절단 문장이나 위임 문형 완결.,
G0091,Y,사립학교법 시행령,14,지정외부감사대상 학교법인 및 지정외부감사인,그 밖에 지정외부감사대상학교법인의 선정 또는 지정외부감사인의 지정에 필요한 세부사항은 교육부장관이 정하여 고시한다.,교육부장관이 정하여 고시한다,위임행정규칙,고시,행정규칙,사학기관 외부감사인 지정 등에 관한 고시,위임,고시,5,,
G0092,Y,평생교육법,16,경비보조 및 지원,② 지방자치단체의 장은 해당 지방자치단체의 조례로 정하는 바에 따라 주민을 위한 평생교육진흥사업을 실시하거나 지원할 수 있다. 이 경우 교육감 또는 지역교육장과 협의하여야 한다.,조례로,위임자치법규,조례,자치법규,춘천시 평생교육진흥 조례,위임,조례,5,,
G0093,Y,학점인정 등에 관한 법률 시행규칙,10,표준교육과정,표준교육과정의 세부 기준에 관하여 필요한 사항은 교육부장관이 정한다.,교육부장관이 정한다,위임행정규칙,,행정규칙,(제22차) 표준교육과정,위임,미특정,5,'교육부장관이 정한다' — 형식 무지정. 자동추출 공란(미포착) — 추출기 재현율 오류 사례.,
G0094,Y,평생교육법,21,시ㆍ군ㆍ구평생학습관 등의 설치ㆍ운영 등,④ 제1항 및 제2항에 따른 평생학습관의 설치·운영 등에 필요한 사항은 해당 지방자치단체의 조례로 정한다.,조례로,위임자치법규,조례,자치법규,강원특별자치도교육청 평생학습관 설치ㆍ운영에 관한 조례,위임,조례,5,,
G0095,Y,학점인정 등에 관한 법률 시행규칙,13,수수료의 납부,교육부장관이 정하는 수수료를 원장에게 내야 한다.,교육부장관이 정하는,위임행정규칙,미특정,행정규칙,학점인정 등에 관한 업무처리 지침,위임,미특정,5,,
G0096,Y,고등교육법,24,분교,대통령령으로 정하는,대통령령,시행령,대통령령,법령,고등교육법 시행령,위임,대통령령,4,절단 문장이나 위임 문형 완결.,
G0097,Y,학교용지 확보 등에 관한 특례법 시행령,5,학교용지부담금의 부과ㆍ징수의 절차 등,"⑤ 제1항부터 제4항까지의 규정에서 정한 사항 외에 납부고지서의 서식, 그 밖에 부담금의 부과ㆍ징수에 필요한 사항은 특별시ㆍ광역시ㆍ특별자치시ㆍ도 또는 특별자치도(이하 “시ㆍ도”라 한다)의 조례로 정한다.",조례로,위임자치법규,조례,자치법규,세종특별자치시 학교용지부담금 부과ㆍ징수 및 특별회계 설치 조례,위임,조례,5,,
G0098,Y,학교안전사고 예방 및 보상에 관한 법률,4,학교안전사고 예방계획의 수립ㆍ시행,대통령령으로 정하는,대통령령,시행령,대통령령,법령,학교안전사고 예방 및 보상에 관한 법률 시행령,위임,대통령령,4,절단 문장이나 위임 문형 완결.,
G0099,Y,학생맞춤통합지원법,12,학생별 지원ㆍ관리 등,대통령령으로 정한다,대통령령,시행령,대통령령,법령,학생맞춤통합지원법 시행령,위임,대통령령,4,절단 문장이나 위임 문형 완결.,
G0100,Y,초ㆍ중등교육법,32,기능,14. 그 밖에 대통령령이나 시ㆍ도의 조례로 정하는 사항,조례로,위임자치법규,대통령령,자치법규,대구광역시 공립 유치원 및 학교 운영위원회 설치ㆍ운영에 관한 조례,위임,조례,4,"'대통령령이나 시·도의 조례' 복수 형식 — 표본 축 기준 조례 기재, 대통령령 병존(자동추출은 대통령령 축만 포착).",대통령령
G0101,,교육환경 보호에 관한 법률 시행령,16,교육환경평가서의 작성 및 제출,"⑥ 법 제6조제1항 각 호의 어느 하나에 해당하는 자(이하 “평가서작성자”라 한다)는 교육환경평가서를 작성ㆍ제출한 후 다음 각 호의 어느 하나에 해당하게 된 경우에는 그 사실을 즉시 교육감에게 통보하고, 해당 사유가 발생한 날부터 45일 이내에 교육환경평가서를 다시 작성하여 교육감에게 제출해야 한다. 이 경우 교육환경평가서의 내용 등은 제1항 및 제3항에 따르되, 교육규칙으로 정하는 바에 따라 그 내용의 일부를 생략할 수 있다.","따르되, 교육규칙으로",위임자치법규,조례,자치법규,강원특별자치도 교육환경평가서 작성 등에 관한 규칙,위임,교육규칙,4,'교육규칙으로 정하는 바에 따라 일부 생략 가능' — 부분위임. 문언이 요구하는 형식은 '교육규칙'(교육감 제정 자치법규) — L2 값 목록 부재로 목록 외 값 기재. '조례'로 강제 매핑하면 자동추출의 자치법규 하위형식 혼동이 은폐됨.,
G0102,,한국장학재단 설립 등에 관한 법률,53,민간기부자 예우,대통령령으로 정한다,대통령령,시행령,대통령령,법령,한국장학재단 설립 등에 관한 법률 시행령,위임,대통령령,4,절단 문장이나 위임 문형 완결.,
G0103,,영유아보육법,43,어린이집의 설치ㆍ운영만을 목적으로 하는 사회복지법인의 해산 및 잔여재산 처분에 관한 특례,교육부령으로 정한다,교육부령,시행규칙,부령,법령,영유아보육법 시행규칙,위임,부령,4,절단 문장이나 위임 문형 완결.,
G0104,,영유아보육법 시행규칙,24,국공립어린이집의 운영위탁,"⑨ 어린이집의 운영 위탁에 관한 구체적인 사항은 국립어린이집의 경우 교육부장관이 정하고, 공립어린이집의 경우 지방자치단체의 조례로 정한다.",조례로,위임자치법규,조례,자치법규,수원시 보육 조례,위임,조례,4,"국립=교육부장관(형식 무지정)/공립=조례 병렬 위임 — 본 행 표본 축(표지어구) 기준 조례 기재, 미특정 축 병존.",미특정
G0105,,초ㆍ중등교육법 시행령,96,초등학교 졸업자와 동등의 학력인정,교육부령으로 정한다,교육부령,시행규칙,부령,법령,초ㆍ중등교육법 시행규칙,위임,부령,4,절단 문장이나 위임 문형 완결.,
G0106,,초ㆍ중등교육법 시행령,54,다문화교육지원센터의 설치ㆍ운영 등,2. 제2항에 따른 지역다문화교육지원센터의 경우: 해당 시ㆍ도의 조례,조례,위임자치법규,조례,자치법규,충청북도교육청 다문화교육 진흥 조례,위임,조례,4,호 단독 절단('…의 경우: 해당 시·도의 조례') — 본문 위임문과 결합하는 구조이나 지시된 형식은 명확.,
G0107,,지방교육자치에 관한 법률,32,교육기관의 설치,교육감은 그 소관 사무의 범위 안에서 필요한 때에는 대통령령 또는 조례로 정하는 바에 따라 교육기관을 설치할 수 있다.,조례로,위임자치법규,대통령령,자치법규,대전광역시교육청 행정기구설치조례,위임,조례,4,"문언은 '대통령령 또는 조례' 복수 형식 위임 — 표본 축 기준 조례 기재, 대통령령 병존. 자동추출(대통령령)은 다른 축만 포착. G0004·G0175와 동일 문장.",대통령령
G0108,,직업교육훈련 촉진법,7,취업지원센터 설치ㆍ운영,④ 시ㆍ도교육감이 설치한 취업지원센터의 운영 등에 필요한 사항은 시ㆍ도의 조례로 정한다.,조례로,위임자치법규,조례,자치법규,부산광역시교육청 취업지원센터 설치ㆍ운영에 관한 조례,위임,조례,5,,
G0109,,초ㆍ중등교육법 시행령,59,의견 수렴 등,"2. 그 밖에 국립학교의 경우에는 학칙으로, 공립학교의 경우에는 시·도의 조례로 미리 학부모의 의견을 수렴하도록 정한 사항",시.도의 조례로 미리 학부모의,위임자치법규,조례,자치법규,광주광역시립학교 운영위원회 설치ㆍ운영에 관한 조례,위임,조례,4,"국립=학칙/공립=조례 병렬('조례로 …정한 사항' — 의견수렴 대상의 지정을 조례에 맡기는 부분위임) — 표본 축 조례 기재, 학칙(목록 외) 병존.",학칙
G0110,,학교급식법,5,학교급식위원회 등,⑤제3항의 규정에 따른 학교급식지원심의위원회의 구성ㆍ운영과 제4항의 규정에 따른 학교급식지원센터의 설치ㆍ운영에 관하여 필요한 사항은 해당지방자치단체의 조례로 정한다.,조례로,위임자치법규,조례,자치법규,강릉시 공공급식 지원에 관한 조례,위임,조례,5,,
G0111,,교원의 지위 향상 및 교육활동 보호를 위한 특별법,31,교원의 근무환경 실태조사,대통령령으로 정한다,대통령령,시행령,대통령령,법령,교원의 지위 향상 및 교육활동 보호를 위한 특별법 시행령,위임,대통령령,4,절단 문장이나 위임 문형 완결.,
G0112,,영유아보육법,46,어린이집의 원장의 자격정지,교육부령으로 정한 급식기준,교육부령,시행규칙,부령,법령,영유아보육법 시행규칙,인용,해당없음,3,'교육부령으로 정한'(완료형) 급식기준의 원용 — 급식기준 규율의 위임 원천은 동법 제33조이고 본 문장(자격정지 사유)은 그 기준을 지시할 뿐. 자동추출(부령)과 불일치 — 인용을 위임으로 오인한 추출기 정밀도 오류 사례로 판단.,
G0113,,지방교육자치에 관한 법률,26,사무의 위임ㆍ위탁 등,"①교육감은 조례 또는 교육규칙으로 정하는 바에 따라 그 권한에 속하는 사무의 일부를 보조기관, 소속교육기관 또는 하급교육행정기관에 위임할 수 있다",①교육감은 조례,위임자치법규,조례,자치법규,전북특별자치도교육감 행정권한위임에 관한 조례,위임,조례,4,"'조례 또는 교육규칙' 병렬 — 표지어구 기준 조례 기재, 교육규칙 병존. G0083과 동일 문장·다른 표본 축.",교육규칙
G0114,,영유아보육법,15,놀이터 설치,교육부령으로 정한다,교육부령,시행규칙,부령,법령,영유아보육법 시행규칙,위임,부령,4,절단 문장이나 위임 문형 완결.,
G0115,,취업 후 학자금 상환 특별법 시행령,7,채무자의 신고의무,4. 그 밖에 제1호부터 제3호까지에 준하는 것으로서 교육부장관이 정하는 사유,교육부장관이 정하는,위임행정규칙,미특정,행정규칙,2026학년도 2학기 취업 후 상환 학자금대출의 자격요건 등에 관한 고시,위임,미특정,5,,
G0116,,학교급식법,5,학교급식위원회 등,⑤제3항의 규정에 따른 학교급식지원심의위원회의 구성ㆍ운영과 제4항의 규정에 따른 학교급식지원센터의 설치ㆍ운영에 관하여 필요한 사항은 해당지방자치단체의 조례로 정한다.,조례로,위임자치법규,조례,자치법규,청송군 친환경무상급식 등 지원에 관한 조례,위임,조례,5,,
G0117,,학교급식법,5,학교급식위원회 등,⑤제3항의 규정에 따른 학교급식지원심의위원회의 구성ㆍ운영과 제4항의 규정에 따른 학교급식지원센터의 설치ㆍ운영에 관하여 필요한 사항은 해당지방자치단체의 조례로 정한다.,조례로,위임자치법규,조례,자치법규,강원특별자치도 친환경 학교급식 등 지원에 관한 조례,위임,조례,5,,
G0118,,평생교육법,14,시ㆍ군ㆍ자치구평생교육협의회,④ 시·군·구협의회의 구성·운영 등에 필요한 사항은 지방자치단체의 조례로 정한다.,조례로,위임자치법규,조례,자치법규,부천시 평생학습 기본 조례,위임,조례,5,,
G0119,,평생교육법,14,시ㆍ군ㆍ자치구평생교육협의회,④ 시·군·구협의회의 구성·운영 등에 필요한 사항은 지방자치단체의 조례로 정한다.,조례로,위임자치법규,조례,자치법규,영월군 평생학습 조례,위임,조례,5,,
G0120,,평생교육법,14,시ㆍ군ㆍ자치구평생교육협의회,④ 시·군·구협의회의 구성·운영 등에 필요한 사항은 지방자치단체의 조례로 정한다.,조례로,위임자치법규,조례,자치법규,대구광역시 수성구 평생교육진흥 조례,위임,조례,5,,
G0121,,영유아보육법 시행규칙,24,국공립어린이집의 운영위탁,"⑨ 어린이집의 운영 위탁에 관한 구체적인 사항은 국립어린이집의 경우 교육부장관이 정하고, 공립어린이집의 경우 지방자치단체의 조례로 정한다.",조례로,위임자치법규,조례,자치법규,부산광역시 영도구 영유아 보육 조례,위임,조례,4,"국립=교육부장관(형식 무지정)/공립=조례 병렬 위임 — 본 행 표본 축(표지어구) 기준 조례 기재, 미특정 축 병존.",미특정
G0122,,교육공무원법,23,인사기록,필요한 사항은 교육부령으로,교육부령,시행규칙,부령,법령,교육공무원 인사기록 및 인사사무 처리 규칙,위임,부령,4,절단 문장이나 위임 문형 완결.,
G0123,,교육국제화특구의 지정ㆍ운영 및 육성에 관한 특별법,4,특구의 지정 등,특구를 지정한 때에는 대통령령으로 정하는 바에 따라 그 내용을 관보에 고시하고,고시하고,위임행정규칙,대통령령,행정규칙,교육국제화특구 지정 고시,위임,대통령령,4,'대통령령으로 정하는 바에 따라 관보에 고시' — 위임 형식은 대통령령이고 '고시'는 공고행위(규범형식 위임 아님). API 구분(위임행정규칙)은 오분류로 판단 — 감사 대상 오류 후보.,
G0124,,한국학중앙연구원 육성법,2,출연금,필요한 사항은 대통령령으로,대통령령,시행령,대통령령,법령,한국학중앙연구원 육성법 시행령,위임,대통령령,4,절단 문장이나 위임 문형 완결.,
G0125,,산업교육진흥 및 산학연협력촉진에 관한 법률,36,"교직원, 연구원의 겸직 및 휴직",대통령령으로 정한다,대통령령,시행령,대통령령,법령,산업교육진흥 및 산학연협력촉진에 관한 법률 시행령,위임,대통령령,4,절단 문장이나 위임 문형 완결.,
G0126,,초ㆍ중등교육법,27,학력인정 시험,사항은 교육부령으로,교육부령,시행규칙,부령,법령,초ㆍ중등교육법 시행규칙,위임,부령,4,절단 문장이나 위임 문형 완결.,
G0127,,교육감 소속 지방공무원 평정규칙,16,경력의 평정점,④ 교육감은 경력평정을 할 때 해당 지방자치단체의 운용 여건을 고려하여 가산점을 부여할 특별한 사유가 있는 직위를 교육규칙으로 정할 수 있다.,교육규칙으로,위임자치법규,조례,자치법규,서울특별시교육청 지방공무원 인사규칙,위임,교육규칙,4,문언이 요구하는 형식은 '교육규칙'(교육감 제정 자치법규) — L2 값 목록 부재로 목록 외 값 기재. '조례'로 강제 매핑하면 자동추출의 자치법규 하위형식 혼동이 은폐됨.,
G0128,,평생교육법,21,시ㆍ군ㆍ구평생학습관 등의 설치ㆍ운영 등,④ 제1항 및 제2항에 따른 평생학습관의 설치·운영 등에 필요한 사항은 해당 지방자치단체의 조례로 정한다.,조례로,위임자치법규,조례,자치법규,거제시 평생교육 진흥 조례,위임,조례,5,,
G0129,,대안교육기관에 관한 법률 시행령,7,대안교육기관에 대한 경비 지원,④ 제1항부터 제3항까지의 규정에서 정한 사항 외에 대안교육기관에 대한 경비 지원에 필요한 사항은 해당 지방자치단체의 조례로 정한다.,조례로,위임자치법규,조례,자치법규,충청북도 학교 밖 청소년 지원조례,위임,조례,5,,
G0130,,초ㆍ중등교육법,43,입학자격 등,사항은 대통령령으로,대통령령,시행령,대통령령,법령,초ㆍ중등교육법 시행령,위임,대통령령,4,절단 문장이나 위임 문형 완결.,
G0131,,평생교육법,31,학교형태의 평생교육시설,대통령령으로 정하는,대통령령,시행령,대통령령,법령,평생교육법 시행령,위임,대통령령,4,절단 문장이나 위임 문형 완결.,
G0132,,교육환경 보호에 관한 법률 시행령,16,교육환경평가서의 작성 및 제출,2. 제1항제2호의 내용 중 교육규칙으로 정하는 것,내용 중 교육규칙으로,위임자치법규,조례,자치법규,충청북도교육청 교육환경평가서 작성 등에 관한 규칙,위임,교육규칙,4,호 절단이나 '교육규칙으로 정하는 것' 부분위임 문형 완결. 문언이 요구하는 형식은 '교육규칙'(교육감 제정 자치법규) — L2 값 목록 부재로 목록 외 값 기재. '조례'로 강제 매핑하면 자동추출의 자치법규 하위형식 혼동이 은폐됨.,
G0133,,진로교육법,16,지역진로교육센터,② 제1항에 따른 지역진로교육센터의 구성ㆍ운영 및 전담기관의 지정 등에 필요한 사항은 조례로 정한다.,조례로,위임자치법규,조례,자치법규,서울특별시교육청 진로교육 활성화 조례,위임,조례,5,,
G0134,,평생교육법,21,시ㆍ군ㆍ구평생학습관 등의 설치ㆍ운영 등,④ 제1항 및 제2항에 따른 평생학습관의 설치·운영 등에 필요한 사항은 해당 지방자치단체의 조례로 정한다.,조례로,위임자치법규,조례,자치법규,서울특별시 양천구 평생교육진흥 조례,위임,조례,5,,
G0135,,재외국민의 교육지원 등에 관한 법률 시행령,15,공무원이 아닌 사람의 채용기간 등,필요한 사항은 교육부령으로,교육부령,시행규칙,부령,법령,재외국민의 교육지원 등에 관한 법률 시행규칙,위임,부령,4,절단 문장이나 위임 문형 완결.,
G0136,,고등교육법,35,학위의 수여,사항은 대통령령으로,대통령령,시행령,대통령령,법령,고등교육법 시행령,위임,대통령령,4,절단 문장이나 위임 문형 완결.,
G0137,,어린이ㆍ노인 및 장애인 보호구역의 지정 및 관리에 관한 규칙,2,정의,마. 그 밖에 노인이 자주 왕래하는 곳으로서 조례로 정하는 시설 또는 장소,노인이 자주 왕래하는 곳으로서 조례로,위임자치법규,조례,자치법규,시흥시 노인 보호구역 지정 및 관리에 관한 조례,위임,조례,5,,
G0138,,폐교재산의 활용촉진을 위한 특별법 시행령,3,수의계약에 의한 대부 및 매각 등,②법 제5조제1항에 따라 대부하는 경우 연간 대부료율은 해당 폐교재산평정가격(「공유재산 및 물품 관리법 시행령」 제31조제2항에 따른 가격을 말한다. 이하 같다)을 고려하여 해당 특별시ㆍ광역시ㆍ특별자치시ㆍ도 및 특별자치도(이하 “시ㆍ도”라 한다)의 조례로 정한다.,조례로,위임자치법규,조례,자치법규,강원특별자치도교육비특별회계 소관 공유재산관리 조례,위임,조례,5,괄호 내 공유재산법 시행령 정의 원용은 인용 성격이나 주문은 조례 위임.,
G0139,,영유아보육법,12,국공립어린이집의 설치 등,대통령령으로 정하는,대통령령,시행령,대통령령,법령,영유아보육법 시행령,위임,대통령령,4,절단 문장이나 위임 문형 완결.,
G0140,,고등교육법,21,교육과정의 운영,대통령령으로 정한다,대통령령,시행령,대통령령,법령,고등교육법 시행령,위임,대통령령,4,절단 문장이나 위임 문형 완결.,
G0141,,교육공무원법,14,승진후보자 명부,대통령령으로 정하는,대통령령,시행령,대통령령,법령,교육공무원 승진규정|교육공무원임용령,위임,대통령령,4,절단 문장이나 위임 문형 완결.,
G0142,,국립대학법인 서울대학교 설립ㆍ운영에 관한 법률,14,결격사유 등,대통령령으로 정하는 사유로 학교 경영에,대통령령,시행령,대통령령,법령,국립대학법인 서울대학교 설립ㆍ운영에 관한 법률 시행령,위임,대통령령,4,절단 문장이나 위임 문형 완결.,
G0143,,재외국민의 교육지원 등에 관한 법률,11,학교운영위원회,필요한 사항은 대통령령으로,대통령령,시행령,대통령령,법령,재외국민의 교육지원 등에 관한 법률 시행령,위임,대통령령,4,절단 문장이나 위임 문형 완결.,
G0144,,초ㆍ중등교육법,21,교원의 자격,대통령령으로 정하는,대통령령,시행령,대통령령,법령,교원자격검정령|교원자격검정령|교원자격검정령,위임,대통령령,4,절단 문장이나 위임 문형 완결.,
G0145,,교육공무원법,32,장학금 지급 및 의무복무,③ 교육감은 제2항에 따라 장학금을 받는 사람에 대하여 교육대학을 졸업한 후 4년의 범위에서 해당 관할지역에서 실시되는 교사 공개전형에 응시하여 합격한 경우에는 장학금을 받은 기간의 2배의 범위에서 시·도의 조례로 정하는 기간 동안 교육감이 정하는 지역에서 복무하도록 의무를 부과할 수 있다.,시.도의 조례로 정하는 기간,위임자치법규,조례,자치법규,전라남도교육감 추천 광주교육대학교 입학생 장학금 지급에 관한 조례,위임,조례,4,"조례(복무기간) 위임 + '교육감이 정하는 지역'(형식 무지정, 개별 지정 성격 병존) — 표본 축 조례 기재.",미특정
G0146,,교원의 지위 향상 및 교육활동 보호를 위한 특별법,21,법률지원단의 구성 및 운영,② 제1항에 따른 법률지원단의 구성 및 운영에 필요한 사항은 교육부령 또는 시ㆍ도의 교육규칙으로 정한다.,교육규칙으로,위임자치법규,부령,자치법규,인천광역시교육청 교육활동 보호 법률지원단 구성 및 운영에 관한 규칙,위임,교육규칙,4,"'교육부령 또는 시·도의 교육규칙' 병렬 — 표지어구 기준 교육규칙(목록 외 값) 기재, 부령 병존(자동추출 '부령'은 다른 축).",부령
G0147,,독학에 의한 학위취득에 관한 법률 시행령,9,시험과목 면제 대상,교육부령으로 정하는,교육부령,시행규칙,부령,법령,독학에 의한 학위취득에 관한 법률 시행규칙,위임,부령,4,절단 문장이나 위임 문형 완결.,
G0148,,초ㆍ중등교육법 시행규칙,42,수수료,① 시험 응시 수수료 및 검정고시에 따르는 각종 증명서의 발급 수수료에 관하여 필요한 사항은 시·도의 조례로 정한다.,조례로,위임자치법규,고시,자치법규,제주특별자치도 교육ㆍ학예에 관한 각종 수수료 징수 조례,위임,조례,5,자동추출(고시)과 불일치 — 문언은 조례 위임(추출기 정밀도 오류 사례).,
G0149,,사립학교법 시행령,7,개방이사의 추천ㆍ선임 등,학교의 교육과정 등을 확인하여 제6항에 따른 학교법인을 고시한다.,고시한다,위임행정규칙,고시,행정규칙,종교지도자 양성 대학법인 지정 고시,인용,해당없음,3,영 제6항의 요건에 해당하는 학교법인의 확인·지정 공고('…을 고시한다') — 규율권한 이전이 아닌 개별(집합적) 지정 권한 부여로 판단(경계규칙: 개별 처분 권한만 부여=인용). 자동추출(고시)과 불일치. 고시가 법령보충적 기능을 한다고 보면 위임 재해석 여지.,
G0150,,지방자치단체의 교육경비 보조에 관한 규정,4,보조의 신청등,①지방자치단체의 장은 해당 연도 보조사업에 대하여 각급학교의 장에게 보조대상사업 및 그 예산액을 통지하고 보조신청서를 제출하도록 하여야 한다. 이 경우 해당 지방자치단체의 조례로 정하는 바에 따라 관할 교육감 또는 교육장을 거쳐 보조대상사업 및 그 예산액을 통지하거나 보조신청서를 제출하게 할 수 있다.,조례로,위임자치법규,조례,자치법규,안동시 교육경비 보조에 관한 조례,위임,조례,5,,
G0151,,평생교육법,14,시ㆍ군ㆍ자치구평생교육협의회,④ 시·군·구협의회의 구성·운영 등에 필요한 사항은 지방자치단체의 조례로 정한다.,조례로,위임자치법규,조례,자치법규,양양군 평생교육진흥 조례,위임,조례,5,,
G0152,,학원의 설립ㆍ운영 및 과외교습에 관한 법률,14,교습소 설립ㆍ운영의 신고 등,교육부령으로 정하는,교육부령,시행규칙,부령,법령,학원의 설립ㆍ운영 및 과외교습에 관한 법률 시행규칙,위임,부령,4,절단 문장이나 위임 문형 완결.,
G0153,,초ㆍ중등교육법,30,학교회계의 설치,"⑤ 학교회계의 설치에 필요한 사항은 국립학교의 경우에는 교육부령으로, 공립학교의 경우에는 시·도의 교육규칙으로 정한다.",교육규칙으로,위임자치법규,부령,자치법규,전북특별자치도 공립학교회계 규칙,위임,교육규칙,4,"국립=교육부령/공립=교육규칙 병렬 — 표지어구 기준 교육규칙(목록 외 값) 기재, 부령 병존(자동추출 '부령'은 다른 축).",부령
G0154,,영유아보육법,14,직장어린이집의 설치 등,교육부령으로 정한다,교육부령,시행규칙,부령,법령,영유아보육법 시행규칙,위임,부령,4,절단 문장이나 위임 문형 완결.,
G0155,,교원 등의 연수에 관한 규정,2,연수기관의 종류 및 설치 등,교육부령으로 정하는,교육부령,시행규칙,부령,법령,교원 등의 연수에 관한 규정 시행규칙,위임,부령,4,절단 문장이나 위임 문형 완결.,
G0156,,교육시설 등의 안전 및 유지관리 등에 관한 법률,8,교육시설에 관한 최소환경기준의 설정,대통령령으로 정한다,대통령령,시행령,대통령령,법령,교육시설 등의 안전 및 유지관리 등에 관한 법률 시행령,위임,대통령령,4,절단 문장이나 위임 문형 완결.,
G0157,,학원의 설립ㆍ운영 및 과외교습에 관한 법률,6,학원 설립ㆍ운영의 등록,② 숙박시설을 갖춘 학교교과교습학원의 등록은 대통령령으로 정하는 범위에서 관할 지역의 교육여건과 수강생의 안전 및 숙박시설의 필요성 등을 고려하여 시·도의 조례로 정하는 기준에 맞는 경우에만 할 수 있다.,조례로,위임자치법규,대통령령,자치법규,강원특별자치도 학원의 설립ㆍ운영 및 과외교습에 관한 조례,위임,조례,4,대통령령(범위)+조례(기준) 이중 위임 — 표본 축 기준 조례 기재(자동추출 '대통령령'은 다른 축).,대통령령
G0158,,유아교육법,19,유치원회계의 설치,"⑥ 유치원회계의 설치에 필요한 사항은 국립유치원의 경우에는 교육부령으로, 공립유치원의 경우에는 시·도의 교육규칙으로 정한다.",교육규칙으로,위임자치법규,부령,자치법규,인천광역시 공립학교 회계 규칙,위임,교육규칙,4,"국립=교육부령/공립=교육규칙 병렬 — 표지어구 기준 교육규칙(목록 외 값) 기재, 부령 병존(자동추출 '부령'은 다른 축).",부령
G0159,,초ㆍ중등교육법 시행령,91,특성화고등학교 지정ㆍ운영위원회,② 제1항에 따른 특성화고등학교 지정·운영위원회의 구성 및 운영에 필요한 사항은 시·도 교육규칙으로 정한다.,교육규칙으로 정한다,위임자치법규,조례,자치법규,울산광역시 특성화고등학교 지정ㆍ운영 등에 관한 규칙,위임,교육규칙,4,문언이 요구하는 형식은 '교육규칙'(교육감 제정 자치법규) — L2 값 목록 부재로 목록 외 값 기재. '조례'로 강제 매핑하면 자동추출의 자치법규 하위형식 혼동이 은폐됨.,
G0160,,평생교육법,21,시ㆍ군ㆍ구평생학습관 등의 설치ㆍ운영 등,④ 제1항 및 제2항에 따른 평생학습관의 설치·운영 등에 필요한 사항은 해당 지방자치단체의 조례로 정한다.,조례로,위임자치법규,조례,자치법규,의왕시 평생교육 조례,위임,조례,5,,
G0161,,학교폭력예방 및 대책에 관한 법률,17,가해학생에 대한 조치,필요한 사항은 대통령령으로,대통령령,시행령,대통령령,법령,학교폭력예방 및 대책에 관한 법률 시행령,위임,대통령령,4,절단 문장이나 위임 문형 완결.,
G0162,,평생교육법,16,경비보조 및 지원,② 지방자치단체의 장은 해당 지방자치단체의 조례로 정하는 바에 따라 주민을 위한 평생교육진흥사업을 실시하거나 지원할 수 있다. 이 경우 교육감 또는 지역교육장과 협의하여야 한다.,조례로,위임자치법규,조례,자치법규,순창군 평생교육 진흥 조례,위임,조례,5,,
G0163,,교육관련기관의 정보공개에 관한 특례법,10,공개ㆍ공시 정보의 활용에 대한 시정 또는 변경 명령,대통령령으로 정한다,대통령령,시행령,대통령령,법령,교육관련기관의 정보공개에 관한 특례법 시행령,위임,대통령령,4,절단 문장이나 위임 문형 완결.,
G0164,,초ㆍ중등교육법 시행령,79,고등학교입학전형위원회,②고등학교입학전형위원회의 조직 및 운영에 관한 사항은 시ㆍ도 교육규칙으로 정한다.,관한 사항은 시.도 교육규칙으로 정한다,위임자치법규,조례,자치법규,제주특별자치도 고등학교 입학전형위원회 규칙,위임,교육규칙,4,문언이 요구하는 형식은 '교육규칙'(교육감 제정 자치법규) — L2 값 목록 부재로 목록 외 값 기재. '조례'로 강제 매핑하면 자동추출의 자치법규 하위형식 혼동이 은폐됨.,
G0165,,평생교육법,16,경비보조 및 지원,② 지방자치단체의 장은 해당 지방자치단체의 조례로 정하는 바에 따라 주민을 위한 평생교육진흥사업을 실시하거나 지원할 수 있다. 이 경우 교육감 또는 지역교육장과 협의하여야 한다.,조례로,위임자치법규,조례,자치법규,서울특별시 영등포구 평생교육 진흥 조례,위임,조례,5,,
G0166,,교원의 지위 향상 및 교육활동 보호를 위한 특별법,13,교원지위향상심의회의 설치,필요한 사항은 대통령령으로,대통령령,시행령,대통령령,법령,교원 지위 향상을 위한 교섭ㆍ협의에 관한 규정,위임,대통령령,4,절단 문장이나 위임 문형 완결.,
G0167,,학원의 설립ㆍ운영 및 과외교습에 관한 법률,4,학원설립ㆍ운영자 등의 책무,"③ 학원설립·운영자 및 교습자는 특별시·광역시·특별자치시·도 및 특별자치도(이하 ""시·도""라 한다)의 조례로 정하는 바에 따라 학원·교습소의 운영과 관련하여 학원·교습소의 수강생에게 발생한 생명·신체상의 손해를 배상할 것을 내용으로 하는 보험이나 공제사업에 가입하는 등 필요한 안전조치를 취하여야 한다",조례로,위임자치법규,조례,자치법규,강원특별자치도 학원의 설립ㆍ운영 및 과외교습에 관한 조례,위임,조례,5,,
G0168,,산업교육진흥 및 산학연협력촉진에 관한 법률,3,학생의 진로 지도,대통령령으로 정한다,대통령령,시행령,대통령령,법령,산업교육진흥 및 산학연협력촉진에 관한 법률 시행령,위임,대통령령,4,절단 문장이나 위임 문형 완결.,
G0169,,평생교육법 시행령,77,권한의 위임ㆍ위탁,③ 교육감은 법 제44조제3항에 따라 다음 각 호의 권한을 조례로 정하는 바에 따라 소관 교육장에게 위임할 수 있다.,조례로,위임자치법규,조례,자치법규,경기도교육감 행정권한 위임에 관한 조례,위임,조례,5,권한의 행정위임 구조이나 그 요건·방식의 규율을 조례에 맡기는 문언.,
G0170,,국립대학치과병원 설치법,9,임원,대통령령으로 정하는 요건을,대통령령,시행령,대통령령,법령,국립대학치과병원 설치법 시행령,위임,대통령령,4,절단 문장이나 위임 문형 완결.,
G0171,,학원의 설립ㆍ운영 및 과외교습에 관한 법률,4,학원설립ㆍ운영자 등의 책무,"③ 학원설립·운영자 및 교습자는 특별시·광역시·특별자치시·도 및 특별자치도(이하 ""시·도""라 한다)의 조례로 정하는 바에 따라 학원·교습소의 운영과 관련하여 학원·교습소의 수강생에게 발생한 생명·신체상의 손해를 배상할 것을 내용으로 하는 보험이나 공제사업에 가입하는 등 필요한 안전조치를 취하여야 한다",조례로,위임자치법규,조례,자치법규,대전광역시 학원의 설립ㆍ운영 및 과외교습에 관한 조례,위임,조례,5,,
G0172,,학교보건법,7,건강검사 등,사항은 교육부령으로,교육부령,시행규칙,부령,법령,학교건강검사규칙,위임,부령,4,절단 문장이나 위임 문형 완결.,
G0173,,인성교육진흥법 시행령,12,인성교육 지원 등,④ 제3항에 따른 시·도인성교육진흥협의회의 구성·운영에 필요한 사항은 해당 지방자치단체의 조례로 정한다.,조례로,위임자치법규,조례,자치법규,강원특별자치도교육청 인성교육 진흥 조례,위임,조례,5,,
G0174,,교육공무원법,14,승진후보자 명부,대통령령으로 정하는,대통령령,시행령,대통령령,법령,교육공무원 승진규정|교육공무원임용령,위임,대통령령,4,절단 문장이나 위임 문형 완결.,
G0175,,지방교육자치에 관한 법률,32,교육기관의 설치,교육감은 그 소관 사무의 범위 안에서 필요한 때에는 대통령령 또는 조례로 정하는 바에 따라 교육기관을 설치할 수 있다.,조례로,위임자치법규,대통령령,자치법규,경기도교육청 행정기구 설치조례,위임,조례,4,"문언은 '대통령령 또는 조례' 복수 형식 위임 — 표본 축 기준 조례 기재, 대통령령 병존. 자동추출(대통령령)은 다른 축만 포착. G0004·G0107과 동일 문장.",대통령령
G0176,,법학전문대학원 설치ㆍ운영에 관한 법률,24,적성시험의 시행,④ 적성시험에 응시하고자 하는 사람은 교육부장관이 정하는 응시수수료를 납부하여야 한다.,교육부장관이 정하는,위임행정규칙,미특정,행정규칙,"법학전문대학원 적성시험의 응시수수료 및 반환 금액, 절차·방법 등에 관한 고시",위임,미특정,5,,
G0177,,평생교육법 시행령,77,권한의 위임ㆍ위탁,③ 교육감은 법 제44조제3항에 따라 다음 각 호의 권한을 조례로 정하는 바에 따라 소관 교육장에게 위임할 수 있다.,조례로,위임자치법규,조례,자치법규,대전광역시교육감 소관 행정권한의 위임에 관한 조례,위임,조례,5,권한의 행정위임 구조이나 그 요건·방식의 규율을 조례에 맡기는 문언.,
G0178,,대안교육기관에 관한 법률 시행령,7,대안교육기관에 대한 경비 지원,④ 제1항부터 제3항까지의 규정에서 정한 사항 외에 대안교육기관에 대한 경비 지원에 필요한 사항은 해당 지방자치단체의 조례로 정한다.,조례로,위임자치법규,조례,자치법규,부산광역시 영도구 학교 밖 청소년 지원 조례,위임,조례,5,,
G0179,,유아교육법 시행령,33,방과후 과정 운영 등에 대한 지원,② 특별시장·광역시장·특별자치시장·도지사·특별자치도지사 및 시장·군수·구청장은 조례로 정하는 바에 따라 제1항 각 호의 경비의 전부 또는 일부를 방과후 과정을 운영하거나 제12조에 따른 수업일수를 초과하여 운영하는 유치원에 지원할 수 있다.,조례로,위임자치법규,조례,자치법규,홍천군 교육경비 보조에 관한 조례,위임,조례,5,,
G0180,,교원의 지위 향상 및 교육활동 보호를 위한 특별법,5,학교 안전사고로부터의 보호,법률로 정한다,법률,시행규칙,,법령,학교안전사고 예방 및 보상에 관한 법률,인용,해당없음,4,'따로 법률로 정한다' — 별도 법률에의 유보(입법 지시)로서 하위 규범에의 위임이 아님. API 구분(시행규칙)은 오분류로 판단. G0023과 동일 문장.,
G0181,,영유아보육법,46,어린이집의 원장의 자격정지,교육부령으로 정하는,교육부령,시행규칙,부령,법령,영유아보육법 시행규칙,위임,부령,4,"절단('교육부령으로 정하는') — 같은 조의 G0112('정한 급식기준', 원용)와 달리 위임 문형.",
G0182,,영재교육 진흥법,16,특례자 선정 등,대통령령으로 정한다,대통령령,시행령,대통령령,법령,영재교육진흥법 시행령,위임,대통령령,4,절단 문장이나 위임 문형 완결.,
G0183,,평생교육법,32,사내대학형태의 평생교육시설,대통령령으로 정하는,대통령령,시행령,대통령령,법령,평생교육법 시행령,위임,대통령령,4,절단 문장이나 위임 문형 완결.,
G0184,,영유아보육법 시행규칙,24,국공립어린이집의 운영위탁,"⑨ 어린이집의 운영 위탁에 관한 구체적인 사항은 국립어린이집의 경우 교육부장관이 정하고, 공립어린이집의 경우 지방자치단체의 조례로 정한다.",조례로,위임자치법규,조례,자치법규,홍성군 영유아 보육 조례,위임,조례,4,"국립=교육부장관(형식 무지정)/공립=조례 병렬 위임 — 본 행 표본 축(표지어구) 기준 조례 기재, 미특정 축 병존.",미특정
G0185,,특수외국어 교육 진흥에 관한 법률,8,전문교육기관의 지정 등,대통령령으로 정한다,대통령령,시행령,대통령령,법령,특수외국어 교육 진흥에 관한 법률 시행령,위임,대통령령,4,절단 문장이나 위임 문형 완결.,
G0186,,지방교육행정기관의 행정기구와 정원기준 등에 관한 규정,20,정원의 규정,"② 제13조에 따른 단위기관별 정원은 제1항에 따른 정원의 총수 범위에서 종류별·직급별로 구분하여 해당 시·도의 조례로 정한다. 다만, 다음 각 호의 어느 하나에 해당하는 정원은 조례로 그 총수만 정하고 그 범위에서 제13조제2항에 따른 단위기관별로 해당 시·도의 교육규칙으로 정한다",총수만 정하고 그 범위에서 제13조제2항에 따른 단위기관별로 해당 시.도의 교육규칙으로 정한다,위임자치법규,조례,자치법규,인천광역시교육감 소속 지방공무원 정원 조례 시행규칙,위임,교육규칙,4,"본문 조례 위임 + 단서 교육규칙 위임 — 표지어구(단서) 기준 교육규칙(목록 외 값) 기재, 조례 병존(자동추출 '조례'는 본문 축). G0034와 동일 문장·다른 표본 축.",조례
G0187,,교육공무원법,45,휴직기간 등,대통령령으로 정하는,대통령령,시행령,대통령령,법령,교육공무원임용령|교원 등의 연수에 관한 규정,위임,대통령령,4,절단 문장이나 위임 문형 완결.,
G0188,,초ㆍ중등교육법 시행령,59,의견 수렴 등,"③ 국·공립학교에 두는 운영위원회는 국립학교의 경우에는 학칙으로, 공립학교의 경우에는 시·도의 조례로 정하는 바에 따라 학생 대표가 학생의 학교생활에 관련된 사항에 관하여 학생들의 의견을 수렴하여 운영위원회에 제안하게 할 수 있다.",시.도의 조례로 정하는 바에 따라 학생,위임자치법규,조례,자치법규,경상북도립학교운영위원회 설치ㆍ운영에 관한 조례,위임,조례,4,"국립=학칙/공립=조례 병렬 — 표본 축 기준 조례 기재, 학칙(목록 외) 병존.",학칙
G0189,,교육공무원법,32,장학금 지급 및 의무복무,③ 교육감은 제2항에 따라 장학금을 받는 사람에 대하여 교육대학을 졸업한 후 4년의 범위에서 해당 관할지역에서 실시되는 교사 공개전형에 응시하여 합격한 경우에는 장학금을 받은 기간의 2배의 범위에서 시·도의 조례로 정하는 기간 동안 교육감이 정하는 지역에서 복무하도록 의무를 부과할 수 있다.,시.도의 조례로 정하는 기간,위임자치법규,조례,자치법규,전북특별자치도교육감의 전주교육대학교 입학생 추천 및 장학금 지급에 관한 조례,위임,조례,4,"조례(복무기간) 위임 + '교육감이 정하는 지역'(형식 무지정, 개별 지정 성격 병존) — 표본 축 조례 기재. G0145와 동일 문장.",미특정
G0190,,평생교육법,14,시ㆍ군ㆍ자치구평생교육협의회,④ 시·군·구협의회의 구성·운영 등에 필요한 사항은 지방자치단체의 조례로 정한다.,조례로,위임자치법규,조례,자치법규,횡성군 평생교육 진흥 조례,위임,조례,5,,
G0191,,특수학교시설ㆍ설비기준령,4,교육 관련 시설의 종류 및 기준,"①학교가 학생의 교육을 위하여 설치하여야 하는 시설의 종류 및 그 기준은 별표 1과 같다. 다만, 지역의 여건 및 학생의 장애 유형 등을 고려하여 시설의 종류별 면적기준을 3분의 1의 범위에서 시·도 조례로 정하는 바에 따라 완화하거나 강화하여 적용할 수 있다.",조례로,위임자치법규,조례,자치법규,경상남도교육청 특수교육 진흥에 관한 조례,위임,조례,5,,
G0192,,평생교육법,14,시ㆍ군ㆍ자치구평생교육협의회,④ 시·군·구협의회의 구성·운영 등에 필요한 사항은 지방자치단체의 조례로 정한다.,조례로,위임자치법규,조례,자치법규,울산광역시 울주군 평생학습 조례,위임,조례,5,,
G0193,,교육공무원법,42,연수 실적 및 근무성적의 평정,사항은 대통령령으로,대통령령,시행령,대통령령,법령,교육공무원 승진규정,위임,대통령령,4,절단 문장이나 위임 문형 완결.,
G0194,,자격기본법,5,국가직무능력표준,대통령령으로 정한다,대통령령,시행령,대통령령,법령,자격기본법 시행령,위임,대통령령,4,절단 문장이나 위임 문형 완결.,
G0195,,취업 후 학자금 상환 특별법 시행령,7,채무자의 신고의무,"신고의 절차, 방법 등에 관하여 필요한 사항은 교육부장관이 정한다.",교육부장관이 정한다,위임행정규칙,,행정규칙,2026학년도 1학기 취업 후 상환 학자금대출의 자격 요건 등에 관한 고시,위임,미특정,5,'교육부장관이 정한다' — 형식 무지정. 자동추출 공란(미포착) — 추출기 재현율 오류 사례.,
G0196,,교육공무원법,18,겸임,대통령령으로 정한다,대통령령,시행령,대통령령,법령,교육공무원임용령,위임,대통령령,4,절단 문장이나 위임 문형 완결.,
G0197,,고등교육법,54,전공심화과정에 대한 학위수여,대통령령으로 정하는 과의,대통령령,시행령,대통령령,법령,고등교육법 시행령,위임,대통령령,4,절단 문장이나 위임 문형 완결.,
G0198,,어린이ㆍ노인 및 장애인 보호구역의 지정 및 관리에 관한 규칙,2,정의,바. 그 밖에 어린이가 자주 왕래하는 곳으로서 조례로 정하는 시설 또는 장소,어린이가 자주 왕래하는 곳으로서 조례로,위임자치법규,조례,자치법규,순천시 어린이 보호구역 및 어린이 통학로 교통안전 조례,위임,조례,5,,
G0199,,취업 후 학자금 상환 특별법 시행령,21,채무자의 원천공제금액 납부 등,납부를 하려는 채무자는 교육부령으로 정하는 납부서를 첨부하여 교육부장관이 정하는 수납기관에 납부하여야 한다.,교육부장관이 정하는,위임행정규칙,부령,행정규칙,취업 후 학자금 상환 사무처리규정,위임,미특정,3,이중 구조: '교육부령으로 정하는 납부서'(부령 서식 위임) + '교육부장관이 정하는 수납기관'(형식 무지정) — 표지어구 축 기준 미특정 기재. '정하는 수납기관'은 개별 지정(처분) 성격의 여지가 있어 확신도 하향. 자동추출(부령)은 다른 축.,부령
G0200,,국립대학치과병원 설치법,3,설립,대통령령으로 정한다,대통령령,시행령,대통령령,법령,국립대학치과병원 설치법 시행령,위임,대통령령,4,절단 문장이나 위임 문형 완결.,
