판독순위,tier,score,source,id,사건번호,선고일자,법원,사건명,매칭쿼리,강한신호,판시사항,요지,링크,O1_무효판단,O2_결함유형,O3_대상규정명,O4_대상규정일련번호,O5_메모,O6_판시유형,O7_대상층위,O8_코퍼스관계
1,A,17,prec,226343,2017두66541,2020.05.28,대법원,공급자등록취소무효확인등청구,대외적 구속력 고시; 대외적 구속력,"위임\s*없,대외적\s*구속력이?\s*(없|인정되지),효력이?\s*(없|인정),무효","  [1] 공공기관의 운영에 관한 법률 제39조 제2항과 그 하위법령에 따른 입찰참가자격제한 조치가 행정처분에 해당하는지 여부(적극) 및 한국수력원자력 주식회사가 법령에 따라 행정처분권한을 위임받은 공공기관으로서 행정청에 해당하는지 여부(적극)   [2] 행정기관이 소속 공무원이나 하급행정기관에 대하여 세부적인 업무처리절차나 법령의 해석·적용 기준을 정해 주는 ‘행정규칙’이 대외적으로 국민이나 법원을 구속하는 효력이 있는지 여부(원칙적 소극) 및 행정기관의 재량에 속하는 사항에 관한 행정규칙의 경우, 법원은 이를 존중해야 하는지 여부(원칙적 적극) / 상위법령이나 법의 일반원칙을 위반한 행정규칙의 효력(당연무효) 및 이 경우 법원이 위 행정규칙에 따라 행정기관이 한 조치의 당부를 판단하는 방법   [3] 한","  [1] 행정절차에 관한 일반법인 행정절차법은 행정청을 “행정에 관한 의사를 결정하여 표시하는 국가 또는 지방자치단체의 기관”, “그 밖에 법령 또는 자치법규에 따라 행정권한을 가지고 있거나 위임 또는 위탁받은 공공단체 또는 그 기관이나 사인(私人)”이라고 정의하고 있고(제2조 제1호), 행정소송법도 “이 법을 적용함에 있어서 행정청에는 법령에 의하여 행정권한의 위임 또는 위탁을 받은 행정기관, 공공단체 및 그 기관 또는 사인이 포함된다.”라고 규정하고 있다(제2조 제2항). 공공기관의 운영에 관한 법률(이하 ‘공공기관운영법’이라 한다) 제39조는 공기업·준정부기관은 공정한 경쟁이나 계약의 적정한 이행을 해칠 것이 명백하다고 판단되는 사람·법인 또는 단체 등에 대하여 2년의 범위 내에서 일정 기간 입찰참가",/DRF/lawService.do?OC=YOUR_OC&target=prec&ID=226343&type=HTML&mobileYn=,Y,D1,한국수력원자력(주) 공급자관리지침 중 공급자등록취소 및 그에 따른 거래제한(등록제한) 조항,,상위 법령(공공기관운영법 제39조 및 계약사무규칙)의 구체적 위임 없이 정한 것으로 대외적 구속력 없는 내부규정이라고 판시. 공기업 내부지침으로 정부 행정규칙 코퍼스 대상 아님(코퍼스 범위외).,구속력부정,기관내부규정(공기업),범위외
2,A,15,prec,164521,2010다72076,2012.07.05,대법원,손해배상(기)등,대외적 구속력 고시; 재위임; 대외적 구속력,"위임범위를?\s*벗어,위임의?\s*한계,효력이?\s*(없|인정)"," [1] 상위법령에서 세부사항 등을 시행규칙으로 정하도록 위임하였음에도 이를 고시 등 행정규칙으로 정한 경우, 대외적 구속력을 가지는 법규명령으로서 효력을 인정할 수 있는지 여부(소극)   [2] 구 주택건설촉진법 제33조의6 제6항의 위임에 의하여 건설교통부장관의 ‘고시’ 형식으로 되어 있는 ‘주택건설공사 감리비지급기준’이 이를 건설교통부령으로 정하도록 한 구 주택법이 시행된 이후에도 대외적인 구속력이 있는 법규명령으로서 효력이 있는지 여부(소극)   [3] 건설교통부장관 고시인 ‘주택건설공사 감리비지급기준’이 ‘집행명령’에 해당하는지 여부(소극)   [4] 구 주택건설촉진법하에서 상위법령의 위임을 받아 제정된 행정규칙 등이 2003. 5. 29. 법률 제6916호로 전부 개정된 주택법 상위법령의 위임한계"," [1] 법령의 규정이 특정 행정기관에게 법령 내용의 구체적 사항을 정할 수 있는 권한을 부여하면서 권한행사의 절차나 방법을 특정하지 아니한 경우에는 수임 행정기관은 행정규칙이나 규정 형식으로 법령 내용이 될 사항을 구체적으로 정할 수 있다. 이 경우 행정규칙 등은 당해 법령의 위임한계를 벗어나지 않는 한 대외적 구속력이 있는 법규명령으로서 효력을 가지게 되지만, 이는 행정규칙이 갖는 일반적 효력이 아니라 행정기관에 법령의 구체적 내용을 보충할 권한을 부여한 법령 규정의 효력에 근거하여 예외적으로 인정되는 것이다. 따라서 그 행정규칙이나 규정이 상위법령의 위임범위를 벗어난 경우에는 법규명령으로서 대외적 구속력을 인정할 여지는 없다. 이는 행정규칙이나 규정 ‘내용’이 위임범위를 벗어난 경우뿐 아니라 상위법령의",/DRF/lawService.do?OC=YOUR_OC&target=prec&ID=164521&type=HTML&mobileYn=,Y,D2,건설교통부 고시 '주택건설공사 감리비지급기준',,"구 주택건설촉진법하에서는 법규명령 효력이 인정되었으나 전부개정 주택법(2003)이 지급기준을 건설교통부'령'(시행규칙)으로 정하도록 법형식을 지정한 이후에는 고시 형식으로는 법규명령 효력 불인정(D2 전형례, 가이드 인용 판례). 구 고시 폐지·실효 — 현행 부존재.",구속력부정,행정규칙(고시),폐지·실효
3,A,14,prec,207526,2016다276177,2019.05.30,대법원,마일리지청구의소,대외적 구속력 고시; 재위임; 대외적 구속력; 법규명령 행정규칙 효력,"위임의?\s*한계,대외적\s*구속력이?\s*(없|인정되지),재위임","[1] 약관의 규제에 관한 법률 제3조 제3항에 따라 설명의무의 대상이 되는 약관의 ‘중요한 내용’의 의미 / 약관에 정하여진 사항이 거래상 일반적이고 공통된 것이어서 고객이 별도의 설명 없이도 충분히 예상할 수 있거나 이미 법령에 의하여 정하여진 것을 되풀이하거나 부연하는 정도에 불과한 경우, 사업자에게 설명의무가 있는지 여부(소극) 및 설명의무를 면제하는 사유에 해당하는지 판단하는 기준 / 여기에서 말하는 ‘법령’의 의미 및 행정규칙이 이에 포함되는지 여부(원칙적 소극) / 약관 조항에서 대외적 구속력이 인정되지 않는 행정규칙으로서의 고시의 내용을 되풀이하거나 부연하고 있다는 이유만으로 사업자의 설명의무가 면제되는지 여부(소극) [2] 행정 각부의 장이 정하는 특정 고시가 법령에 근거를 두었으나 규정 내","[1] 약관의 규제에 관한 법률 제3조 제3항 전문은 “사업자는 약관에 정하여져 있는 중요한 내용을 고객이 이해할 수 있도록 설명하여야 한다.”라고 정하여 사업자에게 약관의 중요한 내용에 대하여 구체적이고 상세한 설명의무를 부과하고 있고, 같은 조 제4항은 이러한 약관의 설명의무를 위반하여 계약을 체결한 때에는 약관의 내용을 계약의 내용으로 주장할 수 없도록 하고 있다. 설명의무의 대상이 되는 ‘중요한 내용’은 사회통념에 비추어 고객이 계약체결의 여부나 대가를 결정하는 데 직접적인 영향을 미칠 수 있는 사항을 말한다. 사업자에게 약관의 명시·설명의무를 요구하는 것은 어디까지나 고객이 알지 못하는 가운데 약관의 중요한 사항이 계약 내용으로 되어 고객이 예측하지 못한 불이익을 받게 되는 것을 피하고자 하는 데 ",/DRF/lawService.do?OC=YOUR_OC&target=prec&ID=207526&type=HTML&mobileYn=,Y,기타,금융위원회 고시 '여신전문금융업감독규정' 중 신용카드 부가서비스 변경에 관한 조항('이 사건 고시규정'),,여신전문금융업법·시행령의 위임 범위를 벗어나 법규명령으로서 대외적 구속력 불인정(2019.5.30.). 가이드 O2표는 본 판결을 재위임(D3) 계열 예시로 들지만 판시상 결함은 위임범위의 내용적 일탈이어서 '기타'로 기재함. 금융위 소관 — 교육부 코퍼스 무관.,구속력부정,행정규칙(고시),타부처현행
4,A,14,detc,134535,2001헌라1,2002.10.31,,강남구청과 대통령간의 권한쟁의,행정규칙 위임 무효; 재위임,"위임의?\s*한계,재위임",1.헌법 제117조 제1항이 보장하는 지방자치권한의 내용과 한계2.헌법 제117조 제1항에서 규정하고 있는 ‘법령’의 의미3.시간외근무수당의 지급기준·지급방법 등에 관하여 필요한 사항은 행정자치부장관이 정하는 범위 안에서 지방자치단체의 장이 정하도록 규정하고 있는 지방공무원수당등에관한규정 제15조 제4항(이하 ‘문제조항’이라 한다)이 헌법 제117조 제1항에 위반되는지 여부(소극)4.법률에서 위임받은 것을 재위임하는 것의 한계5.문제조항이 재위임의 한계를 일탈한 것인지 여부(소극)6.문제조항이 청구인의 헌법상 자치권한을 본질적으로 침해한 것인지 여부(소극)7.지방자치법 제9조 제2항 제1호 마목 및 사목에서 규정하는 자치권한의 내용과 한계8.문제조항이 청구인의 위 지방자치법상 자치권한을 침해한 것인지 여부(,"1.헌법 제117조 제1항은 ""지방자치단체는 주민의 복리에 관한 사무를 처리하고 재산을 관리하며, 법령의 범위안에서 자치에 관한 규정을 제정할 수 있다""고 규정하여 지방자치제도의 보장과 지방자치단체의 자치권을 규정하고 있다. 헌법이 규정하는 이러한 자치권 가운데에는 자치에 관한 규정을 스스로 제정할 수 있는 자치입법권은 물론이고 그밖에 그 소속 공무원에 대한 인사와 처우를 스스로 결정하고 이에 관련된 예산을 스스로 편성하여 집행하는 권한이 성질상 당연히 포함된다. 다만, 이러한 헌법상의 자치권의 범위는 법령에 의하여 형성되고 제한된다. 헌법도 제117조 제1항에서 법령의 범위안에서 자치에 관한 규정을 제정할 수 있다고 하였고 제 118조 제2항에서 지방자치단체의 조직과 운영에 관한 사항은 법률로 정한다고 규",,N,,,,헌재 권한쟁의 기각: 지방공무원수당등에관한규정(대통령령) 제15조 제4항이 재위임 한계를 일탈하지 않았고 자치권 침해 아님(유효). 재위임 법리 설시 있음(false positive 대조군).,,,
5,A,12,detc,147228,2015헌마853,2018.05.31,,지방자치단체를 당사자로 하는 계약에 관한 법률 시행령 제30조 제5항 등 위헌확인,대외적 구속력 예규,"위임의?\s*한계,대외적\s*구속력이?\s*(없|인정되지)","1. 지방자치단체가 체결하는 수의계약과 관련, 계약이행능력 등 행정자치부장관이 정하는 기준에 따라 계약상대자를 결정하도록 규정한 구 ‘지방자치단체를 당사자로 하는 계약에 관한 법률 시행령’(2014. 11. 19. 대통령령 제25751호로 개정되고, 2017. 7. 26. 대통령령 제28211호로 개정되기 전의 것) 제30조 제5항(이하 ‘이 사건 시행령조항’이라 한다)의 기본권침해의 직접성이 인정되는지 여부(소극) 2. 계약의 체결이행 등과 관련한 금품 제공 등으로 부정당업자 제재 처분을 받은 자를 일정 기간 위와 같은 수의계약의 계약상대자에서 배제하도록 규정한 구 ‘지방자치단체 입찰 및 계약 집행기준’(2016. 11. 14. 행정자치부예규 제70호로 개정되고, 2017. 7. 26. 행정안전부예규 제1","1. 이 사건 시행령조항은 행정자치부장관에게 하위규범을 제정시행할 권한을 부여하고 있을 뿐 청구인에 대하여 법적 효과를 발생시키는 내용을 직접 규정하고 있지 아니하므로 기본권 침해의 직접성이 인정되지 아니한다.2. 이 사건 예규조항은 상위법령의 위임에 따라 ‘지방자치단체를 당사자로 하는 계약에 관한 법률’(이하 ‘지방계약법’이라 한다)상 수의계약의 계약상대자 선정 기준을 구체화한 것이고, 국가가 일방적으로 정한 기준에 따라 지방자치단체와 수의계약을 체결할 자격을 박탈하는 것은 상대방의 법적 지위에 영향을 미치므로, 이 사건 예규조항은 헌법소원의 대상이 되는 공권력의 행사에 해당한다.3. 지방계약법 제9조 제3항의 위임에 따라 이 사건 시행령조항이 행정자치부장관이 정하도록 이 사건 예규조항에 위임하고 있는 ‘",,N,,,,헌재 2018.5.31. 기각: '지방자치단체 입찰 및 계약 집행기준'(행정자치부예규 제70호) 제5장 [별표 1] 예규조항은 공권력행사성 인정 후 법률유보원칙 위반 아님(유효). 시행령조항은 직접성 부정 각하. 강일원 재판관의 반대(위헌 취지) 의견 있음.,,,
6,A,11,prec,114665,95누18567,1996.12.23,대법원,양도소득세등부과처분취소,대외적 구속력 훈령,"위임의?\s*한계,무효"," [1]           구 재산제세조사사무규정 제72조 제3항 제5호가 법규명령으로서 유효한지 여부(적극)           [2] [1]항의 규정에 해당하는 거래의 경우, 과세표준 확정신고 등이 없어도 사실심의 변론종결일까지 입증된 실지거래가액을 적용할 수 있는지 여부(적극)  ","   [1] 구 재산제세조사사무규정(국세청훈령 제980호) 제72조 제3항은 비록 그 형식은 행정규칙으로 되어 있으나,           구 소득세법시행령(1989. 8. 1. 대통령령 제12767호로 개정되기 전의 것) 제170조 제4항 제2호의 위임에 따라 그 규정의 내용을 보충하는 기능을 가지면서 그와 결합하여 대외적인 구속력이 있는 법규명령으로서의 효력을 가지는 것이어서, 그 내용이 위 법령의 위임한계를 벗어난 것이라는 등의 특별한 사정이 없는 한 무효라고 볼 수 없어 양도소득세를 과세함에 있어 법령상의 근거가 되는 것이고, 특히           같은 항 제5호는 그 규정내용이 명확하고 법령의 위임한계를 벗어난 것으로 볼 수 없어 유효하다.             [2] 구 재산제세조사사무규정(국세청",/DRF/lawService.do?OC=YOUR_OC&target=prec&ID=114665&type=HTML&mobileYn=,N,,,,구 재산제세조사사무규정(국세청훈령 제980호) 제72조 제3항 제5호: 법령보충적 행정규칙으로 법규명령 효력 인정·유효.,,,
7,A,11,detc,134567,2001헌마894,2004.01.29,,정보통신망이용촉진및정보보호등에관한법률 제42조 등 위헌확인,대외적 구속력 고시; 재위임,"위임범위를?\s*벗어,재위임",1.‘청소년유해매체물의 표시방법’에 관한 정보통신부고시가 헌법소원의 대상이 된다고 본 사례2.전기통신사업자의 전기통신역무를 이용하여 일반에게 공개를 목적으로 정보를 제공하는 자 중 청소년보호법상의 청소년유해매체물 제공자는 대통령령이 정하는 표시방법에 따라 청소년유해매체물임을 표시하도록 한 정보통신망이용촉진및정보보호등에관한법률 제42조가 포괄위임입법금지 및 죄형법정주의의 명확성 원칙에 위배되는 여부(소극)3.동법시행령 제21조 제2항이 인터넷을 이용하여 정보를 제공하는 자의 경우 기호·부호·문자 또는 숫자를 사용하여 청소년유해매체물임을 나타낼 수 있는 전자적 표시도 함께 하도록 규정한 것이 동법 제42조의 위임범위 내인지 여부(적극)4.정보통신부장관이 정보유형 등을 고려하여 위 전자적 표시의 구체적 방법을 정,"1.‘청소년유해매체물의 표시방법’에 관한 정보통신부고시는 청소년유해매체물을 제공하려는 자가 하여야 할 전자적 표시의 내용을 정하고 있는데, 이는 정보통신망이용촉진및정보보호등에관한법률 제42조 및 동법시행령 제21조 제2항, 제3항의 위임규정에 의하여 제정된 것으로서 국민의 기본권을 제한하는 것인바 상위법령과 결합하여 대외적 구속력을 갖는 법규명령으로 기능하고 있는 것이므로 헌법소원의 대상이 된다.2.정보통신망이용촉진및정보보호등에관한법률 제42조에 따라 대통령령으로 정해질 표시방법은 청소년을 해당 유해정보로부터 보호하기 위하여 청소년의 이용을 억제하기 위한 취지의 표시이거나 그 밖에 인터넷과 같은 매체의 특성에 맞춰 해당 정보에 대한 청소년의 이용을 억제하기 위한 표시가 될 것이라는 점이 예측될 수 있다. 위",,N,,,,"헌재: 정보통신부고시 '청소년유해매체물의 표시방법'은 법령보충적 고시로 헌법소원 대상성 인정, 시행령 조항은 법률의 위임범위 내이고 고시 재위임도 합헌(기각).",,,
8,A,10,prec,203648,91누5334,1992.01.21,대법원,양도소득세등부과처분취소,대외적 구속력 훈령,"위임의?\s*한계,무효","가. 특정일에 임야를 매수하였다는 원고의 자백이 자산의 취득 또는 양도시기에 관한 소득세법 제27조 및 같은법시행령 제53조 제1항의 규정에 비추어 임야의 매매계약체결일에 관한 것이 아니라 대금청산일, 즉 임야의 취득시기에 관한 것으로 봄이 상당하다고 한 사례 나. 재산제세조사사무처리규정(국세청훈령 제980호) 제72조 제3항 제6호가 무효의 규정인지 여부 및 위 규정의 해석 다. 서증의 작성 경위와 서증의 내용 등에 관한 심리를 미진한 채 원고가 임야 수 필지를 10여 명에게 양도하였다고 인정한 원심판결을 채증법칙 위배나 심리미진의 위법으로 파기한 사례 ","가. 원고가 변론기일에서 진술한 소장을 통하여 자신이 1986.12.16. 이 사건 임야를 매수하였다고 선행자백을 하였고, 피고가 변론기일에서 진술한 준비서면을 통하여 원고의 위 자백을 원용하였다면, 소득세법 제27조 및 같은법시행령 제53조 제1항에 자산의 양도차익을 계산함에 있어서 그 취득시기 및 양도시기는 같은법시행령 제53조 제1항 각호의 경우를 제외하고는 원칙적으로 당해 자산의 대금을 청산한 날로 하도록 규정되어 있으므로, 원고의 위 자백은 이 사건 임야의 매매계약체결일에 관한 것이 아니라 대금청산일, 즉 임야의 취득시기에 관한 것으로 봄이 상당하다고 한 사례. 나. 1989.8.1. 대통령령 제12767호로 개정되기 전의 소득세법시행령 제170조 제4항은 1990.12.31. 법률 제4281호로 ",/DRF/lawService.do?OC=YOUR_OC&target=prec&ID=203648&type=HTML&mobileYn=,N,,,,재산제세조사사무처리규정(국세청훈령 제980호) 제72조 제3항 제6호는 무효 아님(유효)·양도자 개인별 지분 규모 기준으로 해석. 파기환송 부분은 채증법칙 위배(사실인정) 사유.,,,
9,A,9,prec,176662,2013두14238,2015.01.15,대법원,건축불허가처분취소,대외적 구속력 고시; 재위임; 대외적 구속력,"위임의?\s*한계,재위임",위임명령의 한계 및 그 판단 기준 / 법률에서 위임받은 사항에 관한 재위임의 한계 / 조례가 지방자치법 제22조 단서에 따라 주민의 권리제한 또는 의무부과에 관한 사항을 법률로부터 위임받은 후 다시 지방자치단체장이 정하는 규칙이나 고시 등에 재위임하는 경우에도 마찬가지 법리가 적용되는지 여부(적극) ,"  위임명령은 법률이나 상위명령에서 구체적으로 범위를 정한 개별적인 위임이 있을 때에 가능하고, 여기에서 구체적인 위임의 범위는 규제하고자 하는 대상의 종류와 성격에 따라 달라지는 것이어서 일률적 기준을 정할 수는 없지만, 적어도 위임명령에 규정될 내용 및 범위의 기본사항이 구체적으로 규정되어 있어서 누구라도 당해 법률이나 상위법령으로부터 위임명령에 규정될 내용의 대강을 예측할 수 있어야 하나, 이 경우 그 예측가능성의 유무는 당해 위임조항 하나만을 가지고 판단할 것이 아니라 그 위임조항이 속한 법률의 전반적인 체계와 취지 및 목적, 당해 위임조항의 규정형식과 내용 및 관련 법규를 유기적·체계적으로 종합하여 판단하여야 하며, 나아가 각 규제 대상의 성질에 따라 구체적·개별적으로 검토함을 요한다.   또한 법",/DRF/lawService.do?OC=YOUR_OC&target=prec&ID=176662&type=HTML&mobileYn=,N,,,,가축분뇨법 제8조 제1항→조례→군수 고시의 재위임 구조가 포괄위임·복위임금지에 반하지 않는다고 보아 조례조항·고시 유효(D3 계열의 false positive 대조군).,,,
10,A,9,prec,210431,2013두20011,2019.10.31,대법원,공무원지위확인,대외적 구속력,"효력이?\s*(없|인정),무효","   [1] 남녀고용평등과 일·가정 양립 지원에 관한 법률 제11조 제1항, 근로기준법 제6조에서 말하는 ‘남녀의 차별’의 의미 및 사업주나 사용자가 근로자를 합리적인 이유 없이 성별을 이유로 부당하게 차별대우를 하도록 정한 규정의 효력(무효)    [2] 국가기관과 공무원 간의 공법상 근무관계에도 고용관계에서 양성평등을 규정한 남녀고용평등과 일·가정 양립 지원에 관한 법률 제11조 제1항과 근로기준법 제6조가 적용되는지 여부(원칙적 적극)    [3] 여성 근로자들이 전부 또는 다수를 차지하는 분야의 정년을 다른 분야의 정년보다 낮게 정한 것이 여성에 대한 불합리한 차별에 해당하는지 판단하는 방법    [4] 상급행정기관이 소속 공무원이나 하급행정기관에 대하여 세부적인 업무처리절차나 법령의 해석·적용 기준","   [1] 남녀고용평등과 일·가정 양립 지원에 관한 법률(이하 ‘남녀고용평등법’이라 한다) 제11조 제1항, 근로기준법 제6조에서 말하는 ‘남녀의 차별’은 합리적인 이유 없이 남성 또는 여성이라는 이유만으로 부당하게 차별대우하는 것을 의미한다. 사업주나 사용자가 근로자를 합리적인 이유 없이 성별을 이유로 부당하게 차별대우를 하도록 정한 규정은, 규정의 형식을 불문하고 강행규정인 남녀고용평등법 제11조 제1항과 근로기준법 제6조에 위반되어 무효라고 보아야 한다.     [2] 국가나 국가기관 또는 국가조직의 일부는 기본권의 수범자로서 국민의 기본권을 보호하고 실현해야 할 책임과 의무를 지니고 있는 점, 공무원도 임금을 목적으로 근로를 제공하는 근로기준법상의 근로자인 점 등을 고려하면, 공무원 관련 법률에 특",/DRF/lawService.do?OC=YOUR_OC&target=prec&ID=210431&type=HTML&mobileYn=,Y,기타,국가정보원 내부 규정 중 전산사식 분야 계약직직원 근무상한연령(만 43세)을 정한 '이 사건 연령 규정',,"위임 결함이 아니라 강행법규(남녀고용평등법 제11조 제1항, 근로기준법 제6조) 위반으로 규정 형식을 불문하고 무효라고 판시(2019.10.31. 파기환송). 국정원 내부규정 — 코퍼스 범위외(국정원 내규).",무효선언,기관내부규정(국정원),범위외
11,A,9,prec,208725,2017두38874,2019.07.11,대법원,사증발급거부처분취소,대외적 구속력,"효력이?\s*(없|인정),무효"," [1] 행정처분의 성립요건 / 행정처분의 성립 시점 및 그 성립 여부를 판단하는 기준  [2] 병무청장이 법무부장관에게 ‘가수 甲이 공연을 위하여 국외여행허가를 받고 출국한 후 미국 시민권을 취득함으로써 사실상 병역의무를 면탈하였으므로 재외동포 자격으로 재입국하고자 하는 경우 국내에서 취업, 가수활동 등 영리활동을 할 수 없도록 하고, 불가능할 경우 입국 자체를 금지해 달라’고 요청함에 따라 법무부장관이 甲의 입국을 금지하는 결정을 하고, 그 정보를 내부전산망인 ‘출입국관리정보시스템’에 입력하였으나, 甲에게는 통보하지 않은 사안에서, 위 입국금지결정은 항고소송의 대상이 되는 ‘처분’에 해당하지 않는다고 한 사례  [3] 상급행정기관이 소속 공무원이나 하급행정기관에 대하여 업무처리지침이나 법령의 해석·적용 "," [1] 일반적으로 처분이 주체·내용·절차와 형식의 요건을 모두 갖추고 외부에 표시된 경우에는 처분의 존재가 인정된다. 행정의사가 외부에 표시되어 행정청이 자유롭게 취소·철회할 수 없는 구속을 받게 되는 시점에 처분이 성립하고, 그 성립 여부는 행정청이 행정의사를 공식적인 방법으로 외부에 표시하였는지를 기준으로 판단해야 한다.  [2] 병무청장이 법무부장관에게 ‘가수 甲이 공연을 위하여 국외여행허가를 받고 출국한 후 미국 시민권을 취득함으로써 사실상 병역의무를 면탈하였으므로 재외동포 자격으로 재입국하고자 하는 경우 국내에서 취업, 가수활동 등 영리활동을 할 수 없도록 하고, 불가능할 경우 입국 자체를 금지해 달라’고 요청함에 따라 법무부장관이 甲의 입국을 금지하는 결정을 하고, 그 정보를 내부전산망인 ‘출입",/DRF/lawService.do?OC=YOUR_OC&target=prec&ID=208725&type=HTML&mobileYn=,무관,,,,행정규칙·상급기관 개별지시의 대외적 구속력 부정 일반법리를 법무부장관의 입국금지'결정'(개별 지시)에 적용한 사안. 특정 행정규칙·시행령 조항의 위임·효력 판단 없음.,,,
12,A,9,detc,170169,2019헌마534,2021.11.25,,사회복무요원 복무관리 규정 제27조 등 위헌확인,대외적 구속력 훈령; 법령보충적 행정규칙; 위임 없이 훈령; 대외적 구속력,"위임\s*없,효력이?\s*(없|인정)",가.사회복무요원이 정당 가입을 할 수 없도록 규정한 병역법 제33조 제2항 본문 제2호(이하 ‘이 사건 법률조항’이라 한다) 중 ‘정당’에 관한 부분이 사회복무요원인 청구인의 정치적 표현의 자유 및 결사의 자유를 침해하는지 여부(소극)나.사회복무요원의 정치적 행위를 금지하는 이 사건 법률조항 중 ‘그 밖의 정치단체에 가입하는 등 정치적 목적을 지닌 행위’에 관한 부분이 청구인의 정치적 표현의 자유 및 결사의 자유를 침해하는지 여부(적극)다. 사회복무요원 복무관리 규정 제27조 제1호(이하 ‘이 사건 관리규정’이라 한다)이 헌법소원의 대상이 되는 공권력 행사에 해당하는지 여부(소극),"가.이 사건 법률조항 중 ‘정당’에 관한 부분은 사회복무요원의 정치적 중립성을 유지하고 업무전념성을 보장하기 위한 것으로, 정당은 개인적 정치활동과 달리 국민의 정치적 의사형성에 미치는 영향력이 크므로 사회복무요원의 정당 가입을 금지하는 것은 입법목적을 달성하기 위한 적합한 수단이다. 정당에 관련된 표현행위는 직무 내외를 구분하기 어려우므로 ‘직무와 관련된 표현행위만을 규제’하는 등 기본권을 최소한도로 제한하는 대안을 상정하기 어려우며, 위 입법목적이 사회복무요원이 제한받는 사익에 비해 중대하므로 이 사건 법률조항 중 ‘정당’에 관한 부분은 청구인의 정치적 표현의 자유 및 결사의 자유를 침해하지 않는다.나.재판관 이석태, 재판관 김기영, 재판관 이미선의 위헌의견이 사건 법률조항은 형벌의 구성요건을 규정한 것",,Y,D1,사회복무요원 복무관리 규정(병무청훈령) 제27조 제1호,,헌재 2021.11.25. 각하: 상위법령의 직접적 위임 없이 제정된 행정규칙이고 자기구속 법리도 성립하지 않아 공권력행사성(대외적 효력) 부정. 병역법 제33조 제2항 본문 제2호 중 '그 밖의 정치단체…' 부분은 별도 위헌 선언. 병무청 소관 현행 훈령 존재 — 교육부 코퍼스 무관.,각하(대상성부정),행정규칙(훈령),타부처현행
13,A,9,detc,137711,2003헌라1,2006.08.31,,광양시등과 순천시등간의 권한쟁의,위임 없이 훈령; 행정규칙 위임 무효,"효력이?\s*(없|인정),무효",1. 청구인 광양시장의 피청구인들에 대한 심판청구와 청구인 광양시의 피청구인 순천시장에 대한 심판청구가 적법한지 여부(소극)2. 공유수면에 대한 지방자치단체의 관할구역과 자치권한 인정 여부(적극)3. 공유수면과 매립지에 대한 지방자치단체의 관할구역 경계 및 그 기준4. 1948. 8. 15. 당시와 가장 근접한 1974년 발행 국가기본도상의 해상경계선에 의하여 청구인 광양시와 피청구인 순천시 사이의 관할구역 경계를 확인한 사례5. 청구인 광양시의 관할권한을 확정하면서 이를 침해한 피청구인 순천시의 과세처분의 무효를 확인한 사례,"1. 권한쟁의 심판청구는 헌법과 법률에 의하여 권한을 부여받은 자가 그 권한의 침해를 다투는 헌법소송으로서 이러한 권한쟁의심판을 청구할 수 있는 자에 대하여는 헌법 제111조 제1항 제4호와 헌법재판소법 제62조 제1항 제3호가 정하고 있는바, 이에 의하면 지방자치단체의 장은 원칙적으로 권한쟁의 심판청구의 당사자가 될 수 없다. 다만 지방자치단체의 장이 국가위임 사무에 대해 국가기관의 지위에서 처분을 행한 경우에는 권한쟁의 심판청구의 당사자가 될 수 있다. 그런데 이 사건 ○○ 주식회사에 대한 피청구인 순천시장의 과세처분은 지방자치단체의 권한에 속하는 사항에 대하여 지방자치단체사무의 집행기관으로서 한 과세처분에 불과하므로 피청구인 순천시장은 이 사건 지방세 과세 권한을 둘러싼 다툼에 있어 권한쟁의 심판청구의",,무관,,,,권한쟁의(공유수면 해상경계 확인·과세권한) 사안 — 위임입법 결함이 아닌 권한 배분 쟁점(가이드의 헌재 A티어 주의 해당).,,,
14,B,14,prec,184732,2015두45700,2017.04.20,대법원,증여세부과처분취소,법규명령 행정규칙 효력,"위임\s*없,위임범위를?\s*벗어,위임의?\s*한계,무효"," [1] 조세법률주의 원칙의 의미 / 법률의 위임 없이 명령 또는 규칙 등의 행정입법으로 과세요건 등에 관한 사항을 규정하거나 법률에 규정된 내용을 함부로 유추·확장하는 내용의 해석규정을 마련하는 것이 조세법률주의 원칙에 위배되는지 여부(적극)  [2] 법률의 위임의 근거가 없어 무효였던 법규명령이 법 개정으로 위임의 근거가 부여되면 그때부터 유효한 법규명령으로 볼 수 있는지 여부(적극) 및 법규명령이 개정된 법률에 규정된 내용을 함부로 유추·확장하는 내용의 해석규정이어서 위임의 한계를 벗어난 것으로 인정될 경우, 법규명령이 여전히 무효인지 여부(적극)  [3] 구 상속세 및 증여세법 시행령 제31조 제6항이 모법인 2010. 1. 1. 법률 제9916호로 개정되기 전의 구 상속세 및 증여세법 제41조 제1"," [1] 조세법률주의 원칙은 과세요건 등 국민의 납세의무에 관한 사항을 국민의 대표기관인 국회가 제정한 법률로써 규정하여야 하고, 법률을 집행하는 경우에도 이를 엄격하게 해석·적용하여야 하며, 행정편의적인 확장해석이나 유추적용을 허용하지 아니함을 뜻한다. 그러므로 법률의 위임 없이 명령 또는 규칙 등의 행정입법으로 과세요건 등에 관한 사항을 규정하거나 법률에 규정된 내용을 함부로 유추·확장하는 내용의 해석규정을 마련하는 것은 조세법률주의 원칙에 위배된다.  [2] 일반적으로 법률의 위임에 따라 효력을 갖는 법규명령의 경우에 위임의 근거가 없어 무효였더라도 나중에 법 개정으로 위임의 근거가 부여되면 그때부터는 유효한 법규명령으로 볼 수 있다. 그러나 법규명령이 개정된 법률에 규정된 내용을 함부로 유추·확장하는",/DRF/lawService.do?OC=YOUR_OC&target=prec&ID=184732&type=HTML&mobileYn=,Y,기타,구 상속세 및 증여세법 시행령 제31조 제6항,,개정 모법(구 상증세법 제41조 제1항)에 규정된 내용을 유추·확장하는 해석규정으로 위임범위를 벗어나 여전히 무효(조세법률주의). 대상이 대통령령 조항 — 교육부 행정규칙 코퍼스 무관(개정으로 현행 부존재).,무효선언,시행령,폐지·실효
15,B,11,prec,606197,2023추5054,2025.05.15,대법원,조례안재의결무효확인[지방자치단체의 조례안 재의결의 효력이 문제된 사건],위임한계를 벗어나; 위임범위를 벗어나; 행정규칙 위임 무효,"위임\s*없,효력이?\s*(없|인정),무효"," [1] 지방자치단체가 기관위임사무에 관한 사항을 조례로 제정할 수 있는지 여부(원칙적 소극) 및 법령상 지방자치단체의 장이나 교육감이 처리하도록 규정하고 있는 사무가 자치사무인지 기관위임사무인지 판단하는 기준  [2] 지방자치단체가 제정한 조례가 법령에 위반되는 경우, 그 조례의 효력(무효) 및 조례가 법령에 위반되는지 판단하는 기준 / 하위법령 규정이 상위법령 규정에 저촉되는지가 명백하지 않고, 하위법령의 의미를 상위법령에 합치되는 것으로 해석하는 것이 가능한 경우, 하위법령이 상위법령에 위반된다는 이유로 쉽게 무효를 선언할 수 있는지 여부(소극)  [3] 서울특별시의회가 의결한 ‘서울특별시교육청 기초학력 보장 지원에 관한 조례안’에 대하여 서울특별시교육감이 기관위임사무에 해당하는 사항을 위임 없이 정한"," [1] 지방자치단체는 주민의 복리에 관한 사무를 처리하고 재산을 관리하며, 법령의 범위 안에서 자치에 관한 규정을 제정할 수 있다(헌법 제117조 제1항). 지방자치법 제28조 제1항, 제13조에 따르면, 지방자치단체가 조례를 제정할 수 있는 사항은 지방자치단체의 고유사무인 자치사무와 개별 법령에 따라 지방자치단체에 위임된 단체위임사무에 한정된다. 국가사무가 지방자치단체의 장 또는 교육감에게 위임된 기관위임사무에 관한 사항은 원칙적으로 조례의 제정범위에 속하지 않는다. 법령상 지방자치단체의 장이나 교육감이 처리하도록 규정하고 있는 사무가 자치사무인지 기관위임사무인지를 판단할 때 그에 관한 법령의 규정 형식과 취지를 우선 고려해야 하지만, 그 밖에도 사무의 성질이 전국적으로 통일적인 처리가 요구되는 사무인지",/DRF/lawService.do?OC=YOUR_OC&target=prec&ID=606197&type=HTML&mobileYn=,N,,,,"조례 사안(2025.5.15. 청구기각): 기초학력 조례안은 자치사무에 관한 것으로 조례제정권 범위 내, 교육기관정보공개법 등 상위법 위반 아님(유효). 대상규범이 조례(자치법규)임.",,,
16,B,11,prec,186251,2016추5162,2017.12.05,대법원,조례안재의결무효확인,법규명령 행정규칙 효력,"위임\s*없,효력이?\s*(없|인정),무효"," [1] 지방의회에 의하여 재의결된 사항이 둘 이상의 부처와 관련되거나 주무부장관이 불분명하면 행정안전부장관이 재의요구 또는 제소를 지시하거나 직접 제소와 집행정지결정을 신청할 수 있도록 한 지방자치법 제172조 제8항의 규정 취지  [2] 지방자치단체가 기관위임사무에 관한 사항을 조례로 제정할 수 있는지 여부(원칙적 소극) 및 법령상 지방자치단체의 장이 처리하도록 규정하고 있는 사무가 자치사무인지 기관위임사무에 해당하는지 판단하는 기준  [3] 법률의 위임 없이 주민의 권리를 제한하거나 의무를 부과하는 사항을 정한 조례의 효력(무효) / 법률이 주민의 권리의무에 관한 사항에 관하여 구체적으로 범위를 정하지 않은 채 조례로 정하도록 포괄적으로 위임한 경우, 지방자치단체가 주민의 권리의무에 관한 사항을 조례로"," [1] 지방의회에 의하여 재의결된 사항이 법령에 위반된다고 판단되면 주무부장관이 지방자치단체의 장에게 대법원에 제소를 지시하거나 직접 제소할 수 있다(지방자치법 제172조 제4항). 다만 재의결된 사항이 둘 이상의 부처와 관련되거나 주무부장관이 불분명하면 행정안전부장관이 재의요구 또는 제소를 지시하거나 직접 제소와 집행정지결정을 신청할 수 있다(지방자치법 제172조 제8항). 이는 주무부처가 중복되거나 주무부장관이 불분명한 경우에 행정안전부장관이 소송상의 필요에 따라 재량으로 주무부장관의 권한을 대신 행사할 수 있다는 것일 뿐이고, 언제나 주무부장관의 권한행사를 배제하고 오로지 행정안전부장관만이 그러한 권한을 전속적으로 행사하도록 하려는 취지가 아니다.  [2] 지방자치단체는 주민의 복리에 관한 사무를 처",/DRF/lawService.do?OC=YOUR_OC&target=prec&ID=186251&type=HTML&mobileYn=,Y,기타,재의결된 조례안 중 법률의 위임 없이 주민의 권리제한·의무부과 사항을 정한 부분 (조례안 명칭은 판시사항·요지에 미기재 — 원문 열람 시 보완),,조례안 일부가 법률의 위임 없이 주민의 권리제한 사항을 정하는 등 법령에 위반되어 재의결 전부 무효(인용). 다만 무효 대상이 조례(자치법규)로서 O1이 정의한 행정규칙·시행령 범주 밖이므로 무관 처리 — 위임 법리 판시 자체는 존재하므로 노이즈로 폐기하지 말 것. [검수 반영: 무관→Y(기타). 스코프 제외는 O7 층위 열로 처리 2026-08-15.],무효선언,자치법규(조례),범위외(자치법규층)
17,B,11,detc,135045,91헌마25,1992.06.26,,공무원임용령 제35조의2 등에 대한 헌법소원,대외적 구속력 훈령; 대외적 구속력 고시; 대외적 구속력 예규; 대외적 구속력,위임의?\s*한계,     1. 법령(法令)에 대한 헌법소원(憲法訴願)의 청구기간(請求期間)2. 행정규칙(行政規則)이 법규명령(法規命令)으로서 기능하게 되어 헌법소원심판청구(憲法訴願審判請求)의 대상이 되는 경우3. 법규정립행위(法規定立行爲)로 기본권침해행위(基本權侵害行爲)가 계속되는지 여부,"     1. 가. 공권력(公權力)의 행사(行使)가 법령(法令)을 제정(制定) 또는 개정(改正)하는 것과 같은 법규정립작용(法規定立作用)이고, 그로 인한 기본권침해(基本權侵害)가 법령공포후(法令公布後) 해당사유가 발생하여 비로소 생기게 된 자는 그 사유(事由)가 발생(發生)하였음을 안 날로부터 60일 이내에, 그 사유(事由)가 발생(發生)한 날로부터 180일 이내에 헌법소원심판(憲法訴願審判)을 청구하여야 한다.나. 여기서 “그 사유(事由)가 발생(發生)한 날”이라 함은 당해 법률(法律)이 청구인의 기본권(基本權)을 명백(明白)히 구체적(具體的)으로 현실(現實) 침해(侵害)하였거나 침해할 것이 확실히 예상되는 등 구체적(具體的)인 여러 요건이 성숙하여 헌법재판(憲法裁判)에 적합(適合)하게 된 때를 말한다.2.",,N,,,,"헌재: 공무원임용령 제35조의2 관련 총무처 예규가 법령보충적으로 법규명령의 기능을 하는 경우 헌법소원 대상성 인정(법규성 긍정, 효력 부정 아님). 청구기간 법리 중심의 처리.",,,
18,B,11,detc,58550,2002헌라2,2002.10.31,,강남구와 행정자치부장관간의 권한쟁의,위임 없이 훈령; 위임 없이 고시; 행정규칙 위임 무효,위임의?\s*한계,1. 헌법 제117조 제1항이 보장하는 지방자치권한의 내용과 한계2. 지방자치단체장의 지방공무원에 대한 시간외근무수당규칙 제정권한과 시간외근무수당을 위한 예산편성 및 집행권한의 내용과 한계3. 헌법 제117조 제1항에서 규정하고 있는 ‘법령’의 의미4. 행정자치부장관이 2002. 1. 25.자 지방공무원수당업무처리지침 중에서 “VI. 초과근무수당 5. 초과근무수당 지급대상자 및 초과근무 인정범위 나. 일반대상자(시간외근무수당) ？ 지급시간수의 계산(영 제15조 제4항) - 평일은 1일 2시간 이상 시간외근무한 경우에 2시간을 공제한 후 4시간 이내에서 매분단위까지 합산함”이라는 부분(이하 ‘이 사건 지침부분’이라 한다)을 규정한 행위가 헌법 제117조 제1항을 위반하여 청구인의 권한을 침해한 것인지 여부(소,"1. 헌법 제117조 제1항이 규정하는 자치권 가운데에는 자치에 관한 규정을 스스로 제정할 수 있는 자치입법권은 물론이고 그밖에 그 소속 공무원에 대한 인사와 처우를 스스로 결정하고 이에 관련된 예산을 스스로 편성하여 집행하는 권한이 성질상 당연히 포함되지만, 이러한 자치권의 범위는 법령에 의하여 형성되고 제한된다.2. 지방자치법 제9조 제2항 제1호 마목 및 사목, 지방공무원법 제45조 제1항 제2호 및 지방공무원수당등에관한규정 제15조 제4항을 종합하여 보면, 지방자치단체의 장은 소속공무원에게 지급할 시간외근무수당을 자신의 규칙으로 정하여 지급하고 이를 위하여 스스로 예산을 편성, 집행할 권한을 갖으며, 이러한 권한은 헌법 제117조에서 정한 ‘법령의 범위안에서’라는 제한을 받는다.3. 헌법 제117조 ",,N,,,,헌재 권한쟁의 기각(2002.10.31.): 행정자치부 '지방공무원수당업무처리지침' 중 초과근무수당 지급시간수 계산 부분은 지방공무원수당등에관한규정 제15조 제4항 등 법령의 범위 내로 자치권한 침해 아님(지침 유효 전제). 2001헌라1과 같은 날 선고.,,,
19,B,10,prec,241977,2020도15212,2024.11.20,대법원,부정청탁및금품등수수의금지에관한법률위반,위임한계를 벗어나; 위임범위를 벗어나; 대외적 구속력 훈령; 대외적 구속력 고시; 대외적 구속력 예규; 대외적 구속력; 법규명령 행정규칙 효력,효력이?\s*(없|인정),"  [1] 구 부정청탁 및 금품등 수수의 금지에 관한 법률 제5조 제1항의 입법 취지 및 위 조항에서 열거한 부정청탁을 받은 공직자 등이 그에 따라 직무를 수행하는 경우, 대가를 불문하고 구 부정청탁 및 금품등 수수의 금지에 관한 법률 위반죄가 성립하는지 여부(적극)   [2] 구 부정청탁 및 금품등 수수의 금지에 관한 법률 제5조 제1항 제1호부터 제8호 등의 ‘법령을 위반하여’에서 말하는 ‘법령’에 법규명령으로서 대통령령, 총리령, 부령 등과 자치법규인 조례, 규칙 및 행정규칙이 포함되는지 여부 / 위 제5조 제1항 제1호부터 제8호 등에서 정한 ‘법령을 위반하는 행위’의 의미 / 같은 항 제15호의 ‘법령에 따라 부여받은 지위·권한을 벗어나 행사하는 행위’의 의미 및 이를 판단하는 방법 ","  [1] 구 부정청탁 및 금품등 수수의 금지에 관한 법률(2021. 12. 7. 법률 제18576호로 개정되기 전의 것, 이하 ‘구 청탁금지법’이라 한다) 제5조 제1항은 누구든지 직접 또는 제3자를 통하여 직무를 수행하는 제2조 제2호에서 정한 공직자 등에게 제1호부터 제15호까지의 어느 하나에 해당하는 부정청탁을 해서는 안 된다고 규정하고 있다. 이는 대가 여부를 불문하고 일정한 청탁행위 자체를 규제함으로써 공직자 등의 직무수행의 공정성과 사회적 신뢰를 확보하는 데 입법 취지가 있다. 구 청탁금지법은 제6조에서 부정청탁을 받은 공직자 등은 그에 따라 직무를 수행해서는 안 된다고 규정하고, 제22조 제2항 제1호에서 제6조를 위반하여 부정청탁을 받고 그에 따라 직무를 수행한 공직자 등에 대한 형사처벌 규",/DRF/lawService.do?OC=YOUR_OC&target=prec&ID=241977&type=HTML&mobileYn=,무관,,,,"청탁금지법 제5조 제1항의 '법령' 범위 해석 사안(행정규칙 포함 여부 등 법리 설시, 유죄 상고기각). 특정 규범의 위임·효력에 대한 개별 판단 없음.",,,
20,B,9,prec,214257,2020두38171,2021.01.14,대법원,요양급여비용환수처분취소,대외적 구속력 고시; 법령보충적 행정규칙; 대외적 구속력,무효,"[1] 구 국민건강보험법 제57조 제1항에서 정한 ‘속임수나 그 밖의 부당한 방법’의 의미 [2] 요양기관이 보건복지부 고시 ‘요양급여의 적용기준 및 방법에 관한 세부사항’ Ⅰ. ‘일반사항’ 중 ‘요양기관의 시설·인력 및 장비 등의 공동이용 시 요양급여비용 청구에 관한 사항’ 부분에서 정한 절차와 요건을 준수하지 아니하고 요양급여를 실시하고 그에 대한 요양급여비용을 청구하여 지급받은 경우, 구 국민건강보험법 제57조 제1항에서 정한 ‘속임수나 그 밖의 부당한 방법’에 해당하는지 여부(적극) [3] 요양기관이 보건복지부 고시 ‘요양급여의 적용기준 및 방법에 관한 세부사항’ Ⅰ. ‘일반사항’ 중 ‘요양기관의 시설·인력 및 장비 등의 공동이용 시 요양급여비용 청구에 관한 사항’ 부분 제1항을 위반하여 요양급여를 ","[1] 구 국민건강보험법(2016. 2. 3. 법률 제13985호로 개정되기 전의 것) 제57조 제1항은 ‘속임수나 그 밖의 부당한 방법’으로 보험급여비용을 받은 요양기관에 대하여 그 보험급여비용에 상당하는 금액의 전부 또는 일부를 징수한다고 규정하고 있다. 여기에서 ‘속임수나 그 밖의 부당한 방법’이란 요양기관이 요양급여비용을 받기 위하여 허위의 자료를 제출하거나 사실을 적극적으로 은폐할 것을 요하는 것은 아니고, 국민건강보험법령과 그 하위 규정들에 따르면 요양급여비용으로 지급받을 수 없는 비용임에도 이를 청구하여 지급받는 행위를 모두 포함한다. [2] 구 국민건강보험법(2016. 2. 3. 법률 제13985호로 개정되기 전의 것, 이하 같다) 제41조 제2항, 구 국민건강보험 요양급여의 기준에 관한 규칙",/DRF/lawService.do?OC=YOUR_OC&target=prec&ID=214257&type=HTML&mobileYn=,N,,,,보건복지부 고시 '요양급여의 적용기준 및 방법에 관한 세부사항'(시설·인력·장비 공동이용 부분)을 유효한 법령보충 규정으로 전제하고 그 절차·요건 위반 청구를 '부당한 방법'으로 인정. 고시 효력 부정 없음.,,,
21,B,9,prec,180243,2015두53121,2016.01.28,대법원,호봉정정신청거부처분취소,대외적 구속력 예규; 대외적 구속력,위임의?\s*한계,[1] 구 지방공무원보수업무 등 처리지침이 법규명령으로서의 효력을 갖는지 여부(적극) [2] 구 지방공무원보수업무 등 처리지침 [별표 1] ‘직종별 경력환산율표 해설’에서 정한 민간근무경력의 호봉 산정에 관한 부분 중 ‘그에 상응하는 경력’의 의미 및 그에 해당하는지 판단하는 방법 ,"[1] 구 지방공무원보수업무 등 처리지침(2014. 8. 8. 안전행정부 예규 제104호로 개정되기 전의 것, 이하 ‘지침’이라 한다) [별표 1] ‘직종별 경력환산율표 해설’이 정한 민간근무경력의 호봉 산정에 관한 부분은 지방공무원법 제45조 제1항과 구 지방공무원 보수규정(2014. 11. 19. 대통령령 제25751호로 개정되기 전의 것) 제8조 제2항, 제9조의2 제2항, [별표 3]의 단계적 위임에 따라 행정자치부장관이 행정규칙의 형식으로 법령의 내용이 될 사항을 구체적으로 정한 것이고, 달리 지침이 위 법령의 내용 및 취지에 저촉된다거나 위임 한계를 벗어났다고 보기 어려우므로, 지침은 상위법령과 결합하여 대외적인 구속력이 있는 법규명령으로서의 효력을 갖게 된다. [2] 구 지방공무원법(2014. ",/DRF/lawService.do?OC=YOUR_OC&target=prec&ID=180243&type=HTML&mobileYn=,N,,,,"구 지방공무원보수업무 등 처리지침(안전행정부 예규) [별표 1] 경력환산율표 해설 부분: 지방공무원법→보수규정→지침의 단계적 위임에 따른 법령보충으로 법규명령 효력 인정, 위임 한계 일탈 아님(유효).",,,
22,B,8,prec,600303,2022두32382,2025.01.09,대법원,"종합소득세경정거부처분취소[초과인출금에 상당하는 부채의 지급이자를 가사관련경비로 정하여 필요경비에 산입하지 않도록 한 소득세법 시행령 제61조 제1항 제2호, 소득세법 시행규칙 제27조 제1항이 소득세법 제33조 제1항 제5호의 위임범위를 벗어났는지 문제 된 사건]",위임한계를 벗어나; 위임범위를 벗어나,"위임범위를?\s*벗어,무효", 법규명령이 법률의 위임범위를 벗어났는지 판단하는 방법 / 어느 시행령 규정이 모법에 저촉되는지 판단하는 기준 / 소득세법 시행령 제61조 제1항 제2호 및 소득세법 시행규칙 제27조 제1항이 가사관련경비와 관련하여 소득세법 제33조 제1항 제5호의 위임범위를 벗어났는지 여부(소극) ," 법규명령이 법률의 위임범위를 벗어났는지는 직접적인 위임 법률조항의 형식과 내용뿐만 아니라 법률의 전반적인 체계와 목적 등도 아울러 고려하여 법률의 위임범위나 한계를 객관적으로 확정한 다음 법규명령의 내용과 비교해서 판단하여야 한다. 법규명령의 내용이 위와 같이 확정된 법률의 위임범위 내에 있다고 인정되거나 법률이 예정하고 있는 바를 구체적으로 명확하게 한 것으로 인정되면 법규명령은 무효로 되지 않는다. 어느 시행령 규정이 모법에 저촉되는지가 명백하지 않은 경우에는 모법과 시행령의 다른 규정들과 그 입법 취지, 연혁 등을 종합적으로 살펴 모법에 합치된다는 해석도 가능한 경우라면 그 규정을 모법 위반으로 무효라고 선언해서는 안 된다. 소득세법 제33조 제1항 제5호는 거주자가 해당 과세기간에 지급하였거나 지급",/DRF/lawService.do?OC=YOUR_OC&target=prec&ID=600303&type=HTML&mobileYn=,N,,,,소득세법 시행령 제61조 제1항 제2호·시행규칙 제27조 제1항: 소득세법 제33조 제1항 제5호의 위임범위 일탈 아님(유효). 하위법령의 합헌적(모법합치적) 해석 우선 법리.,,,
23,B,8,prec,233855,2020두43722,2023.02.02,대법원,건축허가신청불허가처분취소,대외적 구속력 훈령; 위임 없이 훈령; 대외적 구속력,대외적\s*구속력이?\s*(없|인정되지),"  [1] 국토의 계획 및 이용에 관한 법률 시행령 제56조 제4항에 따라 국토교통부장관이 국토교통부 훈령으로 정한 ‘개발행위허가운영지침’의 법적 성격(=행정규칙) 및 대외적 구속력이 있는지 여부(소극) / 위 지침에 따라 이루어진 행정처분이 적법한지 판단하는 기준   [2] 국토의 계획 및 이용에 관한 법률 제56조 제1항에 따른 개발행위허가요건에 해당하는지 여부가 행정청의 재량판단 영역에 속하는지 여부(적극) 및 그에 대한 사법심사의 대상과 판단 기준 / 행정규칙이 행정기관의 재량에 속하는 사항에 관한 것인 경우, 법원은 이를 존중해야 하는지 여부(원칙적 적극)   [3] 행정처분의 근거 법령이 개정된 경우, 처분의 기준이 되는 법령 / 행정청이 신청을 수리한 후 정당한 이유 없이 처리를 지연하여 그 사","  [1] 국토의 계획 및 이용에 관한 법률(이하 ‘국토계획법’이라 한다) 제58조 제1항, 제3항은 개발행위허가의 신청 내용이 ‘주변지역의 토지이용실태 또는 토지이용계획, 건축물의 높이, 토지의 경사도, 수목의 상태, 물의 배수, 하천·호소·습지의 배수 등 주변 환경이나 경관과 조화를 이룰 것’이라는 기준에 맞는 경우에만 개발행위허가 또는 변경허가를 하여야 하고, 개발행위허가의 기준은 지역의 특성, 지역의 개발상황, 기반시설의 현황 등을 고려하여 다음 각호의 구분에 따라 대통령령으로 정한다고 규정하고 있다. 국토의 계획 및 이용에 관한 법률 시행령(이하 ‘국토계획법 시행령’이라 한다) 제56조 제1항 [별표 1의2] ‘개발행위허가기준’은 국토계획법 제58조 제3항의 위임에 따라 제정된 대외적으로 구속력 있",/DRF/lawService.do?OC=YOUR_OC&target=prec&ID=233855&type=HTML&mobileYn=,Y,기타,'개발행위허가운영지침'(국토교통부 훈령),,국토계획법 시행령 제56조 제4항에 근거를 두나 법규 보충이 아닌 세부 검토기준으로서 행정규칙(재량준칙)에 불과하여 대외적 구속력 없음(소극) 판시. 위임 '결함' 판정이라기보다 규범 성질 결정 — 처분 적법성은 상위법령 기준으로 판단. 국토부 소관 현행 훈령 존재 — 교육부 코퍼스 무관.,구속력부정,행정규칙(훈령),타부처현행
24,B,8,prec,196244,97누19915,1998.06.09,대법원,토지형질변경불허가처분취소,대외적 구속력 훈령,위임의?\s*한계,[1] 행정규칙의 법규성 [2] 개발제한구역관리규정의 법적 성질 [3] 관계 법령에 규정된 허용범위 내에서의 당해 토지 형질변경허가신청에 대하여 개발제한구역관리규정에만 의거하여 불허가처분을 한 것이 위법하다고 본 사례 ,"  [1] 상급행정기관이 하급행정기관에 대하여 업무처리지침이나 법령의 해석적용에 관한 기준을 정하여 발하는 이른바 행정규칙은 일반적으로 행정조직 내부에서만 효력을 가질 뿐 대외적인 구속력을 갖는 것은 아니지만, 법령의 규정이 특정행정기관에게 그 법령내용의 구체적 사항을 정할 수 있는 권한을 부여하면서 그 권한행사의 절차나 방법을 특정하고 있지 아니한 관계로 수임행정기관이 행정규칙의 형식으로 그 법령의 내용이 될 사항을 구체적으로 정하고 있는 경우, 그러한 행정규칙, 규정은 행정조직 내부에서만 효력을 가질 뿐 대외적인 구속력을 갖지 않는 행정규칙의 일반적 효력으로서가 아니라, 행정기관에 법령의 구체적 내용을 보충할 권한을 부여한 법령규정의 효력에 의하여 그 내용을 보충하는 기능을 갖게 되고, 따라서 당해 법령",/DRF/lawService.do?OC=YOUR_OC&target=prec&ID=196244&type=HTML&mobileYn=,Y,D1,'개발제한구역관리규정'(건설교통부 훈령),,관계 법령의 위임 없이 허가요건을 정한 행정청 내부 사무처리준칙으로 대외적 구속력 없음 → 이 규정에만 의거한 형질변경 불허가처분 위법. 구 훈령 — 현행 부존재.,구속력부정,행정규칙(훈령),폐지·실효
25,B,8,prec,118672,87구488,1989.08.22,서울고등법원,양도소득세등부과처분취소,대외적 구속력 훈령,"위임의?\s*한계,무효","가. 구 재산제세조사사무처리규정(1987.1.26. 국세청훈령 제980호로 개정전) 제72조 제3항 제5호가 소득세법시행령 제170조 제4항 제2호의 위임한계를 벗어난 무효의 규정인지 여부 나. 위 규정 제72조 제3항 제3호 소정의 ""선의의 실수요자로 위장하여""의 의미 ",가. 소득세법시행령 제170조 제4항 제2호의 규정은 어떠한 거래를 투기거래로 볼 것인지에 대하여 구체적인 사항을 국세청장이 정하도록 위임하면서 국세청장은 사전에 지역에 따라 어느 규모이상의 부동산거래는 투기거래에 해당한다고 하는 내용으로 일정 기준을 설정할 것과 투기거래의 유형을 명확하게 특정하여 규정해 두어야 한다는 취지가 포함되어 있음과 동시에 본래 투기거래는 그 행위가 정형화되어 있지 아니하고 그 방법과 수단이 천태만별이어서 일률적으로 그 유형을 정하기가 어려운 점을 고려하여 국세청장이 부동산거래특별조사 등을 통하여 밝혀진 거래중에서 이미 구체적으로 정형화하여 규정하여 둔 투기거래의 유형에 준하는 거래가 있을 때는 사후적으로 이를 투기거래로 지정하여 그 거래에 대하여는 실지거래가액으로 과세할 수 있다,/DRF/lawService.do?OC=YOUR_OC&target=prec&ID=118672&type=HTML&mobileYn=,N,,,,구 재산제세조사사무처리규정 제72조 제3항 제5호: 시행령 제170조 제4항 제2호의 위임 취지(사전 유형 설정 + 이에 준하는 거래의 사후 지정 허용)에 포함되어 위임한계 일탈 무효 아님(유효) 취지(서울고법).,,,
26,B,8,prec,231119,86구588,1988.04.12,서울고등법원,종합소득세부과처분취소,대외적 구속력 훈령,위임의?\s*한계,가. 재산제세사무처리규정(국세청장의 훈령)의 법규명령으로서의 효력유무(적극) 나. 동일 과세년도에 2회 이상의 자산양도가 있는 경우 양도소득세액의 계산방법 ,"가. 상급행정기관이 하급행정기관에 대하여 업무처리지침이나 법령의 해석적용에 관한 기준을 정하여서 발하는 이른바 행정규칙은 일반적으로 행정조직내부에서만 효력을 가질 뿐 대외적인 구속력을 갖는 것은 아니지만, 법령의 규정이 특정행정기관에게 그 법령내부의 구체적 사항을 정할 수 있는 권한을 부여하면서 그 권한행사의 절차나 방법을 특정하고 있지 아니한 관계로 수임행정기관이 행정규칙의 형식으로 그 법령의 내용이 될 사항을 구체적으로 정하고 있다면 그와 같은 행정규칙, 규정은 행정규칙이 갖는 일반적 효력으로서가 아니라, 행정기관에 법령의 구체적 내용을 보충할 권한을 부여한 법령규정의 효력에 의하여 그 내용을 보충하는 기능을 갖게 된다 할 것이므로 이와 같은 행정규칙, 규정은 당해법령의 위임한계를 벗어나지 아니하는 한 ",/DRF/lawService.do?OC=YOUR_OC&target=prec&ID=231119&type=HTML&mobileYn=,N,,,,"재산제세사무처리규정(국세청훈령): 법령보충적 행정규칙으로 위임한계 내에서 법규명령 효력 인정(유효, 서울고법).",,,
27,B,8,prec,103624,86누484,1987.09.29,대법원,양도소득세부과처분취소,대외적 구속력 훈령,위임의?\s*한계,가. 행정규칙의 법규성 나. 재산제세사무처리규정 제72조 제3항이 양도소득세의 실지거래가액에 의한 과세의 법령상 근거가 될 수 있는지 여부(적극) ,"가. 상급행정기관이 하급행정기관에 대하여 업무처리지침이나 법령의 해석적용에 관한 기준을 정하여서 발하는 이른바 행정규칙은 일반적으로 행정조직 내부에서만 효력을 가질뿐 대외적인 구속력을 갖는 것은 아니지만, 법령의 규정이 특정행정기관에게 그 법령내용의 구체적 사항을 정할 수 있는 권한을 부여하면서 그 권한행사의 절차나 방법을 특정하고 있지 아니한 관계로 수임행정기관이 행정규칙의 형식으로 그 법령의 내용이 될 사항을 구체적으로 정하고 있다면 그와 같은 행정규칙, 규정은 행정규칙이 갖는 일반적 효력으로서가 아니라, 행정기관에 법령의 구체적 내용을 보충할 권한을 부여한 법령규정의 효력에 의하여 그 내용을 보충하는 기능을 갖게 된다 할 것이므로 이와 같은 행정규칙, 규정은 당해 법령의 위임한계를 벗어나지 아니하는 한",/DRF/lawService.do?OC=YOUR_OC&target=prec&ID=103624&type=HTML&mobileYn=,N,,,,"재산제세사무처리규정 제72조 제3항: 법령보충적 행정규칙으로 실지거래가액 과세의 법령상 근거가 될 수 있음(법규성 인정, 유효).",,,
28,B,8,prec,178726,2011두8420,2014.03.27,대법원,근로시간면제한도고시무효확인,대외적 구속력 고시; 대외적 구속력,"위임범위를?\s*벗어,위임의?\s*한계","[1] 특정 사안과 관련하여 법률에서 하위 법령에 위임한 경우, 하위 법령이 위임의 한계를 준수하고 있는지 판단하는 기준 [2] 법령의 위임에 따라 수임 행정기관이 법령의 내용이 될 사항을 구체적으로 규정한 고시의 효력 [3] 근로시간 면제한도를 정할 때 시간과 그 사용 인원을 정할 수 있도록 한 노동조합 및 노동관계조정법 시행령 제11조의2는 근로시간 면제제도의 입법 목적을 구현하기 위하여 근로시간의 면제한도를 구체적으로 규정한 것으로 모법의 위임범위를 벗어났다거나 한계를 일탈한 것으로 볼 수 없다고 한 사례 ",,/DRF/lawService.do?OC=YOUR_OC&target=prec&ID=178726&type=HTML&mobileYn=,N,,,,"노조법 시행령 제11조의2는 모법 위임범위 내(유효)이고, 고용노동부 '근로시간 면제한도' 고시도 법령보충적 고시로 효력 인정. 요지란 공란은 원자료 누락.",,,
29,B,8,prec,225607,2014두3020,2019.10.17,대법원,임금·임금,대외적 구속력 예규; 대외적 구속력; 법규명령 행정규칙 효력,위임의?\s*한계,"  [1] 현업공무원 등의 지방공무원은 근무명령에 의하여 실제로 초과근무한 시간에 해당하는 초과근무수당의 지급을 구할 수 있는지 여부(원칙적 적극) 및 구 지방공무원보수업무 등 처리지침이 현업대상자에 대하여 시간외근무수당의 월 지급시간을 ‘예산의 범위 내’로 정하도록 규정하거나, 지방자치단체가 예산의 편성지침에 의하여 실제 근무한 초과근로시간에 미달되도록 초과근무수당을 예산에 편성한 경우에도 마찬가지인지 여부(적극)   [2] 근로시간과 휴게시간의 의미 및 근로계약에서 정한 휴식시간이나 수면시간이 근로시간에 속하는지 휴게시간에 속하는지 판단하는 방법   [3] 법령의 규정이 특정 행정기관에 그 법령 내용의 구체적 사항을 정할 수 있는 권한을 부여하면서 권한 행사의 절차나 방법을 특정하고 있지 않아 수임행정기","  [1] 구 지방공무원법(2012. 12. 11. 법률 제11531호로 개정되기 전의 것) 제44조 제4항, 제45조 제1항, 지방공무원 보수규정 제30조, 구 지방공무원수당 등에 관한 규정(2011. 1. 10. 대통령령 제22620호로 개정되기 전의 것) 제15조, 제16조, 제17조, 구 지방재정법(2011. 8. 4. 법률 제10991호로 개정되기 전의 것) 제36조 제1항, 지방공무원 복무규정 제5조의 규정 내용을 종합하면, 지방공무원의 수당은 법령에 의하여 정해지므로, 해당 법령에서 정한 시간외근무수당, 야간근무수당, 휴일근무수당 등의 초과근무수당이 예산에 계상된 이상 지방공무원 복무규정 제5조에서 말하는 현업공무원 등의 지방공무원은 근무명령에 의하여 실제로 초과근무한 시간에 해당하는 초과근무수",/DRF/lawService.do?OC=YOUR_OC&target=prec&ID=225607&type=HTML&mobileYn=,부분,기타,구 지방공무원보수업무 등 처리지침(행정자치부·안전행정부 예규) 중 현업대상자 시간외근무수당의 월 지급시간을 '예산의 범위 내'로 정하도록 한 부분,,"법령(지방공무원법·수당규정)에서 정한 초과근무수당 청구권을 지침으로 제한할 수 없다고 보아 해당 부분의 대외적 효력을 부정(위임한계 밖, 2019.10.17. 상고기각). 명시적 '무효' 선언이 아닌 효력 배제형 판시. 행안부 소관 — 교육부 코퍼스 무관.",구속력부정,행정규칙(예규),타부처(구 지침)
30,B,8,prec,220321,2020추5169,2022.04.14,대법원,조례안의결무효확인,재위임,"무효,재위임",  [1] 위임명령은 법률이나 상위명령에서 구체적으로 범위를 정한 개별적인 위임이 있어야 가능한지 여부(적극) 및 이때 구체적인 위임의 범위와 그에 관한 예측가능성 유무를 판단하는 기준과 방법 / 이러한 법리는 조례가 법률로부터 위임받은 사항을 다시 지방자치단체장이 정하는 ‘규칙’ 등에 재위임하는 경우에도 적용되는지 여부(적극)   [2] 서초구의회가 의결한 ‘시가표준액 9억 원 이하의 1가구 1개 주택을 소유한 개인에 대하여 지방세법이 정한 재산세의 세율을 표준세율의 100분의 50으로 감경하는’ 내용의 ‘서울특별시 서초구 구세 조례 일부 개정 조례안’에 대하여 서울특별시장이 지방세법 위반의 소지가 있다는 이유로 재의요구를 지시하였으나 구청장이 따르지 않고 공포하자 조례안 의결의 효력 배제를 구하는 무효확,"  [1] 위임명령은 법률이나 상위명령에서 구체적으로 범위를 정한 개별적인 위임이 있을 때에 가능하고, 여기에서 구체적인 위임의 범위는 규제하고자 하는 대상의 종류와 성격에 따라 달라지는 것이어서 일률적 기준을 정할 수는 없지만, 적어도 위임명령에 규정될 내용 및 범위의 기본사항이 구체적으로 규정되어 있어서 누구라도 당해 법률이나 상위법령으로부터 위임명령에 규정될 내용의 대강을 예측할 수 있어야 한다. 하지만 이 경우 그 예측가능성의 유무는 당해 위임조항 하나만을 가지고 판단할 것이 아니라 그 위임조항이 속한 법률의 전반적인 체계와 취지 및 목적, 당해 위임조항의 규정형식과 내용 및 관련 법규를 유기적·체계적으로 종합하여 판단하여야 하며, 나아가 각 규제 대상의 성질에 따라 구체적·개별적으로 검토함을 요한다",/DRF/lawService.do?OC=YOUR_OC&target=prec&ID=220321&type=HTML&mobileYn=,N,,,,조례 사안(2022.4.14. 청구기각): 서초구 재산세 감경 조례안은 지방세법 제111조 제3항의 위임(탄력세율) 범위 내로 유효. 대상규범이 조례(자치법규)임.,,,
31,B,8,prec,70616,2006구합17383,2006.12.05,서울행정법원,군사시설보호구역설정처분무효확인,재위임,"무효,재위임","[1] 군사시설보호법령에 의하여 일정지역을 군사시설보호구역으로 설정하는 처분 이전부터 그 설정지역 안에 있는 토지 또는 건축물의 소유자이거나, 그 지역에 거주 또는 영농행위를 하고 있는 사람에게 위 처분의 무효 또는 취소를 구할 원고적격이 있는지 여부(적극)  [2] 군사시설보호구역의 설정 절차에 관한           군사시설보호법 시행규칙 제2조 제1항의 법적 성질(=행정청 내부의 사무처리준칙) 및 군사시설보호법상 군사시설보호구역을 설정함에 있어서 관할부대장이 합동참모의장에게 보호구역 설정을 건의하기 전에 관계행정기관의 장과 협의하지 아니한 경우, 군사시설보호구역 설정처분이 대외적 구속력이 있는 법령상 절차를 위반한 것인지 여부(소극) [3] 군사시설보호법령에서 정한 ‘군사시설’의 의미 및 현존하지는 않","[1] 군사시설보호법령에 비추어 보면, 적어도 일정지역을 군사시설보호구역으로 설정하는 처분 전부터 그 설정지역 안에 있는 토지 또는 건축물의 소유자이거나, 혹은 그 소유자가 아니더라도 그 설정지역에 거주 또는 영농행위를 하고 있는 사람에게는, 위 군사시설보호구역 설정처분으로 인하여 주거지에의 출입 및 영농행위, 임목의 벌채 및 개간행위의 제한 등 주거의 자유권, 사생활의 비밀과 자유권, 재산권 등의 권리가 제한되고(주거의 자유권은 그 점유가 민법상 점유권원이 있는지 여부에 불문하고 보호되어야 할 권리이고, 농작물은 그 점유권원에 불구하고 경작자의 소유라는 점에서 자신의 토지가 아니라는 이유만으로 곧바로 영농행위가 제한되는 것은 아니다), 이는 법률상 보호받는 이익의 침해에 해당하므로, 위 처분의 무효 또는 ",/DRF/lawService.do?OC=YOUR_OC&target=prec&ID=70616&type=HTML&mobileYn=,Y,기타,군사시설보호법 시행규칙 제2조 제1항(보호구역 설정 건의 전 관계기관 협의 절차 부분),,부령 조항을 행정청 내부의 사무처리준칙으로 성질결정하여 대외적 구속력 있는 법령상 절차가 아니라고 판시(협의 누락이 처분 위법사유 아님). 하급심(서울행정법원). '법규명령 형식의 행정규칙' 계열.,구속력부정,부령(시행규칙),타부처
32,B,8,prec,69921,2003구합24021,2004.11.11,서울행정법원,용역비등,재위임,무효, [1] 국민건강보험법령에 따라 제정된 보건복지부고시 ‘건강보험요양급여행위및그상대가치점수(2002. 11. 15. 보건복지부고시 제2002-78호)’가 대외적인 구속력을 갖는 법규명령으로서의 효력이 있으므로 위 고시 자체의 취소를 구하는 행정소송을 제기할 수 없다고 한 사례   [2] 진료행위별 수가제를 적용하는 일반 요양기관과 달리 사회복지법인 부설 요양기관에 대하여 방문당 정액수가제를 적용할 것을 규정한 보건복지부고시 ‘건강보험요양급여행위및그상대가치점수(2002. 11. 15. 보건복지부고시 제2002-78호)’의 규정이 헌법상 평등의 원칙 및 비례의 원칙에 위배되어 무효인지 여부(적극)  ," [1] 국민건강보험법 제42조 제7항 및 같은법시행령 제24조 제2항에 따라 제정된 보건복지부고시 ‘건강보험요양급여행위및그상대가치점수(2002. 11. 15. 보건복지부고시 제2002-78호)’는 비록 그 제정형식은 행정규칙이라 하더라도 상위법령과 결합하여 법령을 시행하는 데 필요한 구체적 사항을 정한 것으로써 대외적인 구속력을 갖는 법규명령으로서의 효력을 가진다고 할 것이고, 위 고시에 근거한 요양급여비용 심사청구에 대한 반려처분의 취소를 구하면서 그 근거로서 위 고시가 무효임을 주장할 수 있으므로 위 고시 자체의 취소를 구하는 행정소송을 제기할 수 없다고 한 사례.     [2] 국민건강보험법령에 따라 제정된 보건복지부고시 ‘건강보험요양급여행위및그상대가치점수(2002. 11. 15. 보건복지부고시 제2",/DRF/lawService.do?OC=YOUR_OC&target=prec&ID=69921&type=HTML&mobileYn=,부분,기타,보건복지부 고시 '건강보험요양급여행위및그상대가치점수'(2002-78호) 중 사회복지법인 부설 요양기관에 방문당 정액수가제를 적용하는 부분,,고시 전체의 법규명령 효력은 인정하되 해당 부분이 평등원칙·비례원칙 위배로 무효(적극). 위임 결함이 아닌 내용의 헌법원칙 위반. 하급심(서울행정법원). 구 고시 — 현행 부존재.,무효선언,행정규칙(고시),폐지·실효
33,B,8,prec,204283,2016도14781,2018.11.29,대법원,계엄법위반,대외적 구속력,"효력이?\s*(없|인정),무효"," [1] 1979. 10. 18.자 비상계엄 선포에 따른 계엄포고 제1호가 형벌에 관한 법령의 일부인지 여부(적극) / 재심이 개시된 사건에서 재심판결 당시 폐지된 형벌 관련 법령이 당초부터 위헌·무효인 경우, 그 법령을 적용하여 공소가 제기된 피고사건에 대하여 법원이 취하여야 할 조치(=무죄의 선고)  [2] 1979. 10. 18.자 비상계엄 선포에 따른 계엄포고 제1호의 위헌·위법 여부에 대한 최종적 심사기관(=대법원)  [3] 1979. 10. 18.자 비상계엄 선포에 따른 계엄포고 제1호가 해제 또는 실효되기 이전부터 이미 유신헌법, 구 계엄법에 위배되어 위헌·위법한 것으로서 무효인지 여부(적극) "," [1] 1979. 10. 18. 부산지역에 비상계엄이 선포되었고, 계엄사령관은 같은 날 구 계엄법(1981. 4. 17. 법률 제3442호로 전부 개정되기 전의 것, 이하 ‘구 계엄법’이라 한다) 제13조에서 정한 계엄사령관의 조치로서 유언비어 날조·유포와 국론분열 언동은 엄금한다는 내용이 포함된 계엄포고 제1호를 발령하였다.    계엄포고 제1호는 구 대한민국헌법(1980. 10. 27. 헌법 제9호로 전부 개정되기 전의 것, 유신헌법) 제54조 제3항, 구 계엄법 제13조에서 정한 ‘특별한 조치’로서 이루어졌다. 이는 벌칙조항인 구 계엄법 제15조에서 정한 ‘제13조의 규정에 의하여 취한 계엄사령관의 조치’에 해당하여 형벌에 관한 법령의 일부가 된다.    형벌에 관한 법령이 헌법재판소의 위헌결정으로 ",/DRF/lawService.do?OC=YOUR_OC&target=prec&ID=204283&type=HTML&mobileYn=,무관,,,,계엄포고 제1호의 위헌·위법 무효(재심 무죄) — 국가긴급권 행사 요건 흠결·기본권 침해 사안으로 행정규칙·시행령 위임 결함 계열이 아님. '무효' 키워드 매칭 노이즈.,,,
34,B,8,prec,193659,2007두4841,2008.04.10,대법원,건축불허가처분취소,대외적 구속력,위임의?\s*한계,"[1] 법령이 특정 행정기관에 법령 내용의 구체적 사항을 정할 수 있는 권한을 부여하면서 권한 행사의 절차나 방법을 특정하고 있지 않아 수임행정기관이 행정규칙의 형식으로 법령의 내용이 될 사항을 정한 경우 그 효력 [2] 산지관리법 제18조 제1항, 제4항, 같은 법 시행령 제20조 제4항에 따라 산림청장이 정한 ‘산지전용허가기준의 세부검토기준에 관한 규정’ 제2조 [별표 3] (바)목 가.의 규정이 법규명령으로서 효력을 가진다고 한 사례  [3] 하위규범이 법령상 용어의 사용기준을 정하고 있는 경우 법령의 위임 한계를 벗어난 것인지 여부(한정소극) 및 행정규칙에서 사용하는 개념이 달리 해석할 여지가 있다 하여 법령의 위임 한계를 벗어났다고 할 수 있는지 여부(한정소극) ","[1] 법령의 규정이 특정 행정기관에 그 법령 내용의 구체적 사항을 정할 수 있는 권한을 부여하면서 그 권한 행사의 절차나 방법을 특정하고 있지 않아 수임행정기관이 행정규칙인 고시의 형식으로 그 법령의 내용이 될 사항을 구체적으로 정하고 있는 경우, 그 고시가 당해 법령의 위임 한계를 벗어나지 않는 한, 그와 결합하여 대외적으로 구속력이 있는 법규명령으로서 효력을 가진다. [2] 산지관리법 제18조 제1항, 제4항, 같은 법 시행령 제20조 제4항에 따라 산림청장이 정한 ‘산지전용허가기준의 세부검토기준에 관한 규정’(2003. 11. 20. 산림청 고시 제2003-71호) 제2조 [별표 3] (바)목 가.의 규정은 법령의 내용이 될 사항을 구체적으로 정한 것으로서 당해 법령의 위임 한계를 벗어나지 않으므로,",/DRF/lawService.do?OC=YOUR_OC&target=prec&ID=193659&type=HTML&mobileYn=,N,,,,산림청 고시 '산지전용허가기준의 세부검토기준에 관한 규정'(제2003-71호) [별표 3]: 위임 한계 내로 법규명령 효력 인정(유효).,,,
35,B,8,prec,85617,2006두3742,2008.03.27,대법원,목욕장영업신고서처리불가처분취소·영업소폐쇄명령처분취소,대외적 구속력,위임의?\s*한계,"[1] 법령의 규정이 특정 행정기관에 그 법령 내용의 구체적 사항을 정할 수 있는 권한을 부여하면서 권한 행사의 절차나 방법을 특정하고 있지 않아 수임행정기관이 행정규칙의 형식으로 법령의 내용이 될 사항을 구체적으로 정한 경우 그 효력 [2] 구 택지개발촉진법 제3조 제4항, 제31조, 같은 법 시행령 제7조 제1항 및 제5항에 따라 건설교통부장관이 정한 ‘택지개발업무처리지침’ 제11조가 법규명령으로서의 효력을 갖는지 여부(적극) [3] 이미 고시된 실시계획에 포함된 상세계획으로 관리되는 토지 위의 건물의 용도를 상세계획 승인권자의 변경승인 없이 임의로 판매시설에서 상세계획에 반하는 일반목욕장으로 변경한 사안에서, 그 영업신고를 수리하지 않고 영업소를 폐쇄한 처분은 적법하다고 한 사례 ","[1] 상급행정기관이 하급행정기관에 대하여 업무처리지침이나 법령의 해석적용에 관한 기준을 정하여 발하는 이른바 행정규칙은 일반적으로 행정조직 내부에서만 효력을 가질 뿐 대외적인 구속력을 갖지 않지만, 법령의 규정이 특정 행정기관에게 그 법령 내용의 구체적 사항을 정할 수 있는 권한을 부여하면서 그 권한 행사의 절차나 방법을 특정하고 있지 않아 수임행정기관이 행정규칙의 형식으로 그 법령의 내용이 될 사항을 구체적으로 정하고 있다면, 그와 같은 행정규칙은 위에서 본 행정규칙이 갖는 일반적 효력으로서가 아니라 행정기관에 법령의 구체적 내용을 보충할 권한을 부여한 법령 규정의 효력에 의하여 그 내용을 보충하는 기능을 갖게 되고, 따라서 이와 같은 행정규칙은 당해 법령의 위임 한계를 벗어나지 않는 한 그것들과 결합하",/DRF/lawService.do?OC=YOUR_OC&target=prec&ID=85617&type=HTML&mobileYn=,N,,,,건설교통부 '택지개발업무처리지침' 제11조: 법령보충적 행정규칙으로 법규명령 효력 인정(유효).,,,
36,B,8,detc,203225,2021헌마1280,2025.11.27,,군인의 지위 및 복무에 관한 기본법 시행령 제38조 제2항 등 위헌확인,위임한계를 벗어나; 위임범위를 벗어나; 위임 없이 훈령; 재위임,"위임의?\s*한계,재위임","가. 장성급 지휘관은 장교의 외출·외박 지역을 제한할 수 있다고 규정하고 있는 ‘군인의 지위 및 복무에 관한 기본법 시행령’ 제38조 제2항 중 장교의 외출·외박에 관한 부분(이하, ‘이 사건 시행령조항’이라 한다), ‘육군규정 120 병영생활규정’ 제117조 제3항 중 장교에 관한 부분(이하, ‘이 사건 육군규정조항’이라 한다)에 대한 심판청구에 직접성이 인정되는지 여부(소극)나. 청구인이 전역함에 따라 주관적 권리보호이익이 소멸하였으나 기본권 제한이 육군 제35보병사단 내에서 여전히 이루어지고 있고, 다른 부대에도 유사한 규정이 다수 존재함을 이유로 구 육군 제35보병사단 병영생활 예규(2021. 7. 8. 개정되고 2022. 10. 28. 개정되기 전의 것) 제29조 본문(?부분 제외) 전단 중 장교에","가. 청구인이 문제 삼는 기본권 제한은 이 사건 예규조항에 의해 비로소 구체화되고 확정적으로 발생한 것이므로, 이 사건 시행령조항 및 이 사건 육군규정조항에 대한 심판청구는 직접성 요건을 갖추지 못하여 부적법하다.나. 청구인은 이 사건 헌법소원을 청구할 당시에는 육군 제35보병사단 법무부 군검사의 직위에 있었으나 이후 보직 변경을 거쳐 전역함에 따라 현재 육군 제35보병사단 장교의 지위에 있지 않는바, 이 사건 예규조항으로 인한 기본권 제한은 종료되어 주관적 권리보호이익은 소멸하였다고 할 것이다.그러나 이 사건 예규조항은 현재 ‘육군 제35보병사단 병영생활 예규’(2024. 4. 18. 개정된 것) 제24조 제1항에서 같은 내용으로 규정되어 있어 이로 인한 기본권 제한이 육군 제35보병사단 내에서 여전히 이",,N,,,,헌재 2025.11.27. 기각: 구 '육군 제35보병사단 병영생활 예규' 제29조(장교 외출·외박 지역 제한)는 상위 법령 위반·기본권 침해 아님(유효). 시행령·육군규정 조항은 직접성 부정 각하.,,,
37,B,8,detc,134476,2000헌마325,2000.06.29,,공직선거및선거부정방지법 제179조 제3항 제3호 등 위헌확인,법령보충적 행정규칙; 행정규칙 위임 무효; 법규명령 행정규칙 효력,"효력이?\s*(없|인정),무효","1. ""무효로 하지 아니하는 투표""의 기준을 규정하고 있는 공직선거및선거부정방지법 제179조 제3항이 직접성의 요건을 갖추고 있는지 여부(소극)2.공직선거에관한사무처리예규의 법규적 효력유무(소극)","1.심판대상조항이 포함된 공직선거및선거부정방지법(이하 ‘법’이라 한다) 제179조 제3항은 ""무효로 하지 아니하는 투표""의 기준을 나열하고 있는데, 이 법률조항 자체로는 국회의원입후보자에게 어떤 자유의 제한이나 의무를 부담하게 하는 것이 아니고, 권리 또는 법적 지위의 장애 내지 박탈의 불이익을 입히는 것도 아니다. 청구인들은 각 선거구의 투표함을 개함하는 개표사무원(법 제174조)의 개표와 선거관리위원회위원(법 제172조, 제180조)의 결정에 따라 투표용지에 한 기표의 유효 여부가 가려지게 되고 그 개표결과에 따라 당락이 결정되는 것이므로, 개표사무원이나 선거관리위원회위원의 집행행위가 있을 때 비로소 기본권의 침해라는 문제가 생기고, 이 기본권 침해행위에 대하여는 법 제180조 소정의 개표소에서 투표의 ",,Y,D1,'공직선거에관한사무처리예규'(중앙선거관리위원회),,헌재: 예규는 개표관리 등 내부 업무처리 지침에 불과하여 법규적 효력 없음(소극) → 대상성 부정 각하. 선관위 소관 — 교육부 코퍼스 무관.,각하(대상성부정),행정규칙(예규),범위외(선관위)
38,B,7,prec,107126,90누3768,1990.07.27,대법원,양도소득세등부과처분취소,대외적 구속력 훈령,무효,가. 구 재산제세조사사무처리규정(국세청훈령 제946호) 제72조 제3항 제5호의 유효 여부(적극) 나. 주택건축을 위하여 구입한 토지를 7년 이상 보유하다가 사업자금 조달을 위하여 매도한 경우이어서 전항의 규정이 정한 투기거래에 해당하지 않는다고 본 사례 다. 재산제세조사사무처리규정(국세청훈령 제980호) 제72조 제3항 제8호의 유효 여부(소극) ,"가. 부동산투기 억제를 위하여 필요하다고 인정되는 거래의 유형을 열거하고 있는 구 재산제세조사사무처리규정(국세청훈령 제946호) 제72조 제3항이 비록 훈령의 형식으로 되어 있더라도 이에 의한 거래의 지정은 소득세법시행령의 위임에 따라 그 규정의 내용을 보충하는 기능을 가지면서 그와 결합하여 대외적인 구속력을 갖는 법규명령으로서의 효력을 갖게 된다고 보아야 할 것이고, 같은 조항 제5호는 투기거래의 판단주체를 과세관청으로 정하여 놓기는 하였으나 그 판단기준은 과세관청의 자의적인 판단에 맡긴 것은 아니고, 제1호 내지 제4호의 각 유형에 준하는 거래만을 투기거래로 할 수 있도록 명백히 제한하여 놓았음이 분명하므로, 위 제5호가 제1호 내지 제4호와는 달리 과세요건을 명백하게 규정하지 아니하여 납세자의 법적안정",/DRF/lawService.do?OC=YOUR_OC&target=prec&ID=107126&type=HTML&mobileYn=,부분,기타,재산제세조사사무처리규정(국세청훈령 제980호) 제72조 제3항 제8호,,"제946호 제72조 제3항 제5호는 유효(가)로 보되, 제980호 제8호(공정과세위원회 자문을 거쳐 투기거래로 인정한 때)는 과세요건 불명확·자의 허용으로 조세법률주의 위반 무효(다) — 심판 대상 중 일부 조항만 부정되어 '부분'. 구 훈령 — 현행 부존재.",무효선언,행정규칙(훈령),폐지·실효
39,B,7,prec,97329,82누324,1983.02.22,대법원,자동차면허취소처분취소,대외적 구속력 훈령; 대외적 구속력 예규,무효,가. 훈령의 법률적 성질 나. 교통부훈령 제680호 별표 1의 위반사항 14-24 규정이 자동차운수사업법에 위반되어 무효인지 여부 ,"가. 훈령이란 행정조직 내부에 있어서 그 권한의 행사를 지휘감독하기 위하여 발하는 행정명령으로서 훈령, 예규, 통첩, 지시, 고시, 각서 등 그 사용명칭 여하에 불구하고 공법상의 법률관계 내부에 관한 준칙 등을 정하는데 그치고 대외적으로는 아무런 구속력도 가지는 것이 아니다. 나. 교통사고의 빈번한 발생 또는 중대한 교통사고의 발생은자동차운수사업법 제1조가 정하는 공공복리의 증진에 반하는 것이 명백하므로, 육상운송에 관한 사무를 관장하는 교통부장관이 이를자동차운수사업법 제31조 제3호 위반으로 보아 사고의 빈도, 사고의 내용등 구체적 사안에 따라 면허의 정지 또는 취소를 명할 수 있다고 할 것이므로, 자동차운수사업자의 보유자 대수에 비례한 연간 교통사고율을 정하여 이에 따라자동차운수사업법 제31조의 처분기준",/DRF/lawService.do?OC=YOUR_OC&target=prec&ID=97329&type=HTML&mobileYn=,Y,D1,교통부훈령 제680호 [별표 1] 위반사항 14-24(보유대수 대비 연간 교통사고율 처분기준),,훈령은 명칭 여하를 불문하고 내부 준칙일 뿐 대외적 구속력 없다고 판시(가). 다만 그 기준 자체가 자동차운수사업법 위반으로 무효라고는 하지 않음(나: 장관의 기준 설정 가능). 대외적 구속력 부정 판시가 있어 Y로 기재하되 내부 기준으로서는 존속. 구 훈령 — 현행 부존재.,구속력부정,행정규칙(훈령),폐지·실효
40,B,7,prec,207536,2018두52204,2019.05.30,대법원,제재처분취소,대외적 구속력 고시; 대외적 구속력,위임의?\s*한계,"[1] 금융위원회의 설치 등에 관한 법률 제60조의 위임에 따라 금융위원회가 고시한 ‘금융기관 검사 및 제재에 관한 규정’ 제18조 제1항이 대외적으로 구속력이 있는 법규명령의 효력을 가지는지 여부(적극) [2] 신용협동조합의 임직원이 고의로 중대한 위법행위를 하여 금융질서를 크게 문란시키거나 금융기관의 공신력을 크게 훼손한 경우, 금융위원회 고시 ‘금융기관 검사 및 제재에 관한 규정’ 제18조 제1항 제1호 (가)목에서 정한 해임권고 사유가 되는지 여부(적극) 및 그가 퇴임이나 퇴직을 하였다가 다시 동일한 신용협동조합의 임원이 된 경우, 신용협동조합법 제84조 제1항 제1호에서 정한 조치 요구의 대상이 되는지 여부(적극) ","[1] 신용협동조합법 제83조 제1항, 제2항, 제84조 제1항 제1호, 제2호, 제42조, 제99조 제2항 제2호, 신용협동조합법 시행령 제16조의4 제1항, 금융위원회의 설치 등에 관한 법률(이하 ‘금융위원회법’이라 한다) 제17조 제2호, 제60조, 금융위원회 고시 ‘금융기관 검사 및 제재에 관한 규정’ 제2조 제1항, 제2항, 제18조 제1항 제1호 (가)목, 제2항의 규정 체계와 내용, 입법 취지 등을 종합하면, 위 고시 제18조 제1항은 금융위원회법의 위임에 따라 법령의 내용이 될 사항을 구체적으로 정한 것으로서 금융위원회 법령의 위임 한계를 벗어나지 않으므로 그와 결합하여 대외적으로 구속력이 있는 법규명령의 효력을 가진다. [2] 신용협동조합의 임직원이 고의로 중대한 위법행위를 하여 금융질서를 ",/DRF/lawService.do?OC=YOUR_OC&target=prec&ID=207536&type=HTML&mobileYn=,N,,,,금융위원회 고시 '금융기관 검사 및 제재에 관한 규정' 제18조 제1항: 금융위원회법 제60조의 위임 한계 내로 법규명령 효력 인정(유효).,,,
41,B,7,prec,201334,2016나272,2018.07.20,대구고등법원,계약체결절차이행,대외적 구속력 고시; 법규명령 행정규칙 효력,무효,"甲 아파트 입주자대표회의가 장기수선충당금으로 실시하는 아파트 건물 균열보수 등 공사의 수급인을 선정하기 위하여 국토교통부장관이 구 주택법 제45조의7에 의하여 운영하는 공동주택관리정보시스템을 통한 전자입찰을 공고하고 현장설명회에서 ‘지하주차장 천장균열 누수부는 반드시 지하주차장특허공법을 사용하여야 한다’고 기재된 시방서를 배부하자, 乙 주식회사가 위 특허공법에 대한 사용승인서를 제출하여 입찰하였고, 개찰을 위한 입주자대표회의에서 甲 아파트 관리소장이 입주자대표회의 회장이 개찰에 반대하며 회의장을 나간 상태에서 동대표 丙의 지시에 따라 공동주택관리정보시스템에 접속하여 위 사용승인서를 제출한 업체들을 서류심사 통과업체로 선정한 다음 개찰을 실시하여 위 업체들 중 입찰가액이 최저인 乙 회사가 낙찰자로 결정되었다고","甲 아파트 입주자대표회의가 장기수선충당금으로 실시하는 아파트 건물 균열보수 등 공사의 수급인을 선정하기 위하여 국토교통부장관이 구 주택법(2014. 12. 31. 법률 제12959호로 개정되기 전의 것, 이하 ‘구 주택법’이라 한다) 제45조의7에 의하여 운영하는 공동주택관리정보시스템을 통한 전자입찰을 공고하고 현장설명회에서 ‘지하주차장 천장균열 누수부는 반드시 지하주차장특허공법을 사용하여야 한다’고 기재된 시방서를 배부하자, 乙 주식회사가 위 특허공법에 대한 사용승인서를 제출하여 입찰하였고, 개찰을 위한 입주자대표회의에서 甲 아파트 관리소장이 입주자대표회의 회장이 개찰에 반대하며 회의장을 나간 상태에서 동대표 丙의 지시에 따라 공동주택관리정보시스템에 접속하여 위 사용승인서를 제출한 업체들을 서류심사 통과업",/DRF/lawService.do?OC=YOUR_OC&target=prec&ID=201334&type=HTML&mobileYn=,N,,,,대구고법 2018.7.20.: 국토교통부 고시 '주택관리업자 및 사업자 선정지침'의 법규명령 효력(대외적 구속력) 인정 → 지침 위반 '입찰행위'를 무효로 판단(규범 무효 아님).,,,
42,B,7,prec,184025,2015두58324,2016.08.17,대법원,화물자동차유가보조금6개월간지급정지처분취소,대외적 구속력 고시; 대외적 구속력,위임의?\s*한계,"[1] 고시가 법령에 근거를 두었으나 규정 내용이 법령의 위임 범위를 벗어난 경우, 법규명령으로서 대외적 구속력을 인정할 수 있는지 여부(소극) 및 고시가 위임의 한계를 준수하고 있는지 판단하는 방법 [2] 구 화물자동차 운수사업법 제43조 제2항 후단의 위임에 따라 국토교통부장관이 유가보조금 지급대상에서 제외되는 것으로 정할 수 있는 사유는 유가보조금제도의 목적에 반하는 사유에 한정되는지 여부(적극) 및 국토교통부장관이 유가보조금제도의 목적에 반하지 않거나 유가보조금제도와 무관한 사유를 들어 지급대상에서 제외되는 사유로 정할 수 있는지 여부(소극) ",,/DRF/lawService.do?OC=YOUR_OC&target=prec&ID=184025&type=HTML&mobileYn=,Y,기타,'화물자동차 유가보조금 관리 규정'(국토교통부 고시) 제28조 제1항 제12호,,집단적 화물운송 거부·방해 동조를 유가보조금 지급대상 제외사유로 정한 부분이 구 화물자동차법 제43조 제2항 후단의 위임범위(제도 목적 관련 사유)를 벗어나 대외적 구속력 있는 법규명령의 효력 불인정(2016.8.17.). 2015두51132와 동일 조항·동일 취지. 요지란 공란은 원자료 누락.,구속력부정,행정규칙(고시),타부처현행
43,B,7,prec,183247,2015두51132,2016.08.17,대법원,유가보조금환수및유가보조금지급정지6개월처분취소,대외적 구속력 고시; 대외적 구속력,위임의?\s*한계,"[1] 고시가 법령에 근거를 두었으나 규정 내용이 법령의 위임 범위를 벗어난 경우, 법규명령으로서의 대외적 구속력을 인정할 수 있는지 여부(소극) 및 고시가 위임의 한계를 준수하고 있는지 판단하는 방법 [2] 구 화물자동차 운수사업법 제43조 제2항 후단의 위임에 따라 국토교통부장관이 유가보조금 지급대상에서 제외되는 것으로 정할 수 있는 사유가 유가보조금제도의 목적에 반하는 사유에 국한되는지 여부(적극) 및 국토교통부장관이 유가보조금제도의 목적에 반하지 아니하거나 유가보조금제도와 무관한 사유를 지급대상에서 제외되는 사유로 정한 경우, 구 화물자동차 운수사업법의 위임 범위를 벗어난 것인지 여부(적극) ","[1] 일반적으로 행정 각부의 장이 정하는 고시라도 그것이 특히 법령의 규정에서 특정 행정기관에 법령 내용의 구체적 사항을 정할 수 있는 권한을 부여함으로써 법령 내용을 보충하는 기능을 가질 경우에는 형식과 상관없이 근거 법령 규정과 결합하여 대외적으로 구속력이 있는 법규명령으로서의 효력을 가지나 이는 어디까지나 법령의 위임에 따라 법령 규정을 보충하는 기능을 가지는 점에 근거하여 예외적으로 인정되는 효력이므로 특정 고시가 비록 법령에 근거를 둔 것이더라도 규정 내용이 법령의 위임 범위를 벗어난 것일 경우에는 법규명령으로서의 대외적 구속력을 인정할 여지는 없다.   그리고 특정 고시가 위임의 한계를 준수하고 있는지를 판단할 때에는, 법률 규정의 입법 목적과 규정 내용, 규정의 체계, 다른 규정과의 관계 등을",/DRF/lawService.do?OC=YOUR_OC&target=prec&ID=183247&type=HTML&mobileYn=,Y,기타,'화물자동차 유가보조금 관리 규정'(국토교통부 고시) 제28조 제1항 제12호,,"2015두58324와 동일: 모법의 위임범위를 벗어난 지급제외 사유로서 무효(대외적 구속력 부정, 2016.8.17. 상고기각). 국토부 소관 — 교육부 코퍼스 무관.",구속력부정,행정규칙(고시),타부처현행
44,B,7,prec,166454,2011가합80239,2012.10.05,서울중앙지방법원,손해배상(기)·손해배상(기),대외적 구속력 고시,위임의?\s*한계,"[1]           전기사업법 시행령 제7조 제2항에 따라 지식경제부장관이 정하여 고시한 ‘발전사업세부허가기준, 전기요금산정기준, 전력량계허용오차 및 전력계통운영업무에 관한 고시’가           상법 제399조 제1항에서 정한 ‘법령’에 해당하는지 여부(적극)         [2] 甲 등 한국전력공사의 주주들이 한국전력공사 사장으로 재직하였던 乙을 상대로 乙이 전기사업법 등 법령을 위반하거나 임무를 해태하여 전기요금 인상률을 전기공급에 소요되는 총괄원가에 미치지 못하는 수준으로 결정함으로써 한국전력공사에 손해를 입혔다는 이유로 대표소송을 제기하여 손해배상을 구한 사안에서, 乙이 법령을 위반하거나 임무를 해태하였다고 인정할 수 없다고 한 사례 ","[1]           전기사업법 제16조 제1항은, 한국전력공사는 대통령령으로 정하는 바에 따라 전기요금과 그 밖의 공급조건에 관한 약관을 작성하여 지식경제부장관의 인가 또는 변경인가를 받아야 한다고 규정하고 있고,           전기사업법 시행령 제7조 제1항 제1호는 전기요금과 그 밖의 공급조건에 관한 약관에 대한 인가 또는 변경인가의 기준으로 전기요금이 적정원가에 적정이윤을 더한 것이라고 규정하면서,           제2항에서           제1항 각 호에 따른 인가 또는 변경인가의 기준에 관한 세부적인 사항은 지식경제부장관이 정하여 고시하도록 규정하고 있는데, 이에 따라 지식경제부장관이 정하여 고시한 ‘발전사업세부허가기준, 전기요금산정기준, 전력량계허용오차 및 전력계통운영업무에 관한 고시",/DRF/lawService.do?OC=YOUR_OC&target=prec&ID=166454&type=HTML&mobileYn=,N,,,,"지식경제부 고시(발전사업세부허가기준·전기요금산정기준 등)가 상법 제399조 제1항의 '법령'에 해당(법령보충적 고시로 법규성 인정, 유효). 하급심(서울중앙지법) 민사.",,,
45,B,7,prec,157678,2009두23822,2011.09.08,대법원,공장신설불승인처분취소,대외적 구속력 고시; 대외적 구속력,위임의?\s*한계,"[1] ‘산업입지의 개발에 관한 통합지침’이 법규명령의 효력을 가지는지 여부(적극) [2] 甲 주식회사가 한 공장설립승인신청에 대하여, 천안시장이 공장부지가 상수원보호구역으로부터 상류 800m 지점에 있어서 ‘산업입지의 개발에 관한 통합지침’ 제36조 제1항 제6호에 따라 공장설립이 불허된다는 이유로 불승인처분을 한 사안에서, 처분이 적법하다고 본 원심판단을 수긍한 사례 ","[1] 산업입지 및 개발에 관한 법률 제40조 제1항, 제3항, 산업입지 및 개발에 관한 법률 시행령 제45조 제1항의 위임에 따라 제정된 ‘산업입지의 개발에 관한 통합지침’(2008. 1. 4. 건설교통부 고시 제2007-662호, 환경부 고시 제2007-205호)의 내용, 형식 및 취지 등을 종합하면, ‘산업입지의 개발에 관한 통합지침’은 위 법령이 위임한 것에 따라 법령의 내용이 될 사항을 구체적으로 정한 것으로서 법령의 위임 한계를 벗어나지 않으므로, 그와 결합하여 대외적으로 구속력이 있는 법규명령의 효력을 가진다. [2] 甲 주식회사가 한 공장설립승인신청에 대하여, 천안시장이 공장부지가 천안 상수원보호구역으로부터 상류 800m 지점에 있어서 ‘산업입지의 개발에 관한 통합지침’(2008. 1. 4. ",/DRF/lawService.do?OC=YOUR_OC&target=prec&ID=157678&type=HTML&mobileYn=,N,,,,'산업입지의 개발에 관한 통합지침'(건설교통부·환경부 고시): 법령의 위임 한계 내로 법규명령 효력 인정(유효).,,,
46,B,7,prec,210845,2013두5845,2019.10.31,대법원,수당금,대외적 구속력 예규; 대외적 구속력; 법규명령 행정규칙 효력,위임의?\s*한계,"  [1] 현업공무원 등의 지방공무원은 근무명령에 의하여 실제로 초과근무한 시간에 해당하는 초과근무수당의 지급을 구할 수 있는지 여부(원칙적 적극) 및 구 지방공무원보수업무 등 처리지침이 현업대상자에 대하여 시간외근무수당의 월 지급시간을 ‘예산의 범위 내’로 정하도록 규정하거나, 지방자치단체가 예산의 편성지침에 의하여 실제 근무한 초과근로시간에 미달되도록 초과근무수당을 예산에 편성한 경우에도 마찬가지인지 여부(적극)   [2] 법령의 규정이 특정 행정기관에 그 법령 내용의 구체적 사항을 정할 수 있는 권한을 부여하면서 권한 행사의 절차나 방법을 특정하고 있지 않아 수임행정기관이 행정규칙의 형식으로 그 법령의 내용이 될 사항을 구체적으로 정한 경우, 그 행정규칙은 대외적 구속력이 있는 법규명령으로서의 효력을 ",,/DRF/lawService.do?OC=YOUR_OC&target=prec&ID=210845&type=HTML&mobileYn=,부분,기타,구 지방공무원보수업무 등 처리지침 중 현업대상자 시간외근무수당의 월 지급시간을 '예산의 범위 내'로 정하도록 한 부분,,2014두3020과 동일 법리 — 지침으로 법령상 초과근무수당 청구권을 제한할 수 없어 해당 부분의 대외적 효력 부정. 요지란 공란은 원자료 누락.,구속력부정,행정규칙(예규),타부처(구 지침)
47,B,7,prec,226653,2018두45633,2020.12.24,대법원,중국전담여행사지정취소처분취소,대외적 구속력,대외적\s*구속력이?\s*(없|인정되지)," [1] 행정청이 행정절차법 제20조 제1항의 처분기준 사전공표 의무를 위반하여 미리 공표하지 아니한 기준을 적용하여 처분을 하였다는 사정만으로 해당 처분에 취소사유에 이를 정도의 흠이 존재하는지 여부(소극) / 해당 처분에 적용한 기준이 상위법령의 규정이나 법의 일반원칙을 위반하였거나 객관적으로 합리성이 없다고 볼 수 있는 구체적인 사정이 있는 경우, 해당 처분이 위법한지 여부(적극)   [2] 행정청이 관계 법령의 규정이나 자체적인 판단에 따라 처분상대방에게 특정한 권리나 이익 또는 지위 등을 부여한 후 일정한 기간마다 심사하여 갱신 여부를 판단하는 이른바 ‘갱신제’를 채택하여 운용하는 경우, 처분상대방은 갱신 여부에 관하여 합리적인 기준에 의한 공정한 심사를 요구할 권리를 가지는지 여부(적극) 및 여기"," [1] 행정청이 행정절차법 제20조 제1항의 처분기준 사전공표 의무를 위반하여 미리 공표하지 아니한 기준을 적용하여 처분을 하였다고 하더라도, 그러한 사정만으로 곧바로 해당 처분에 취소사유에 이를 정도의 흠이 존재한다고 볼 수는 없다. 다만 해당 처분에 적용한 기준이 상위법령의 규정이나 신뢰보호의 원칙 등과 같은 법의 일반원칙을 위반하였거나 객관적으로 합리성이 없다고 볼 수 있는 구체적인 사정이 있다면 해당 처분은 위법하다고 평가할 수 있다. 구체적인 이유는 다음과 같다.  ① 행정청이 행정절차법 제20조 제1항에 따라 정하여 공표한 처분기준은, 그것이 해당 처분의 근거 법령에서 구체적 위임을 받아 제정·공포되었다는 특별한 사정이 없는 한, 원칙적으로 대외적 구속력이 없는 행정규칙에 해당한다.  ② 처분이",/DRF/lawService.do?OC=YOUR_OC&target=prec&ID=226653&type=HTML&mobileYn=,Y,D1,문화체육관광부 '중국 단체관광객 유치 전담여행사' 지정·갱신 관련 업무 시행지침(갱신 평가기준),,행정절차법 제20조에 따라 공표된 처분기준이라도 근거 법령의 구체적 위임 없이 정해진 것은 대외적 구속력 없는 행정규칙이라고 판시(2020.12.24. 파기환송). 처분 위법 사유는 갱신제하 심사대상기간 만료 후 변경된 기준의 소급 적용(공정심사 요구권 침해) — 규범 무효 선언은 아니고 재량준칙으로 존속.,구속력부정,행정규칙(지침),타부처
48,B,7,prec,209228,2011두10584,2013.09.12,대법원,부정당업자제재처분취소,대외적 구속력,위임\s*없,"[1] 법령의 위임이 없음에도 법령에 규정된 처분 요건에 해당하는 사항을 부령에서 변경하여 규정한 경우, 부령 규정의 법적 성격 및 처분의 적법 여부를 판단하는 기준 [2] 공공기관의 운영에 관한 법률 제39조 제3항의 위임에 따라 제정된 기획재정부령인 ‘공기업·준정부기관 계약사무규칙’ 제15조 제1항의 법적 성격 ","[1] 법령에서 행정처분의 요건 중 일부 사항을 부령으로 정할 것을 위임한 데 따라 시행규칙 등 부령에서 이를 정한 경우에 그 부령의 규정은 국민에 대해서도 구속력이 있는 법규명령에 해당한다고 할 것이지만, 법령의 위임이 없음에도 법령에 규정된 처분 요건에 해당하는 사항을 부령에서 변경하여 규정한 경우에는 그 부령의 규정은 행정청 내부의 사무처리 기준 등을 정한 것으로서 행정조직 내에서 적용되는 행정명령의 성격을 지닐 뿐 국민에 대한 대외적 구속력은 없다고 보아야 한다. 따라서 어떤 행정처분이 그와 같이 법규성이 없는 시행규칙 등의 규정에 위배된다고 하더라도 그 이유만으로 처분이 위법하게 되는 것은 아니라 할 것이고, 또 그 규칙 등에서 정한 요건에 부합한다고 하여 반드시 그 처분이 적법한 것이라고 할 수도",/DRF/lawService.do?OC=YOUR_OC&target=prec&ID=209228&type=HTML&mobileYn=,Y,D1,'공기업·준정부기관 계약사무규칙'(기획재정부령) 제15조 제1항,,"법령(공공기관운영법 제39조 제2항)의 위임 없이 법률에 규정된 처분요건을 변경하여 정한 부령 조항 → 행정조직 내부의 행정명령에 불과, 대외적 구속력 부정. 대상이 부령(시행규칙류)임을 유의(O1 표의 시행령에 준하여 Y 처리).",구속력부정,부령,타부처현행
49,B,7,detc,137695,99헌바91,2004.10.28,,"금융산업의구조개선에관한법률 제2조 제3호 가목 등 위헌소원"" (동법 제10조 제1항 제2호, 제2항, 제12조 제2항 내지 제4항)""",대외적 구속력 훈령; 대외적 구속력 고시; 대외적 구속력 예규; 법령보충적 행정규칙; 위임 없이 훈령; 대외적 구속력; 법규명령 행정규칙 효력,위임\s*없,"1. 당해소송이 제1심과 항소심에서 소송요건이 결여되었다는 이유로 각하되었지만 상고심에서 그 각하판결이 유지될지 불분명한 경우에도 헌법재판소법 제68조 제2항의 헌법소원에 있어서 재판의 전제성이 인정될 수 있다고 본 사례2. 법률이 입법사항을 대통령령이나 부령이 아닌 고시와 같은 행정규칙의 형식으로 위임하는 것이 헌법 제40조, 제75조, 제95조 등과의 관계에서 허용되는지 여부(한정적극)3. 법률이 국민의 권리의무와 관련된 사항을 고시와 같은 행정규칙에 위임하는 경우 그 위헌성 판단방법4. 금융산업의구조개선에관한법률 제2조 제3호 가목, 제10조 제1항 제2호, 제2항에서 입법사항을 금융감독위원회의 고시에 위임한 것이 헌법에 위반되는지 여부(소극)5. 부실금융기관에 대한 정부의 출자를 규정하는 구 금융산업","1. 금융감독위원회가 주식회사인 보험회사에 대하여 부실금융기관으로 결정하고 증자 및 감자를 명한 처분에 대하여 이 사건의 청구인들인 위 회사의 ‘주주’ 또는 ‘이사’ 등이 그 취소를 구하는 당해소송에서 제1심과 항소심 법원은 ‘주주’ 또는 ‘이사’ 등이 가지는 이해관계를 행정소송법 제12조 소정의 ‘법률상 이익’으로 볼 수 없다고 하면서 소를 각하하는 판결을 선고하였다. 그러나, 당해사건에 직접 원용할 만한 확립된 대법원 판례는 아직까지 존재하지 않아 해석에 따라서는 당해소송에서 청구인들의 원고적격이 인정될 여지도 충분히 있고, 헌법재판소가 이에 관하여 법원의 최종적인 법률해석에 앞서 불가피하게 판단할 수밖에 없는 경우에는 헌법재판소로서는 일단 청구인들이 당해소송에서 원고적격을 가질 수 있다는 전제하에 재판",,N,,,,헌재: 법률이 입법사항을 고시 등 행정규칙에 위임하는 것 한정적 허용(법리) + 금산법 조항의 금감위 고시 위임은 합헌(소극). 위임 쟁점 유효 판단.,,,
50,B,7,detc,137486,2004헌마670,2007.08.30,,산업기술연수생 도입기준완화결정 등 위헌확인,대외적 구속력 훈령; 대외적 구속력 고시; 대외적 구속력 예규; 위임 없이 훈령; 대외적 구속력; 법규명령 행정규칙 효력,효력이?\s*(없|인정),"1. 근로의 권리에 관한 외국인의 기본권 주체성(한정 적극)2. ‘외국인산업기술연수생의 보호 및 관리에 관한 지침’(1998. 2. 23. 노동부 예규 제369호로 개정된 것) 제4조, 제8조 제1항 및 제17조(이하 ‘이 사건 노동부 예규’라 한다)가 헌법소원의 대상이 되는 공권력의 행사에 해당하는지 여부(적극)3. 이 사건 노동부 예규가 청구인의 평등권을 침해하는지 여부(적극)","1. 근로의 권리가 ""일할 자리에 관한 권리""만이 아니라 ""일할 환경에 관한 권리""도 함께 내포하고 있는바, 후자는 인간의 존엄성에 대한 침해를 방어하기 위한 자유권적 기본권의 성격도 갖고 있어 건강한 작업환경, 일에 대한 정당한 보수, 합리적인 근로조건의 보장 등을 요구할 수 있는 권리 등을 포함한다고 할 것이므로 외국인 근로자라고 하여 이 부분에까지 기본권 주체성을 부인할 수는 없다. 즉 근로의 권리의 구체적인 내용에 따라, 국가에 대하여 고용증진을 위한 사회적·경제적 정책을 요구할 수 있는 권리는 사회권적 기본권으로서 국민에 대하여만 인정해야 하지만, 자본주의 경제질서하에서 근로자가 기본적 생활수단을 확보하고 인간의 존엄성을 보장받기 위하여 최소한의 근로조건을 요구할 수 있는 권리는 자유권적 기본권의 ",,Y,기타,"'외국인산업기술연수생의 보호 및 관리에 관한 지침'(노동부 예규 제369호) 제4조, 제8조 제1항, 제17조",,헌재 인용(위헌확인): 예규가 사실상 대외적 규범력을 갖는 공권력 행사임을 전제로 근로기준법상 보호를 연수생에게 배제한 것이 평등권 침해. 위임 결함이 아닌 평등원칙 위반. 구 예규 폐지 — 현행 부존재.,무효선언,행정규칙(예규),폐지·실효
51,B,7,detc,38997,2013헌바183,2014.07.24,,구 조세특례제한법 제2조 제3항 위  헌소원,재위임,재위임,"1. 법률이 입법사항을 고시와 같은 행정규칙의 형식으로 위임하는 것이 허용되는지 여부(한정적극)2.조세감면 또는 중과의 대상이 되는 업종의 분류를 통계청장이 고시하는 한국표준산업분류에 위임할 필요성이 인정되는지 여부(적극)3. 업종의 분류를 통계청장이 고시하는 한국표준산업분류에 의하도록 한 구 조세특례제한법(2001. 12. 29. 법률 제6538호로 개정되고, 2007. 4. 27. 법률 제8387호로 개정되기 전의 것) 제2조 제3항(이하 ‘심판대상조항’이라 한다)이 조세법률주의 및 포괄위임금지원칙에 위배되는지 여부(소극)","1.사회적 변화에 대응한 입법수요의 급증과 종래의 형식적 권력분립주의로는 현대사회에 대응할 수 없다는 기능적 권력분립론을 감안하여 헌법 제40조ㆍ제75조ㆍ제95조의 의미를 살펴보면, 국회가 입법으로 행정기관에게 구체적인 범위를 정하여 위임한 사항에 관하여는 당해 행정기관이 법 정립의 권한을 갖게 되고, 입법자가 그 규율의 형식도 선택할 수 있다고 보아야 하므로, 헌법이 인정하고 있는 위임입법의 형식은 예시적인 것으로 보아야 한다. 법률이 일정한 사항을 행정규칙에 위임하더라도 그 행정규칙은 위임된 사항만을 규율할 수 있으므로, 국회입법의 원칙과 상치되지 않는다. 다만, 행정규칙은 법규명령과 같은 엄격한 제정 및 개정절차를 필요로 하지 아니하므로, 기본권을 제한하는 내용의 입법을 위임할 때에는 법규명령에 위임하",,N,,,,"헌재: 구 조특법 제2조 제3항의 한국표준산업분류(통계청 고시) 위임 — 위임 필요성 인정, 조세법률주의·포괄위임금지 위배 아님(합헌).",,,
52,B,6,prec,221989,2020다253515,2022.05.26,대법원,부당이득금등,위임한계를 벗어나; 위임 없이 훈령,무효,"  [1] 공공건설임대주택의 임대보증금과 임대료의 상한을 정한 구 임대주택법령의 규정이 효력규정인지 여부(적극) 및 임대주택의 임대보증금과 임대료를 정한 약정 중 위 규정의 한도액을 초과하는 부분의 효력(무효)   [2] 일부 무효의 법리를 정한 민법 제137조의 적용 범위 / 법률행위의 일부가 강행법규인 효력규정을 위반하여 무효가 되는 경우라도 당해 효력규정과 그 효력규정을 둔 법의 입법 취지를 고려할 때 나머지 부분을 무효로 하는 것이 당해 효력규정 및 그 법의 취지에 명백히 반하는 결과가 초래되는 경우, 나머지 부분까지 무효가 된다고 할 수 있는지 여부(소극)   [3] 공공건설임대주택의 정당한 전환임대보증금 산정을 위하여 건설원가에서 공제하는 국민주택기금 융자금의 범위(=대출약정에 따라 대출이 예정된","  [1] 임대주택의 건설을 촉진하고 국민주거생활의 안정을 도모하기 위하여 제정된 구 임대주택법(2013. 6. 4. 법률 제11870호로 개정되기 전의 것, 이하 같다. 현재는 ‘민간임대주택에 관한 특별법’으로 승계되었다)은 임대사업자가 자의적으로 임대보증금과 임대료를 정하는 것을 방지하기 위하여 임대주택의 임차인의 자격, 선정 방법, 임대보증금, 임대료 등 임대조건에 관한 기준을 대통령령으로 정하도록 하였다(제20조 제1항). 그 위임에 따라 제정된 구 임대주택법 시행령(2015. 6. 30. 대통령령 제26369호로 개정되기 전의 것, 이하 같다) 제21조는 구 주택법 제16조에 따른 공공건설임대주택의 최초 임대보증금과 임대료는 국토해양부장관이 정하여 고시하는 표준임대보증금 및 표준임대료를 초과할 수 ",/DRF/lawService.do?OC=YOUR_OC&target=prec&ID=221989&type=HTML&mobileYn=,N,,,,구 임대주택법 시행령 제21조 및 표준임대보증금·표준임대료 고시를 유효한 효력규정(강행규정)으로 인정하고 이를 초과한 사법상 약정 부분을 무효로 본 사안(규범 자체의 무효 아님).,,,
53,B,6,prec,107317,90누5764,1990.09.25,대법원,양도소득세등부과처분취소,대외적 구속력 훈령,무효, 재산제세조사사무처리규정(1985.5.1.국세청훈령 제946호) 제72조 제3항이 법규명령인지 여부(적극) 및 그 제5호가 조세법률주의에 위반되는지 여부(소극) ," 재산제세조사사무처리규정(1985.5.1 국세청훈령 제946호) 제72조 제3항은 대외적인 구속력이 있는 법규명령으로서의 효력이 있고 그 제5호의 ""국세청장, 지방국세청장 및 세무서장의 부동산거래 특별조사나 관계기관의 조사로 제1호 내지 제4호에 준하는 투기거래로 판명된 거래""라는 규정이 조세법률주의에 위반되는 무효의 것이라고 할 수 없다. ",/DRF/lawService.do?OC=YOUR_OC&target=prec&ID=107317&type=HTML&mobileYn=,N,,,,"재산제세조사사무처리규정(국세청훈령 제946호) 제72조 제3항 및 제5호: 법규명령 효력 인정, 조세법률주의 위반 아님(유효).",,,
54,B,6,prec,181222,2014두6135,2016.02.18,대법원,신재생에너지발전차액지원적용설비선정취소및발전차액지원금환수,대외적 구속력 고시; 대외적 구속력,위임범위를?\s*벗어,"[1] 지식경제부 고시인 ‘신·재생에너지이용 발전전력의 기준가격 지침’ 제13조 제4항이 구 신에너지 및 재생에너지 개발·이용·보급 촉진법의 위임범위를 벗어났는지 여부(소극) 및 법규명령으로서 효력을 가지는지 여부(적극) [2] 수익적 행정처분의 하자가 당사자의 사실은폐나 기타 부정한 방법에 의한 신청행위 때문인 경우, 행정청이 처분에 관한 신뢰이익을 고려하여야 하는지 여부(소극) ",,/DRF/lawService.do?OC=YOUR_OC&target=prec&ID=181222&type=HTML&mobileYn=,N,,,,"지식경제부 고시 '신·재생에너지이용 발전전력의 기준가격 지침' 제13조 제4항: 모법 위임범위 일탈 아님(소극), 법규명령 효력 인정(유효). 요지란 공란은 원자료 누락.",,,
55,B,6,prec,209190,2011구합1964,2011.10.12,대전지방법원,중학교입학자격검정고시응시제한처분취소,대외적 구속력 고시,무효,"대전광역시 교육감이 ‘대전광역시 중학교 입학자격 검정고시 규칙’에 근거하여 만 12세 이상인 자를 대상으로 하는 내용의 2011년도 중학교 입학자격 검정고시 시행계획을 공고함에 따라, 만 5세가 되는 날이 속한 해의 다음해에 초등학교에 입학하여 재학하다가 취학의무를 유예받아 정원 외로 관리되던 甲이 응시원서를 제출하였으나, 만 9세에 불과하여 응시자격이 없다는 이유로 반려처분을 받은 사안에서, ‘대전광역시 중학교 입학자격 검정고시 규칙’ 중 만 12세 이상으로 응시연령을 제한하는 규정은 무효라는 이유로 위 처분이 위법하다고 한 사례 ","대전광역시 교육감이 ‘대전광역시 중학교 입학자격 검정고시 규칙’(이하 ‘이 사건 검정고시 규칙’이라 한다)에 근거하여 만 12세 이상인 자를 대상으로 하는 내용의 2011년도 중학교 입학자격 검정고시 시행계획을 공고함에 따라, 만 5세가 되는 날이 속한 해의 다음해에 초등학교에 입학하여 4학년 1학기까지 재학하다가 1년간 취학의무를 유예받아 정원 외로 학적이 관리되던 甲이 응시원서를 제출하였으나, 만 9세에 불과하여 응시자격이 없다는 이유로 대전광역시 교육감에게서 반려처분을 받은 사안에서, 의무교육에 관한 헌법 제31조 제2항, 제3항, 교육기본법 제8조 제1항, ‘초·중등교육법’ 제12조, 제13조와 취학의무에 관한 ‘초·중등교육법’ 제13조를 근거로 중학교 입학자격 검정고시의 응시연령을 제한할 수는 없으",/DRF/lawService.do?OC=YOUR_OC&target=prec&ID=209190&type=HTML&mobileYn=,N,,,,"하급심(대전지법)이 '대전광역시 중학교 입학자격 검정고시 규칙'(교육감 제정 교육규칙=자치법규) 중 응시연령(만 12세 이상) 제한 부분을 무효로 판단한 사안 — 대상이 자치법규로 O1의 행정규칙·시행령 범주 밖이라 무관 처리. 다만 상고심(대법원 2014.8.20. 2012두19526, 본 목록 판독순위 71)은 반대로 규칙 유효 판단(본건 무효 판단 유지되지 않음). [검수 반영: 무관→N. 무효 판단이 상고심 2012두19526에서 번복되어 최종 유효 2026-08-15.]",,,
56,B,6,prec,227069,2021두39362,2021.10.14,대법원,정이사선임처분취소,대외적 구속력,효력이?\s*(없|인정),[1] 임기가 만료된 학교법인의 이사에게 후임이사가 선임될 때까지 종전의 직무를 계속하여 수행할 긴급처리권이 인정되는지 여부(원칙적 적극) 및 위 긴급처리권에 후임 정식이사 선임에 관여할 권한이 포함되는지 여부(적극) / 관할청이 구 사립학교법 제25조의3에 따라 정식이사를 선임할 때 퇴임한 정식이사들의 긴급처리권에 구애받지 않고 공석이 있는 이사 정수 전원에 대하여 정식이사 선임권을 행사할 수 있는지 여부(적극) [2] 행정기관 내부의 업무처리지침이나 법령의 해석ㆍ적용 기준을 정한 행정규칙이 대외적 구속력을 갖는지 여부(소극) 및 처분이 행정규칙에 적합한지에 따라 처분의 적법 여부를 판단할 수 있는지 여부(소극) [3] 관할청이 구 사립학교법 제25조의3에 따른 정식이사 선임권을 행사할 때 종전 정식이사의,"[1] 학교법인의 이사 임기가 만료되었다고 하더라도, 적법한 후임이사의 선임이 없어 임기가 만료되지 아니한 다른 이사만으로는 정상적인 학교법인의 활동을 할 수 없는 경우, 임기가 만료된 구 이사로 하여금 학교법인의 업무를 수행케 함이 부적당하다고 인정할 만한 특별한 사정이 없는 한, 민법 제691조를 유추하여 구 이사에게 후임이사가 선임될 때까지 종전의 직무를 계속하여 수행할 긴급처리권이 인정되고, 긴급처리권은 후임 정식이사 선임에 관여할 권한도 포함한다. 관할청이 구 사립학교법(2020. 12. 22. 법률 제17659호로 개정되기 전의 것) 제25조의3에 따라 정식이사를 선임할 때에는 퇴임한 정식이사들의 긴급처리권에 구애받지 않고 공석이 있는 이사 정수 전원에 대하여 정식이사 선임권을 행사할 수 있다. ",/DRF/lawService.do?OC=YOUR_OC&target=prec&ID=227069&type=HTML&mobileYn=,무관,,,,사학 정상화·종전이사 긴급처리권 사안. [2]에서 행정규칙의 대외적 구속력 부정 일반법리를 설시했으나 특정 규범의 위임·효력에 대한 개별 판단 없음. 사립학교법 영역(교육부 소관)이라는 점만 참고.,,,
57,B,6,prec,161507,2011다104253,2012.03.29,대법원,손해배상(기)등,대외적 구속력,대외적\s*구속력이?\s*(없|인정되지)," [1] 공익사업을 위한 토지 등의 취득 및 보상에 관한 법률 제68조 제3항의 위임에 따라 협의취득의 보상액 산정에 관한 구체적 기준을 정하고 있는 공익사업을 위한 토지 등의 취득 및 보상에 관한 법률 시행규칙 제22조가 대외적인 구속력을 가지는지 여부(적극)   [2] 한국토지주택공사가 甲 등에게서 토지를 협의취득하면서 ‘매매대금이 고의·과실 내지 착오평가 등으로 과다 또는 과소하게 책정되어 지급되었을 때에는 과부족금액을 상대방에게 청구할 수 있다’고 약정하였는데, 공사가 협의취득을 위한 보상액을 산정하면서 한국감정평가업협회의 구 토지보상평가지침에 따라 토지를 지상에 설치된 철탑 및 고압송전선의 제한을 받는 상태로 평가한 사안에서, 위 약정은 감정평가기준을 잘못 적용하여 협의매수금액을 산정한 경우에도 적"," [1] 공익사업을 위한 토지 등의 취득 및 보상에 관한 법률(이하 ‘공익사업법’이라 한다) 제68조 제3항은 협의취득의 보상액 산정에 관한 구체적 기준을 시행규칙에 위임하고 있고, 위임 범위 내에서 공익사업을 위한 토지 등의 취득 및 보상에 관한 법률 시행규칙 제22조는 토지에 건축물 등이 있는 경우에는 건축물 등이 없는 상태를 상정하여 토지를 평가하도록 규정하고 있는데, 이는 비록 행정규칙의 형식이나 공익사업법의 내용이 될 사항을 구체적으로 정하여 내용을 보충하는 기능을 갖는 것이므로, 공익사업법 규정과 결합하여 대외적인 구속력을 가진다.   [2] 한국토지주택공사가 국민임대주택단지를 조성하기 위하여 甲 등에게서 토지를 협의취득하면서 ‘매매대금이 고의·과실 내지 착오평가 등으로 과다 또는 과소하게 책정되",/DRF/lawService.do?OC=YOUR_OC&target=prec&ID=161507&type=HTML&mobileYn=,N,,,,공익사업법 시행규칙 제22조: 법령보충으로 대외적 구속력 인정(유효). 한국감정평가업협회 '토지보상평가지침'은 사적 단체의 내부 기준으로 취급 — 위임입법 쟁점 아님.,,,
58,B,6,prec,193642,2007다1753,2007.11.15,대법원,상장폐지결정무효확인,대외적 구속력,무효,[1] 주식회사 한국증권선물거래소와 유가증권 상장신청법인 사이에 체결되는 상장계약 및 그 상장폐지결정의 법적 성질 [2] 주식회사 한국증권선물거래소가 제정한 유가증권상장규정의 법적 성질 [3] 주식회사 한국증권선물거래소가 제정한 유가증권상장규정의 특정 조항을 무효라고 보아야 하는 경우  [4] 주권상장법인이 회사정리절차의 개시신청을 하였다는 이유만으로 상장폐지결정을 하도록 정한 구 유가증권상장규정의 상장폐지조항의 효력(무효) ,"[1] 주식회사 한국증권선물거래소는 한국증권선물거래소법 제4조의 규정에 따라 설립된 주식회사로서, 그 유가증권시장에 유가증권의 상장을 희망하는 발행회사와 주식회사 한국증권선물거래소 사이에 체결되는 상장계약은 사법상의 계약이고, 상장회사의 신청이 없는 상태에서의 주식회사 한국증권선물거래소에 의한 상장폐지 내지 상장폐지결정은 그러한 사법상의 계약관계를 해소하려는 주식회사 한국증권선물거래소의 일방적인 의사표시이다.  [2] 주식회사 한국증권선물거래소가 증권거래법의 규정에 따라 제정한 유가증권상장규정은, 행정기관이 제정하는 일반적, 추상적인 규정으로서 법령의 위임에 따라 그 규정의 내용을 보충하는 기능을 가지면서 그와 결합하여 대외적인 구속력을 가지는 법규명령이라고 볼 수는 없고, 증권거래법이 자치적인 사항을 스스",/DRF/lawService.do?OC=YOUR_OC&target=prec&ID=193642&type=HTML&mobileYn=,무관,,,,한국증권선물거래소 '유가증권상장규정'은 법규명령이 아닌 사법상 자치규정이라는 성질 결정 + 특정 조항(정리절차 신청만으로 상장폐지)의 무효는 사법(私法)적 통제(신의칙·형평)에 의한 것 — 위임입법 결함 계열 아님.,,,
59,B,6,expc,312818,07-0125,,,행정자치부 - 「공무원교육훈련법 시행령」 제11조의3제3항(공무원의 교육훈련에 관한 위임범위) 관련,재위임,위임범위를?\s*벗어,"「공무원교육훈련법 시행령」 제11조의3제3항은 교육훈련시간을 승진임용에 반영하는 경우에 연간 이수하여야 할 교육훈련시간, 교육훈련시간으로 인정할 수 있는 교육훈련의 내용 및 교육훈련의 운영에 관하여 필요한 사항은 중앙인사위원회가 따로 정할 수 있도록 규정하고 있는바, 연간 교육훈련기준시간 또는 당해계급 근무년수 × 당해부처 연간교육훈련기준시간의 20% 이상은 교육훈련 부서 주관으로 민·관 교육훈련기관에서 이수하게 한 교육훈련 시간이 포함되도록 정한 ‘교육훈련시간 승진반영제도 운영지침’(중앙인사위원회 예규 제112호(2006.9.13))이 (가) 상위법령인 「공무원교육훈련법 시행령」을 위반하거나 위임범위를 벗어나는지,  (나) 위 운영지침의 내용이 법률 또는 시행령이 아니라 예규로써 규정할 수 있는 사항인지?","‘교육훈련시간 승진반영제도 운영지침’(중앙인사위원회 예규 제112호(2006. 9. 13))이 연간 교육훈련기준시간 또는 당해계급 근무년수 × 당해부처 연간교육훈련기준시간의 20% 이상은 교육훈련 부서 주관으로 민·관 교육훈련기관에서 이수하게 한 교육훈련 시간이 포함되도록 정한 것은 (가) 「공무원교육훈련법 시행령」을 위반하거나 위임범위를 벗어나지 않으며, (나) 위 규정은 법률이나 시행령의 형식이 아니라 예규로써 정할 수 있는 사항입니다.",,N,,,,법제처 법령해석례(법원 판단 아님): '교육훈련시간 승진반영제도 운영지침'(중앙인사위원회 예규 제112호)이 공무원교육훈련법 시행령 위반·위임범위 일탈이 아니며 예규로 정할 수 있는 사항이라고 회신(유효).,,,
60,B,6,detc,22733,2012헌마427,2013.02.28,,기소유예처분취소,대외적 구속력 훈령; 대외적 구속력 고시; 대외적 구속력 예규; 재위임; 대외적 구속력; 법규명령 행정규칙 효력,위임범위를?\s*벗어,"가.심판대상인 기소유예처분의 기본권 침해 여부를 판단하기 위하여 그 기소유예처분의 근거가 되는 법령의 위헌 여부를 판단한 사례나.세관장의 의무이행요구를 이행하지 아니한 자를 처벌하는 구 관세법(2000. 12. 29. 법률 제6305호로 개정되고, 2010. 12. 30. 법률 제10424호로 개정되기 전의 것) 제276조 제2항 제4호, 제227조 제1항(이하 ‘이 사건 처벌조항’이라 한다)이 죄형법정주의의 명확성원칙에 위배되는지 여부(소극)다.이 사건 처벌조항이 포괄위임입법금지원칙에 위배되는지 여부(소극)라.수입업자가 수입물품 양수인에게 원산지표시의무를 서면으로 알릴 의무(이하 ‘이 사건 통지의무’라 한다)를 구 대외무역관리규정에 규정한 것이 기본권 제한의 본질적인 사항에 관한 의회유보원칙에 위배되는지 ","가.이 사건 심판대상은 이 사건 기소유예처분이 청구인의 기본권을 침해하는지 여부이다. 그런데 청구인은 이 사건 기소유예처분의 근거가 되는 처벌조항 등이 헌법에 위반된다고 주장하는바, 헌법에 위반되는 법령을 기초로 이루어진 기소유예처분은 정당성을 가질 수 없으므로, 위 조항들의 위헌 여부에 관하여 살펴볼 필요가 있다.나. 이 사건 처벌조항은 구체적으로 ‘어떤 법령에 의한 어떤 의무’가 세관장의 의무이행 요구의 대상이 되는지에 관하여 열거하고 있지 않다.그러나 복잡·다양한 통관업무와 관련하여 국민에게 부과할 의무를 일일이 나열한다는 것은 입법기술상 현저히 곤란하므로, 이러한 경우 다소 광범위하고 포괄적인 개념을 사용하는 것은 부득이하다. 구 관세법 제227조가 통관요건과 관련된 규정이고, 세관장의 의무이행 요구",,N,,,,"헌재: 원산지표시 통지의무를 구 대외무역관리규정(산업자원부 고시)에 규정한 것 — 의회유보·포괄위임금지 위배 아님, 법률→시행령→고시의 단계적 위임 구조 적법(고시 유효 전제). 기소유예처분 취소 여부와 별개로 규범은 합헌.",,,
61,B,6,detc,58250,2000헌마29,2001.02.22,,한약관련과목의범위및이수인정기준  위헌확인,대외적 구속력 훈령; 위임 없이 훈령,대외적\s*구속력이?\s*(없|인정되지),보건복지부장관이 구 약사법시행령(1997. 3. 6. 대통령령 제15301호로 개정되기 전의 것) 제3조의2에서 정한 한약관련과목의 해석과 관련하여 산하기관인 한국보건의료인국가시험원장에게 시달한 ‘한약관련과목의 범위 및 이수인정기준’이 헌법소원의 대상이 되는 공권력의 행사에 해당하는지 여부(소극),"이 사건 심판대상이 된 위 이수인정기준은 그 형식을 보면 보건복지부장관이 한약사국가시험 응시자격과 관련한 구 약사법시행령 제3조의2의 한약관련과목 규정을 구체적으로 해석하기 위한 기준으로서 국가시험원장에게 발한 훈령·통첩에 해당한다. 즉 5개 영역별로 최소이수학점과 필수과목 20개만 규정하고 있을 뿐, 관련과목 전체를 규정하고 있지 않은 구 약사법시행령 제3조의2 규정의 시행을 위한 일종의 내부 기준에 불과하고 그것이 국민이나 법원을 구속하는 효력은 없다. 왜냐하면 약사법 제3조의2는 한약관련과목을 ‘대통령령’이 정하도록 위임하고 있고, 그에 따른 대통령령인 구 약사법시행령 제3조의2는 5개 영역별로 필수과목 20개만 규정하고 있을 뿐, 각 영역별 해당과목을 한정적으로 열거하고 있지는 않으며, 또한 그 해당",,Y,D3,보건복지부장관 '한약관련과목의 범위 및 이수인정기준',,"헌재 각하: 약사법시행령 제3조의2의 시행을 위한 내부 기준(훈령·통첩)에 불과하고 시행령이 별도 기준 설정을 위임한 바 없어 국민·법원에 대한 구속력 없음(공권력행사성 부정). 구 기준 — 현행 부존재. [검수 반영: 법률→대통령령 위임 존재, 시행령의 재위임 부재, 장관 기준이 규율 — D3(재위임 단절) 정형. D1→D3 정정 2026-08-15.]",각하(대상성부정),행정규칙(내부기준),폐지·실효
62,B,6,detc,181059,2021헌마374,2023.02.23,,의료법 제45조의2 제1항 등  위헌확인,위임 없이 훈령; 재위임,재위임,가. 의료기관의 장으로 하여금 보건복지부장관에게 비급여 진료비용에 관한 사항을 보고하도록 한 의료법 제45조의2 제1항 중 ‘비급여 진료비용’에 관한 부분(이하 ‘보고의무조항’이라 한다)이 법률유보원칙에 반하여 의사의 직업수행의 자유와 환자의 개인정보자기결정권을 침해하는지 여부(소극)나. 보고의무조항이 포괄위임금지원칙에 반하여 의사의 직업수행의 자유와 환자의 개인정보자기결정권을 침해하는지 여부(소극)다. 보고의무조항이 과잉금지원칙에 반하여 의사의 직업수행의 자유와 환자의 개인정보자기결정권을 침해하는지 여부(소극)라. 의원급 의료기관의 비급여 진료비용에 관한 현황조사ㆍ분석 결과를 공개하도록 한 ‘비급여 진료비용 등의 공개에 관한 기준’ 제3조 중 ‘의료법 제3조 제2항 제1호에 따른 의료기관’의 ‘비급여 진료,"가. 보고의무조항은 ‘비급여 진료비용의 항목, 기준, 금액, 진료내역’을 보고하도록 함으로써 보고의무에 관한 기본적이고 본질적인 사항을 법률에서 직접 정하고 있으므로, 법률유보원칙에 반하여 청구인들의 기본권을 침해하지 아니한다.나. 비급여는 그 유형과 종류가 다양하므로 보고의무에 관한 세부적인 사항은 하위법령에 위임할 필요가 있고, 보고의무조항의 입법목적과 ‘개인정보 보호법’의 내용 등을 고려하면, 보고대상인 ‘진료내역’에는 상병명, 수술ㆍ시술명 등 비급여 진료의 실태파악에 필요한 진료정보만 포함될 뿐 환자 개인의 신상정보는 포함되지 않을 것임을 예상할 수 있다. 따라서 보고의무조항은 포괄위임금지원칙에 반하여 청구인들의 기본권을 침해하지 아니한다.다. 비급여는 급여와 달리 사회적 통제기전이 없어 국민들이 비",,N,,,,헌재 기각: 의료법 제45조의2 보고의무조항 및 '비급여 진료비용 등의 공개에 관한 기준'(보건복지부 고시) — 법률유보·포괄위임·과잉금지 위배 아님(유효).,,,
63,B,6,detc,154549,2017헌마1366,2019.12.27,,고용노동부 고시 제2017-42호 위헌확인,법규명령 행정규칙 효력,무효,"가. ‘2018년 적용 최저임금 고시’(2017. 8. 4. 고용노동부 고시 제2017-42호)의 1. 최저임금액 부분 중 “월 환산액 1,573,770원: 주 소정근로 40시간을 근무할 경우, 월 환산 기준시간 수 209시간(주당 유급주휴 8시간 포함) 기준” 부분 및 ‘2019년 적용 최저임금 고시’(2018. 8. 3. 고용노동부 고시 제2018-63호)의 1. 최저임금액 부분 중 “월 환산액 1,745,150원: 주 소정근로 40시간을 근무할 경우, 월 환산 기준시간 수 209시간(주당 유급주휴 8시간 포함) 기준” 부분(이하 ‘각 월 환산액 부분’이라 하고, 위 두 고시를 합하여 ‘이 사건 각 고시’라 한다)이 헌법소원의 대상이 되는 공권력의 행사에 해당하는지 여부(소극)나. 이 사건 각 고시 중 ","가. 각 월 환산액 부분은 시간을 단위로 정해진 각 해당 연도 최저임금액에 법정근로시간과 유급으로 처리되는 주휴시간을 합한 근로시간 수를 곱하여 산정한 것으로 최저임금위원회 및 피청구인의 행정해석 내지 행정지침에 불과할 뿐 국민이나 법원을 구속하는 법규적 효력을 가진 것으로 볼 수 없다. 따라서 이 사건 각 고시의 각 월 환산액 부분은 국민의 권리의무에 직접 영향을 미치는 것이 아니므로 헌법소원의 대상이 되는 ‘공권력의 행사’에 해당하지 아니한다. 나. 각 최저임금 고시 부분은 최저임금제도의 입법목적을 달성하기 위하여 모든 산업에 적용될 최저임금의 시간당 액수를 정한 것으로 이는 임금의 최저수준 보장을 위한 유효하고도 적합한 수단이다. 최저임금위원회의 각 연도별 최저임금액 의결과정에 비추어 보면, 각 최저임",,부분,D1,고용노동부 고시 제2017-42호('2018년 적용 최저임금 고시') 및 제2018-63호('2019년 적용 최저임금 고시') 중 각 '월 환산액' 부분,,헌재: 월 환산액 부분은 최저임금법이 고시하도록 위임한 사항(시간급 최저임금액)이 아니라 행정해석·지침에 불과하여 법규적 효력 없음 → 공권력행사성 부정 각하. 최저임금액 부분 자체는 기각(유효). 연도별 고시로 이미 실효 — 현행 부존재.,각하(대상성부정),행정규칙(고시),폐지·실효(연도고시)
64,B,5,prec,236789,2021두41495,2023.08.18,대법원,지원금교부결정취소처분취소[직장어린이집 설치비 지원금 교부조건 위반을 이유로 한 지원금교부결정 취소처분 및 지원금 환수처분에 대하여 취소를 구하는 사건],위임한계를 벗어나; 위임범위를 벗어나,위임의?\s*한계,"  [1] 특정 사안과 관련하여 법령에서 위임을 한 경우, 위임의 한계를 준수하고 있는지 판단하는 기준   [2] 구 직장어린이집 등 설치·운영 규정 제36조 제1항 제3호 및 [별표 3]이 고용보험법 제26조, 고용보험법 시행령 제38조 제5항의 위임범위 내에 있는지 여부(적극) ","  [1] 특정 사안과 관련하여 법령에서 위임을 한 경우 위임의 한계를 준수하고 있는지를 판단할 때는 당해 법령 규정의 입법 목적과 규정 내용, 규정의 체계, 다른 규정과의 관계 등을 종합적으로 살펴야 하고, 수권 규정에서 사용하고 있는 용어의 의미를 넘어 그 범위를 확장하거나 축소하여 위임 내용을 구체화하는 단계를 벗어나 새로운 입법을 하였는지 등도 아울러 고려해야 한다.   [2] 구 직장어린이집 등 설치·운영 규정(2020. 7. 8. 고용노동부예규 제173호로 개정되기 전의 것) 제36조 제1항 제3호 및 [별표 3]은 고용보험법 제26조, 고용보험법 시행령 제38조 제5항의 위임범위 내에 있다고 보는 것이 타당하다. 이유는 다음과 같다.   ① 보조금 교부는 수익적 행정행위로서 교부대상의 선정과 취",/DRF/lawService.do?OC=YOUR_OC&target=prec&ID=236789&type=HTML&mobileYn=,N,,,,구 '직장어린이집 등 설치·운영 규정'(고용노동부예규) 제36조 제1항 제3호·[별표 3]: 고용보험법 제26조·시행령 제38조 제5항의 위임범위 내(유효).,,,
65,B,5,prec,231833,2021두61079,2022.04.14,대법원,화물자동차안전운임고시취소청구,위임한계를 벗어나,위임의?\s*한계,"  [1] 특정 사안과 관련하여 법률에서 하위 법령에 위임을 한 경우, 모법의 위임범위를 확정하거나 하위 법령이 위임의 한계를 준수하고 있는지 판단하는 방법 / 이때 어떠한 사안이 국회가 형식적 법률로 스스로 규정해야 하는 본질적 사항에 해당되는지 판단하는 방법 / 특정 고시가 위임의 한계를 준수하고 있는지 판단하는 방법     [2] 국토교통부장관이 2019. 12. 30. 국토교통부고시 2019-1007호로 고시한 ‘2020년 적용 화물자동차 안전운임’ 중 ‘3. 자동차관리법 제3조에 따른 특수자동차로 운송되는 수출입 컨테이너 품목 안전운임(환적화물)’ 항목 부분이 위임입법의 한계를 일탈했는지 문제 된 사안에서, 국토교통부장관이 ‘환적 컨테이너’가 모법 규정인 화물자동차 운수사업법 제5조의4 제2항의 ‘",,/DRF/lawService.do?OC=YOUR_OC&target=prec&ID=231833&type=HTML&mobileYn=,Y,기타,국토교통부고시 제2019-1007호 '2020년 적용 화물자동차 안전운임' 중 환적 컨테이너 품목 안전운임(3.항목) 부분,,모법(화물자동차법 제5조의4 제2항 제1호)의 '수출입 컨테이너' 문언 범위를 넘어 환적 컨테이너까지 확장한 것으로 위임의 한계 일탈(2022.4.14. 피고 상고기각 — 해당 고시 부분 취소 판단 확정). 연도별 고시 실효 — 현행 부존재. 요지란 공란은 원자료 누락.,무효선언,행정규칙(고시),폐지·실효(연도고시)
66,B,5,prec,217385,2020두39655,2021.07.29,대법원,법인세경정거부처분취소,위임한계를 벗어나,무효,"[1] 법규명령이 법률의 위임 범위를 벗어났는지 판단하는 방법 / 시행령 규정이 모법의 위임 범위를 벗어난 것인지 판단할 때 중요한 기준 중 하나인 ‘예측 가능성’의 의미 및 예측 가능성의 유무를 판단하는 방법 [2] 구 법인세법 시행령 제11조 제9호의2 (가)목이 구 법인세법 제15조 제3항의 위임 범위를 벗어난 것인지 문제 된 사안에서, 법인이 정당한 사유 없이 특수관계가 소멸되는 날까지 회수하지 않은 업무무관 가지급금 등은 구 법인세법 제15조 제1항이 정한 익금에는 해당하지 않지만 소득처분을 위한 조세정책상 이유로 익금으로 보는 것으로서 구 법인세법 제15조 제3항의 위임 범위를 벗어난 것이라고 볼 수 없다고 한 사례 ",[1] 법규명령이 법률의 위임 범위를 벗어났는지는 직접적인 위임 법률조항의 형식과 내용뿐만 아니라 법률의 전반적인 체계와 목적 등도 아울러 고려하여 법률의 위임 범위나 한계를 객관적으로 확정한 다음 법규명령의 내용과 비교해서 판단해야 한다. 법규명령의 내용이 위와 같이 확정된 법률의 위임 범위 내에 있다고 인정되거나 법률이 예정하고 있는 바를 구체적으로 명확하게 한 것으로 인정되면 법규명령은 무효로 되지 않는다. 나아가 어느 시행령 규정이 모법의 위임 범위를 벗어난 것인지를 판단할 때 중요한 기준 중 하나는 예측 가능성이다. 이는 해당 시행령의 내용이 이미 모법에서 구체적으로 위임되어 있는 사항을 규정한 것으로서 누구라도 모법 자체로부터 위임된 내용의 대강을 예측할 수 있는 범위에 속한다는 것을 뜻한다. 이,/DRF/lawService.do?OC=YOUR_OC&target=prec&ID=217385&type=HTML&mobileYn=,N,,,,구 법인세법 시행령 제11조 제9호의2 (가)목: 구 법인세법 제15조 제3항의 위임범위 일탈 아님(유효).,,,
67,B,5,prec,119000,89구14740,1990.10.31,서울고등법원,용도증명발급신청반려처분취소,대외적 구속력 훈령,위임\s*없,가. 일정면적 이하의 상대농지를 주거용지로 지목변경하기 위한 용도증명서 발급행위의 성질 나. 제1항 기재 용도증명서의 발급에 관하여 농지의보전및이용에관한법률 및 같은 시행법령의 위임 없이 그 요건을 강화한 농림수산부 훈령(농지전용허가심조세부규정)의 효력 ,"가. 농지의보전및이용에관한법률 제2조 제7호, 제4조 제1항 제2호, 제7조 제1항 제2호, 같은법시행령 제7조 제1항, 제12조 제2호의 각 규정을 종합하여 보면, 농업에 종사하는 자는 정부의 허가를 받음이 없이 일정면적 이하의 도시계획구역 밖의 상대농지를 영농주체의 주거용지 등으로 사용할 수 있다 할것이므로 일정면적의 농지를 주거용지로 지목변경하기 위한 용도증명서 발급행위는 그 신청이 같은 법 또는 그 시행령 소정의 요건에 해당하는 이상 반드시 그에 따라 이를 발급해 주어야 하는 기속행위라고 봄이 상당하다. 나. 농지전용허가심조세부규정(농림수산부 훈령 제611호) 제3조 제1항 내지 제3항은 제1항 기재 용도증명서의 발급에 관하여 농지의보전및이용에관한법률이나 같은 법시행령으로부터 위임을 받은 바 없이 농",/DRF/lawService.do?OC=YOUR_OC&target=prec&ID=119000&type=HTML&mobileYn=,Y,D1,'농지전용허가심사세부규정'(농림수산부 훈령 제611호) 제3조 제1항 내지 제3항,,농지의보전및이용에관한법률령의 위임 없이 용도증명 발급 요건을 강화한 훈령으로 대외적 효력 부정(기속행위인 발급의 거부 위법). 하급심(서울고법). 구 훈령 — 현행 부존재.,구속력부정,행정규칙(훈령),폐지·실효
68,B,5,prec,219595,2017다274451,2021.05.07,대법원,정산금등청구의소,대외적 구속력 고시; 대외적 구속력,무효,"  [1] 산업단지조성사업의 시행자인 甲 공사가 산업단지 내 분양부지의 수분양자이자 그 분양부지의 개발을 대행한 乙 주식회사에 관한 분양대금 관련 최종 정산금액을 산정하면서 乙 회사가 정산일 전 지급한 분양대금에 대하여 지급일부터 분양부지 인도일까지의 이자만 공제하고 그 이후 이자는 공제하지 않은 사안에서, 甲 공사와 乙 회사가 선수금 이자의 정산방법에 관하여 구 산업입지 및 개발에 관한 법률 및 그 시행령 등에 의하기로 합의하였다고 봄이 타당하므로, 특별한 사정이 없는 한 乙 회사가 정산일 전 지급한 분양대금에 대하여는 위 시행령 제40조 제10항에 따라 납부일부터 정산일까지 발생한 이자를 공제하여야 한다고 본 원심판단에 법리오해 등의 잘못이 없다고 한 사례   [2] 법률에서 해당 규정을 위반한 법률행위",,/DRF/lawService.do?OC=YOUR_OC&target=prec&ID=219595&type=HTML&mobileYn=,무관,,,,사법상 정산금 분쟁(약정 해석)과 단속규정 위반 법률행위의 효력 문제 — 위임입법 쟁점 아님(검색 노이즈). 요지란 공란은 원자료 누락.,,,
69,B,5,prec,183811,2014두44502,2016.12.15,대법원,이행강제금부과처분취소,대외적 구속력 고시; 대외적 구속력,무효,"[1] 하위법령의 규정이 상위법령의 규정에 저촉되는지 명백하지 않지만 하위법령의 의미를 상위법령에 합치되는 것으로 해석하는 것이 가능한 경우, 하위법령이 상위법령에 위반된다는 이유로 무효를 선언할 수 있는지 여부(소극) [2] 구 건축법 제80조 제1항 제1호, 지방세법 제4조 제2항, 지방세법 시행령 제4조 제1항 제1호의 위임에 따라 행정자치부장관이 정한 ‘2012년도 건물 및 기타건물 시가표준액 조정기준’과 ‘2013년도 건물 및 기타건물 시가표준액 조정기준’ 중 ‘멸실 개축’과 ‘멸실외 개축’의 시가표준액산출비율을 달리 정하고 있는 부분이 명확성 원칙, 평등 원칙에 위배되는지 여부(소극) ","[1] 국가의 법체계는 그 자체로 통일체를 이루고 있으므로 상·하규범 사이의 충돌은 최대한 배제되어야 하며 또한 규범이 무효라고 선언될 경우에 생길 수 있는 법적 혼란과 불안정 및 새로운 규범이 제정될 때까지의 법적 공백 등으로 인한 폐해를 회피할 필요성이 있음에 비추어 보면, 하위법령의 규정이 상위법령의 규정에 저촉되는지가 명백하지 아니한 경우에, 관련 법령의 내용과 입법 취지 및 연혁 등을 종합적으로 살펴 하위법령의 의미를 상위법령에 합치되는 것으로 해석하는 것도 가능한 경우라면, 하위법령이 상위법령에 위반된다는 이유로 쉽게 무효를 선언할 것은 아니다. [2] 구 건축법(2015. 8. 11. 법률 제13471호로 개정되기 전의 것) 제80조 제1항 제1호, 지방세법 제4조 제2항, 지방세법 시행령 제4",/DRF/lawService.do?OC=YOUR_OC&target=prec&ID=183811&type=HTML&mobileYn=,N,,,,행정자치부장관이 정한 '건물 및 기타건물 시가표준액 조정기준'(2012·2013년도): 지방세법령의 위임에 따른 것으로 명확성·평등원칙 위배 아님(유효). 하위법령 합헌적 해석 우선 법리 설시.,,,
70,B,5,prec,168606,2012도16383,2013.03.28,대법원,수산업법위반·수산자원관리법위반,대외적 구속력 고시; 재위임; 대외적 구속력,재위임," 처벌대상인 행위를 대통령령 등 하위법령에 위임하고 있는 구 수산업법 제95조 제8호, 제73조 및 구 수산자원관리법 제64조 제1호, 제17조가 포괄위임입법금지 원칙 내지 죄형법정주의에 위배되는지 여부(소극)  ","                구 수산업법(2009. 4. 22. 법률 제9626호로 전부 개정되기 전의 것, 이하 ‘종전 수산업법’이라 한다)은 제73조에서 ‘이 법 또는 이 법에 따른 명령’을 위반하는 행위에 관하여 같은 법 제95조에 형벌규정을 두면서 그 명령의 내용에 관하여는 같은 법 제53조 제1항 제8호에 규정하고 있었고, 한편 구 수산자원관리법(2010. 4. 15. 법률 제10272호로 개정되기 전의 것, 이하 같다)은 제17조에서 ‘이 법 또는 수산업법에 따른 명령’을 위반하는 행위에 관하여 같은 법 제64조에 형벌규정을 두면서 그 명령의 내용에 관하여는 구 수산업법(2010. 4. 15. 법률 제10272호로 개정되기 전의 것, 이하 ‘구 수산업법’이라 한다) 제61조 제1항 제5호에 규정하",/DRF/lawService.do?OC=YOUR_OC&target=prec&ID=168606&type=HTML&mobileYn=,N,,,,구 수산업법 제95조 제8호·구 수산자원관리법 제64조 제1호 등: 포괄위임입법금지·죄형법정주의 위배 아님(합헌). 대상은 법률 조항.,,,
71,B,5,prec,175327,2012두19526,2014.08.20,대법원,중학교입학자격검정고시응시제한처분취소,법령보충적 행정규칙,무효,"[1] 법률의 시행령이나 시행규칙의 내용이 모법의 입법 취지와 관련 조항 전체를 유기적·체계적으로 살펴보아 모법의 해석상 가능한 것을 명시한 것에 지나지 않거나 모법 조항의 취지에 근거하여 이를 구체화하기 위한 것인 경우, 모법에 직접 위임하는 규정을 두지 않았다고 하여 무효인지 여부(소극) 및 이러한 법리는 지방자치단체의 교육감이 제정하는 교육규칙과 모법인 상위 법령의 관계에서도 마찬가지인지 여부(적극) [2] 시교육감이 ‘중학교 입학자격 검정고시 규칙’에 근거하여 만 12세 이상인 자를 대상으로 하는 ‘중학교 입학자격 검정고시 시행계획’을 공고하였는데, 초등학교에 재학하다가 취학의무를 유예받아 정원 외로 관리되던 만 9세인 甲이 응시원서를 제출하였다가 반려처분을 받은 사안에서, 위 ‘중학교 입학자격 검정","[1] 법률의 시행령이나 시행규칙은 법률에 의한 위임이 없으면 개인의 권리·의무에 관한 내용을 변경·보충하거나 법률이 규정하지 아니한 새로운 내용을 정할 수는 없지만, 법률의 시행령이나 시행규칙의 내용이 모법의 입법 취지와 관련 조항 전체를 유기적·체계적으로 살펴보아 모법의 해석상 가능한 것을 명시한 것에 지나지 아니하거나 모법 조항의 취지에 근거하여 이를 구체화하기 위한 것인 때에는 모법의 규율 범위를 벗어난 것으로 볼 수 없으므로, 모법에 이에 관하여 직접 위임하는 규정을 두지 아니하였다고 하더라도 이를 무효라고 볼 수는 없다. 이러한 법리는 지방자치단체의 교육감이 제정하는 교육규칙과 모법인 상위 법령의 관계에서도 마찬가지이다. [2] 시교육감이 ‘중학교 입학자격 검정고시 규칙’에 근거하여 만 12세 이",/DRF/lawService.do?OC=YOUR_OC&target=prec&ID=175327&type=HTML&mobileYn=,N,,,,"대법원 2014.8.20.: '중학교 입학자격 검정고시 규칙'(교육감 교육규칙) 제14조 제2호의 응시연령 제한은 모법(초·중등교육법령)의 해석상 가능한 것을 구체화한 것으로 직접 위임 규정이 없어도 무효 아님(유효). 1심(2011구합1964, 본 목록 판독순위 55)의 무효 판단을 뒤집은 상고심.",,,
72,B,5,prec,616577,2024두60701,2026.01.29,대법원,제재부가금부과처분등취소,위임 없이 훈령,위임\s*없,"  [1] 행정권한의 위임과 행정권한 내부 위임의 차이 및 행정권한이 내부 위임된 경우, 수임관청이 자기의 이름으로 그 권한을 행사할 수 있는지 여부(소극)   [2] 교육서비스업을 영위하는 甲이 고용노동부 소관 보조사업인 ‘청년 디지털 일자리 사업’ 위탁운영기관인 乙 주식회사와 위 사업 지원 협약을 체결하고 청년들을 채용하여 乙 회사로부터 지원금을 지급받았는데, 甲이 참여청년들에게 ‘수행업무 허위작성, 사전근로, 퇴직사실 은닉, 페이백’을 하였다는 이유로 乙 회사가 보조금 관리에 관한 법률 제33조에 따라 甲에게 지원금 반환명령을 하자, 관할 지방고용노동청장이 甲에게 위 법률 제31조의2 제2항 제1호, 제33조의2 제1항 제2호에 따라 5년간 보조금 지급을 제한하고 제재부가금을 부과하는 처분을 한 사안에","  [1] 행정권한의 위임은 행정관청이 법률에 따라 특정한 권한을 다른 행정관청에 이전하여 수임관청의 권한으로 행사하도록 하는 것으로서 권한의 법적인 귀속을 변경하는 것이므로, 법률이 위임을 허용하고 있는 경우에 한하여 인정된다. 이에 반하여, 행정권한의 내부 위임은 법률이 위임을 허용하고 있지 않은 경우에도 행정관청의 내부적인 사무처리의 편의를 도모하기 위하여 그의 보조기관 또는 하급행정관청으로 하여금 그의 권한을 사실상 행사하게 하는 것이다. 그러므로 권한 위임의 경우에는 수임관청이 자기의 이름으로 그 권한행사를 할 수 있지만, 내부 위임의 경우 수임관청은 위임관청의 이름으로만 그 권한을 행사할 수 있을 뿐 자기의 이름으로는 그 권한을 행사할 수 없다.   [2] 교육서비스업을 영위하는 甲이 고용노동부 ",/DRF/lawService.do?OC=YOUR_OC&target=prec&ID=616577&type=HTML&mobileYn=,무관,,,,행정권한의 위임·내부위임(처분 권한 귀속) 사안 — 위임'입법' 쟁점이 아님(검색 노이즈).,,,
73,B,5,prec,614377,2023두57807,2025.12.11,대법원,재직기간산입거부처분취소청구의소,위임 없이 훈령; 재위임,재위임,"  [1] 공무원연금법 제25조 제3항 제1호가 포괄위임입법금지 원칙에 위배되는지 여부(소극)   [2] 공무원연금법 시행령 제18조 제2호가 복위임금지 원칙에 반하는지 여부(소극)   [3] 사회복무요원 복무기간을 2년 한도로 공무원 재직기간에 산입할 수 있도록 정한 공무원연금법 제25조 제3항 제1호, 공무원연금법 시행령 제18조 제2호, 구 병역법 시행령 제151조가 현역병에 비하여 합리적 근거 없이 사회복무요원을 차별하고 있는지 여부(소극)   [4] 공무원연금법 제25조 제3항 제1호, 공무원연금법 시행령 제18조 제2호, 구 병역법 시행령 제151조가 공무원으로 근무하다가 퇴직한 후 다시 공무원으로 임용된 사람에 비하여 사회복무요원으로 복무한 후 공무원으로 임용된 사람을 합리적 근거 없이 차별하는","  [1] 공무원연금법 제25조 제3항 제1호는 본인의 의사와 상관없이 징집 또는 소집되어 열악한 근무환경 속에서 일정한 기간 국토방위 등의 직무를 수행하는 현역병 등의 공로를 복무기간 산입이라는 제도를 통해 보상하려는 목적을 가진다. 이러한 입법 목적에 더하여 보충역소집에 따라 복무하게 되는 직역의 다양성, 보충역소집에 따른 구체적인 복무 형태 및 기간의 변화 가능성, 보충역소집에 따른 복무와 현역병 등 복무 사이의 차이점 등을 고려하면, 보충역소집에 의하여 복무한 기간 중 공무원 재직기간에 산입할 수 있는 기간의 범위나 구체적인 기준 등을 법률에 빠짐없이 규정하는 것보다 일정한 정도로 예측 가능한 범위 내에서 하위법령에 위임할 필요성이 있다.    또한 공무원연금법 제25조 제3항 제1호는 공무원 재직기",/DRF/lawService.do?OC=YOUR_OC&target=prec&ID=614377&type=HTML&mobileYn=,N,,,,공무원연금법 제25조 제3항 제1호(포괄위임 소극)·시행령 제18조 제2호(복위임금지 위반 소극) 등 유효. 위임 쟁점 유효 판단.,,,
74,B,5,prec,240903,2020다291531,2024.06.17,대법원,부당이득금[상호저축은행이 대출 및 수익분배에 관한 약정에 따라 취득한 주식에 대한 유상감자대금이 부당이득으로서 반환되어야 하는지 문제된 사건],위임 없이 고시,무효,"  [1] 회사의 권리능력 제한 사유인 ‘회사의 정관상 목적’의 의미와 판단 기준   [2] 민법 제103조에 의하여 무효로 되는 반사회질서 행위의 의미 / 민법 제104조에서 정한 불공정한 법률행위의 성립 요건 및 상대방 당사자에게 폭리행위의 악의가 없는 경우, 불공정한 법률행위가 성립하는지 여부(소극)   [3] 사법상 계약 기타 법률행위가 일정한 행위를 금지하는 구체적 법규정을 위반하여 행하여진 경우, 그 법률행위가 무효인지 판단하는 기준   [4] 상호저축은행은 비상장회사의 주식을 발행주식총수의 100분의 10 이내의 한도 내에서만 매입·보유할 수 있도록 정한 구 상호저축은행법 제18조의2 제1호 및 구 상호저축은행업감독규정 제30조 제1항 제4호의 법적 성질(=단속규정) ","  [1] 회사의 권리능력은 회사의 설립 근거가 된 법률과 회사의 정관상 목적에 의하여 제한되나, 그 목적 범위 내의 행위는 정관에 명시된 목적 자체에 국한되는 것이 아니고 그 목적을 수행하는 데 직접 또는 간접으로 필요한 행위는 모두 포함되며, 목적 수행에 필요한지 여부도 행위의 객관적 성질에 따라 추상적으로 판단할 것이지 행위자의 주관적, 구체적 의사에 따라 판단할 것은 아니다.   [2] 민법 제103조에 의하여 무효로 되는 반사회질서 행위는 법률행위의 목적인 권리의무의 내용이 선량한 풍속 기타 사회질서에 위반되는 경우뿐만 아니라, 그 내용 자체는 반사회질서적인 것이 아니라고 하여도 법률적으로 이를 강제하거나 법률행위에 반사회질서적인 조건 또는 금전적인 대가가 결부됨으로써 반사회질서적 성질을 띠게 되는",/DRF/lawService.do?OC=YOUR_OC&target=prec&ID=240903&type=HTML&mobileYn=,무관,,,,구 상호저축은행업감독규정(금융위 고시) 제30조 제1항 제4호의 단속규정 성질 결정 및 사법상 법률행위 효력 사안 — 규범의 위임·효력 부정 판단 아님(유효 전제).,,,
75,B,5,prec,186657,2011구합30519,2012.05.25,서울행정법원,보험약가인하처분취소,재위임,재위임,"보건복지부장관이 ‘판매 촉진을 위하여 금품을 제공하는 등 유통질서를 문란하게 한 것이 확인된 약제’에 대하여 해당 약제의 상한금액을 조정하여 고시할 수 있도록 정한           구 국민건강보험 요양급여의 기준에 관한 규칙 제13조 제4항 제12호 등에 따라 甲 주식회사가 생산하는 약제의 상한금액을 인하하는 내용으로 ‘약제 급여 목록 및 급여 상한금액표’를 개정하여 고시한 사안에서,           구 국민건강보험 요양급여의 기준에 관한 규칙 제13조 제4항 제12호 등이 모법인 국민건강보험법 등의 위임이 없거나 위임범위를 일탈한 것이라고 볼 수 없고, 그 근거규정인           국민건강보험법 제39조 제2항,           제42조 제7항이 포괄금지원칙에 반한다거나           국민건강","보건복지부장관이 ‘판매 촉진을 위하여 금품을 제공하는 등 유통질서를 문란하게 한 것이 확인된 약제’에 대하여 해당 약제의 상한금액을 조정하여 고시할 수 있도록 정한           구 국민건강보험 요양급여의 기준에 관한 규칙(2011. 12. 2. 보건복지부령 제87호로 개정되기 전의 것, 이하 ‘요양급여기준’이라 한다) 제13조 제4항 제12호(이하 이 규정에 따라 약제의 상한금액을 인하하는 제도를 ‘리베이트-약가인하 연동제도’라 한다) 등에 따라 甲 주식회사가 생산하는 약제의 상한금액을 인하하는 내용으로 ‘약제 급여 목록 및 급여 상한금액표’를 개정하여 고시한 사안에서, 리베이트-약가인하 연동제도에 관한           요양급여기준 제13조 제4항 제12호 등은 국민건강보험법이나 국민건강보험법 시행령",/DRF/lawService.do?OC=YOUR_OC&target=prec&ID=186657&type=HTML&mobileYn=,N,,,,"구 국민건강보험 요양급여기준 규칙(보건복지부령) 제13조 제4항 제12호(리베이트-약가인하 연동): 모법의 위임 부재·위임범위 일탈 아님, 포괄위임 위배 아님(유효). 하급심(서울행정법원).",,,
76,B,5,expc,334813,22-0303,,,"국토교통부 - 「중소기업창업 지원법」에 따른 공장설립계획 승인으로 「산업집적 활성화 및 공장설립에 관한 법률」에 따른 공장설립등의 승인이 의제된 경우, 승인이 의제된 공장설립 사업이 「공간정보의 구축 및 관리 등에 관한 법률」 제2조제4호의2에 따른 지적확정측량 대상인지(「공간정보의 구축 및 관리 등에 관한 법률」 제2조제4호의2 등)",위임한계를 벗어나; 재위임,재위임,"「공간정보의 구축 및 관리 등에 관한 법률」(이하 “공간정보관리법”이라 함) 제2조제4호의2에서는 “지적확정측량”이란 같은 법 제86조제1항에 따른 사업이 끝나 토지의 표시를 새로 정하기 위하여 실시하는 지적측량을 말한다고 규정하고 있고, 같은 법 제86조제1항에서는 「도시개발법」에 따른 도시개발사업, 「농어촌정비법」에 따른 농어촌정비사업, 그 밖에 대통령령으로 정하는 토지개발사업의 시행자는 대통령령으로 정하는 바에 따라 그 사업의 착수·변경 및 완료 사실을 지적소관청에 신고하여야 한다고 규정하고 있으며, 그 위임에 따라 신고 대상 토지개발사업의 유형을 규정하고 있는 공간정보관리법 시행령 제83조제1항제14호의 재위임에 따라 국토교통부장관이 고시한 「지적확정측량 대상 요건 및 토지개발사업 고시」(이하 “지적","이 사안의 경우, 승인이 의제된 공장설립사업은 지적확정측량사업고시 제1호마목에 따른 지적확정측량의 대상입니다.",,무관,,,,법제처 해석례: 공간정보관리법 시행령 제83조 제1항 제14호의 재위임에 따른 국토교통부 고시('지적확정측량 대상 요건 및 토지개발사업 고시')의 적용 여부 해석 — 규범의 효력 판단 아님(재위임 구조 언급만 존재).,,,
77,B,5,expc,312049,05-0099,,,국가유공자 등 예우 및 지원에 관한 법률 제74조의4(현충시설건립사업계획 승인)관련,대외적 구속력 훈령; 대외적 구속력 예규; 대외적 구속력,위임\s*없, 「국가유공자 등 예우 및 지원에 관한 법률 제74조의4」의 규정에 의하여 국가 또는 지방자치단체 외의 자로서 현충시설을 건립하고자 하는 자가 현충시설건립사업계획을 수립하여 국가보훈처장의 승인을 얻고자 하는 경우 보훈(지)청장이 국가보훈처장의 훈령인 「현충시설관리지침」에 따라 국고지원이 필요하다고 인정하는 사업에 한하여 국가보훈처장의 승인을 얻도록 할 수 있는지 여부 「국가유공자 등 예우 및 지원에 관한 법률 시행령 별표1 제1호」의 “전투 또는 이에 준하는 직무수행 중 사망한 자”에 군인·경찰공무원 외에 민간인도 포함되는지 여부," 「국가유공자 등 예우 및 지원에 관한 법률 제74조의4」의 규정에 의하면, 국가 또는 지방자치단체 외의 자로서 현충시설을 건립하고자 하는 자가 수립한 현충시설건립사업계획에 대한 승인권한은 국가보훈처장에게 있으므로 법령의 위임 없이 제정된 국가보훈처장의 훈령인 「현충시설관리지침」에 따라 보훈(지)청장이 현충시설건립사업계획서를 제출받아 이를 검토한 후 국고지원이 필요하다고 인정되는 경우에 한하여 국가보훈처장의 승인을 얻도록 제한할 수 없다 할 것입니다. 따라서 국가보훈처장은 보훈(지)청장의 검토를 거친 경우뿐만 아니라 국가 또는 지방자치단체외의 자로서 현충시설을 건립하고자 하는 자로부터 직접 제출받아 현충시설건립사업계획의 승인여부를 결정할 수 있다고 할 것입니다. 「국가유공자 등 예우 및 지원에 관한 법률 시",,Y,D1,'현충시설관리지침'(국가보훈처 훈령),,법제처 법령해석례(법원 판단 아님): 법령의 위임 없이 제정된 훈령으로는 법률상 국가보훈처장의 승인 신청 경로·요건을 제한할 수 없다고 회신(대외적 효력 부정). 보훈처 소관 — 교육부 코퍼스 무관.,해석례회신,행정규칙(훈령),범위외(해석례)
78,B,5,detc,12982,2007헌바131,2010.02.25,,기반시설부담금에 관한 법률 제8조 제1항 등 위헌소원,위임한계를 벗어나; 위임범위를 벗어나,무효,"가. 기반시설부담금 부과처분의 근거법률인 구 ‘기반시설부담금에 관한 법률’(2006. 1. 11. 법률 제7848호로 제정되고, 2007. 10. 17. 법률 제8663호로 개정되기 전의 것, 이하 ‘법’이라고 한다) 제3조, 제10조가 위헌임을 전제로 부과처분에 대한 취소소송 제소기간이 경과한 뒤 납부한 부담금을 부당이득으로 반환청구하는 소송에서 위 법률조항들이 재판의 전제성을 갖는지 여부(소극)나. 기반시설부담금을 건축연면적이 200제곱미터를 초과하는 건축물의 건축행위에 부과하고, ‘기반시설 표준시설비용’과 ‘기반시설에 대한 용지비용’ 및 건축연면적을 기반시설부담금을 산정하는 기준으로 하여, 부담률은 100분의 20으로 하되 지역특성에 따라 100분의 25 범위 내에서 부담률을 가감할 수 있게 한 법 제","가. 위헌법률에 근거한 처분은 특별한 사정이 없는 한 당연무효가 아니라 취소사유에 해당하는바, 기반시설부담금 부과처분에 대한 취소소송 제소기간이 경과한 뒤 납부한 부담금 상당액을 부당이득으로 반환청구하는 당해 사건에서 법원이 기반시설부담금 부과처분의 효력을 부인하고 법률상 원인 없는 이득이라고 판단할 수 없다고 할 것이므로 재판의 전제성이 인정되지 않는다.나. 토지재산권 행사에는 강한 사회적 기속성이 있어 넓은 입법재량이 인정되고, 건축행위로 유발되는 기반시설에 필요한 재원을 확보하고 토지의 합리적인 이용을 촉진한다는 입법목적은 정당하다. 또한 개발로 혜택을 받는 사람이 개발비용인 기반시설 비용을 일부 부담하는 것과 부담금의 산정기준들도 입법목적 달성을 위한 합리적인 수단이다. 실현하려는 공익이 큰 점, 납",,N,,,,헌재: 구 기반시설부담금법 제8조 등 — 포괄위임금지 등 위배 아님(합헌). 일부 조항은 재판의 전제성 부정. 대상은 법률 조항.,,,
79,B,5,detc,191007,2023헌마820,2024.05.30,,방송법 시행령 입법예고 공고 취소,위임한계를 벗어나; 법규명령 행정규칙 효력,위임\s*없,가. 2023. 6. 16. 방송통신위원회공고 제2023-50호 방송법 시행령 일부개정령(안) 입법예고 중 의견제출 기간을 10일로 규정한 부분에 대한 심판청구의 이익을 인정할 수 있는지 여부(소극)나. 수신료 징수업무를 지정받은 자가 수신료를 징수하는 때 그 고유업무와 관련된 고지행위와 결합하여 이를 행해서는 안 된다고 규정한 방송법 시행령 제43조 제2항(이하 “심판대상조항”이라 한다)이 법률유보원칙에 위배되는지 여부(소극)다. 심판대상조항이 입법재량의 한계를 위반하여 청구인의 방송운영의 자유를 침해하는지 여부(소극)라. 심판대상조항이 적법절차원칙을 위반하는지 여부(소극)마. 심판대상조항이 신뢰보호원칙을 위반하는지 여부(소극),"가. 이 사건 입법예고기간은 그 기간만료일 경과로 종료되었고, 입법예고된 심판대상조항이 시행되었으므로 이 사건 입법예고를 다툴 권리보호이익이 소멸하였다. 청구인이 이 사건 입법예고기간에 대한 심판청구를 통하여 종국적으로 다투고자 하는 것은 심판대상조항으로 인한 기본권 침해 여부인바, 청구인의 주장취지 및 권리구제의 실효성 등을 종합적으로 고려할 때, 심판대상조항에 대하여 본안 판단에 나아가는 이상, 이 사건 입법예고기간에 대하여는 심판청구의 이익을 인정하지 아니한다. 따라서 이 사건 입법예고기간에 대한 심판청구는 부적법하다.나. 심판대상조항은 수신료의 구체적인 고지방법에 관한 규정인바, 이는 수신료의 부과ㆍ징수에 관한 본질적인 요소로서 법률에 직접 규정할 사항이 아니므로 이를 법률에서 직접 정하지 않았다고 ",,N,,,,헌재 기각: 방송법 시행령 제43조 제2항(수신료 분리 고지) — 법률유보·적법절차·신뢰보호 위배 아님(시행령 유효). 입법예고기간 부분은 각하.,,,
80,B,5,detc,58322,2001헌마605,2002.07.18,,신문업에있어서의불공정거래행위및시장지배적지위남용행위의유형및기준 제3조 제1항 등 위헌확인,대외적 구속력 훈령; 대외적 구속력 고시; 대외적 구속력 예규; 위임 없이 훈령; 재위임; 법규명령 행정규칙 효력,재위임,"1. 신문구독자 혹은 신문판매업자가 신문발행업자의 행위를 제한하는 규정의 위헌여부를 다툴 기본권 침해의 자기관련성이 있는지 여부(소극)2. 신문판매업자가 독자에게 1년 동안 제공하는 무가지와 경품류를 합한 가액이 같은 기간에 당해 독자로부터 받는 유료신문대금의 20%를 초과하는 경우 동 무가지와 경품류의 제공행위가 독점규제및공정거래에관한법률 제23조 소정의 불공정거래행위에 해당하는 것으로 규정한 신문업에있어서의불공정거래행위및시장지배적지위남용행위의유형및기준(공정거래위원회 고시 제2001-7호, 이하 “신문고시”라고 함) 제3조 제1항 제2호가 위임입법 및 재위임의 헌법적 한계를 벗어나 위헌인지 여부(소극)3. 위 신문고시 조항이 재산권을 제한함에 있어서 준수하여야 할 헌법 제37조 제2항에 근거한 과잉금지의 ","1. 청구인들은 단지 신문구독자이거나 신문판매업자인바, 이 사건 규정들 중 신문고시 제3조 제1항 제1호와 제3호, 제10조 제1항과 제2항은 모두 신문발행업자를 규율대상으로 하여 신문발행업자의 행위를 제한하는 조항들로서 이들로부터 신문을 공급받아 판매하거나 이를 구독하는 청구인들은 동 규정들의 적용을 받지 아니하며 단지 신문발행업자와 거래함으로써 간접적, 사실적, 경제적 이해관계만을 가질 뿐이므로 동 조항들을 대상으로 한 헌법소원 심판청구부분에 대하여는 위 청구인들은 자기관련성이 없다.2. 불공정거래행위는 각종의 경쟁적 거래에서 복잡다양하게 이루어지며 또한 그 형태도 부단히 변동되고 있음에 비추어 그 행위 형태와 기준에 관한 규정도 이에 맞추어 시기적절하게 효과적으로 대처할 수 있어야 할 것인바 국회가 모",,N,,,,헌재: 공정거래위원회 고시 '신문업에있어서의불공정거래행위및시장지배적지위남용행위의유형및기준'(신문고시) 제3조 제1항 제2호 — 위임입법 및 재위임의 헌법적 한계 내(합헌). 일부 청구는 자기관련성 부정.,,,
81,B,5,detc,135544,99헌가16,2000.06.29,,구 청소년보호법 제2조 제3호 가목 등 위헌제청,대외적 구속력 고시; 대외적 구속력,위임의?\s*한계,"1. 행정기관인 청소년보호위원회 등으로 하여금 청소년유해매체물을 결정하도록 하고, 그 결정된 매체물을 청소년에게 판매 등을 하는 경우 형사처벌하도록 하는 것이 죄형법정주의에 위반되는지 여부(소극)2. 구성요건의 일부를 행정기관이 결정하도록 한 위의 규정이 법관이 사실을 확정하고 법률을 해석ㆍ적용하는 재판(법관에 의한 재판)을 받을 권리를 침해하는 것인지 여부(소극)","1. 청소년에게 유해한 매체물을 적시하여 청소년에 대한 판매ㆍ대여 등을 제한하고자 하는 경우에는 각 매체물의 내용을 실제로 확인하여 유해성 여부를 판단할 수밖에 없는데, 그때마다 법 또는 하위법령을 개정하여 직접 개별 매체물을 규정하는 것은 현실적으로 거의 불가능하고 법령의 개정에 소요되는 시일로 인하여 규제의 실효성도 기할 수 없게 될 것이므로 청소년유해매체물이 결과적으로 범죄의 구성요건의 일부를 이루게 되더라도 이 사건 법률조항에서 직접 청소년유해매체물의 범위를 확정하지 아니하고 행정기관(청소년보호위원회 등)에 위임하여 그 행정기관으로 하여금 청소년유해매체물을 확정하도록 하는 것은 부득이하다고 할 것이다. 또 법 제10조 제1항은 청소년유해매체물의 결정기준으로서 청소년에게 성적인 욕구를 자극하는 선정적이",,N,,,,헌재: 구 청소년보호법의 청소년유해매체물 결정을 행정기관(청소년보호위원회 등)에 위임한 것 — 죄형법정주의·재판받을 권리 침해 아님(합헌). 대상은 법률 조항.,,,
82,B,5,detc,134678,2003헌마261,2004.01.29,,기숙학원운영 불허가 등   위헌확인,법령보충적 행정규칙; 대외적 구속력,대외적\s*구속력이?\s*(없|인정되지),"기숙(합숙)형태의 학원 운영에 관하여 규율하는 행정입법을 제정하지 아니한 부작위, 교육당국이 신규로 기숙학원을 운영하려고 하는 청구인들에 대하여 기숙 형태의 학원영업을 허용하지 않고, 나아가 기존의 일부 기숙형태의 학원은 단속하지 않으면서도 청구인들 운영의 학원들만 단속하는 행위의 각 위헌확인을 구하는 헌법소원청구의 적법 여부(소극)","1.""교육인적자원부 장관이 기숙형태의 학원 운영에 관하여 규율하는 행정입법을 제정하지 아니한 부작위""의 위헌확인을 구하는 부분에 관하여 보건대, 행정권력의 부작위에 대한 헌법소원은 공권력의 주체에게 헌법에서 유래하는 작위의무가 특별히 구체적으로 규정되어 이에 의거하여 기본권의 주체가 행정행위를 청구할 수 있음에도 공권력의 주체가 그 의무를 해태하는 경우에 허용되는바, 현행 학원법령상 기숙형태 학원을 규율하는 별도의 규정이 없고, 달리 기숙학원의 설립·운영을 규제하는 법령이 존재하지 아니하는 이상 교육인적자원부 장관에게 청구인들이 주장하는 행정입법의 제정에 관하여 헌법에서 유래하는 작위의무가 있다고 보기 어려우므로, 이 부분 심판청구는 부적법하다.2.""교육당국이 특정 학원들에 대하여서만 기숙학원 형태의 영업을",,무관,,,,기숙학원 관련 행정입법 부작위 및 단속행위에 대한 헌법소원 각하 — 특정 규범의 위임·효력 판단 없음(행정입법 부작위 사안).,,,
83,B,5,detc,19202,2010헌마475,2012.03.29,,공권력행사 위헌확인,위임 없이 훈령; 법규명령 행정규칙 효력,효력이?\s*(없|인정),피청구인이 출정비용납부거부 또는 상계동의거부를 이유로 청구인의 행정소송 변론기일에 청구인의 출정을 제한한 행위(이하 ‘이 사건 출정제한행위’라 한다)가 청구인의 재판청구권을 침해하는지 여부(적극),"‘민사재판 등 소송 수용자 출정비용 징수에 관한 지침’(이하 ‘이 사건 지침’이라 한다) 제4조 제3항에 의하면, 수형자가 출정비용을 납부하지 않고 출정을 희망하는 경우에는 소장은 수형자를 출정시키되, 사후적으로 출정비용 상환청구권을 자동채권으로, 영치금 반환채권을 수동채권으로 하여 상계함을 통지함으로써 상계하여야 한다고 규정되어 있으므로, 교도소장은 수형자가 출정비용을 예납하지 않았거나 영치금과의 상계에 동의하지 않았다고 하더라도, 우선 수형자를 출정시키고 사후에 출정비용을 받거나 영치금과의 상계를 통하여 출정비용을 회수하여야 하는 것이지, 이러한 이유로 수형자의 출정을 제한할 수 있는 것은 아니다.그러므로 피청구인이, 청구인이 출정하기 이전에 여비를 납부하지 않았거나 출정비용과 영치금과의 상계에 미리 동",,무관,,,,수형자 출정제한 '행위'의 재판청구권 침해 인용 사안 — '민사재판 등 소송 수용자 출정비용 징수에 관한 지침'은 오히려 판단 기준으로 원용(효력 부정 아님). 위임입법 쟁점 아님.,,,
84,B,5,detc,153757,2016헌마90,2019.11.28,,공직선거법 제8조의5 제6항 등 위헌확인,위임 없이 훈령,위임범위를?\s*벗어,"가. 인터넷선거보도심의위원회(이하 ‘이 사건 심의위원회’라 한다)로 하여금 인터넷 선거보도의 공정을 보장하기 위하여 필요한 사항을 정하여 공표하도록 정한 공직선거법(2004. 3. 12. 법률 제7189호로 개정된 것) 제8조의5 제6항(이하 ‘이 사건 공선법조항’이라 한다)에 대한 심판청구가 기본권 침해의 직접성을 갖추고 있는지 여부(소극)나. 인터넷언론사에 대하여 선거일 전 90일부터 선거일까지 후보자 명의의 칼럼이나 저술을 게재하는 보도를 제한하는 구 ‘인터넷선거보도 심의기준 등에 관한 규정’(2011. 12. 23. 인터넷선거보도심의위원회 훈령 제9호로 제정되고, 2017. 12. 8. 인터넷선거보도심의위원회 훈령 제10호로 개정되기 전의 것) 제8조 제2항 본문과 ‘인터넷선거보도 심의기준 등에 관한","가. 이 사건 공선법조항은 이 사건 심의위원회로 하여금 인터넷 선거보도의 공정을 보장하기 위하여 필요한 사항을 정하여 공표하도록 위임하고 있고, 청구인의 표현의 자유를 제한하는 것은 이 사건 시기제한조항으로 인한 것이므로, 이 사건 공선법조항에 대한 심판청구는 기본권 침해의 직접성을 갖추지 못하였다.나. 이 사건 시기제한조항은 공직선거법 제8조의5 제6항, 제9항, ‘인터넷선거보도심의위원회의 구성 및 운영에 관한 규칙’ 제17조 등의 위임에 따라 제정된 것으로서 법률에 근거를 두고 있다. 이 사건 시기제한조항의 효과와 인터넷 선거보도 심의 제도의 취지, 이 사건 심의위원회의 성격 등에 비추어 보면, 모법에서 이 사건 시기제한조항을 포함한 이 사건 심의기준 규정에 포함될 내용에 대해 어느 정도 포괄적으로 위임",,Y,기타,'인터넷선거보도 심의기준 등에 관한 규정'(인터넷선거보도심의위원회 훈령 제9호·제10호) 제8조 제2항(시기제한조항),,헌재 2019.11.28. 위헌확인: 공직선거법 제8조의5 제6항 등에 근거하여 법률유보는 충족(소극)하나 과잉금지원칙 위반으로 표현의 자유 침해(적극). 위임 결함이 아닌 내용 위헌. 공선법조항은 직접성 부정 각하. 선관위 산하 위원회 훈령 — 교육부 코퍼스 무관.,무효선언,행정규칙(훈령),범위외(선관위)
85,B,5,detc,165259,2017헌가25,2021.04.29,,전기사업법 제16조 제1항 위헌제청,위임 없이 훈령,무효,가.전기판매사업자로 하여금 전기요금에 관한 약관(이하 ‘전기요금약관’이라 한다)을 작성하여 산업통상자원부장관의 인가를 받도록 한 전기사업법 제16조 제1항 중 ‘전기요금’에 관한 부분(이하 ‘심판대상조항’이라 한다)의 위헌 여부가 전기요금채무의 부존재확인을 구하는 당해사건 재판의 전제가 되는지 여부(적극)나.심판대상조항이 의회유보원칙에 위반되는지 여부(소극)다.심판대상조항이 포괄위임금지원칙에 위반되는지 여부(소극),"가.심판대상조항을 ‘전기요금약관’이 효력을 갖게 되는 근거 조항으로 보고, 심판대상조항이 위헌일 경우 한국전력공사가 전기요금약관을 근거로 제청신청인에게 전기요금을 징수할 수 없게 된다고 본, 제청법원의 법률 해석이 명백히 유지될 수 없다고 단정하기 어렵고, 심판대상조항이 위헌이라면 전기요금약관 중 전기요금의 산정기준이나 요금체계 등에 관한 부분은 전기판매사업자가 일방적으로 작성하는 약관으로는 정할 수 없는 것이어서 무효라는 판단이 가능하므로, 심판대상조항은 재판의 전제성 요건을 충족한다.나.전기가 국민의 생존과 직결되어 있어 전기의 사용이 일상생활을 정상적으로 영위하는 데에 필수불가결한 요소라 하더라도, 전기요금은 전기판매사업자가 전기사용자와 체결한 전기공급계약에 따라 전기를 공급하고 그에 대한 대가로 전기",,N,,,,헌재: 전기사업법 제16조 제1항(전기요금약관 인가제) — 의회유보·포괄위임금지 위배 아님(합헌). 대상은 법률 조항.,,,
86,B,5,detc,50034,2012헌마630,2016.04.28,,학교생활기록 작성 및 관리지침 제7조 제3항 등 위헌확인,위임 없이 훈령; 재위임,재위임,"가. 학교생활세부사항기록부 학적사항의 ‘특기사항’란과 출결상황의 ‘특기사항’란에 ‘학교폭력 예방 및 대책에 관한 법률’(2012. 3. 21. 법률 제11388호로 개정된 것, 이하 ‘학교폭력예방법’이라 한다) 제17조에 규정된 가해학생에 대한 조치사항을 입력하도록 규정한 ‘학교생활기록 작성 및 관리지침’(2016. 4. 5. 교육부훈령 제169호) 제7조 제3항 후문(이하 ‘이 사건 학적조항’이라 한다)과 제8조 제4항 후문(이하 ‘이 사건 출결조항’이라 한다)에 대한 심판청구가 기본권침해의 자기관련성 요건을 갖추었는지 여부(소극)나. 학교생활세부사항기록부의 ‘행동특성 및 종합의견’에 학교폭력예방법 제17조에 규정된 가해학생에 대한 조치사항을 입력하도록 규정한 ‘학교생활기록 작성 및 관리지침’(2016. ","가. 이 사건 학적조항은 학교생활세부사항기록부 학적사항의 ‘특기사항’란에, 이 사건 출결조항은 학교생활세부사항기록부 출결상황의 ‘특기사항’란에 각 기재될 내용에 대하여 규율하고 있다. 청구인은 학교폭력예방법 제17조 제1항의 가해학생에 대한 조치 중 제1호(피해학생에 대한 서면사과)와 제3호(학교에서의 봉사)의 조치를 받았는데, 위 조치들은 학교생활세부사항기록부 학적사항의 ‘특기사항’란이나 출결상황의 ‘특기사항’란에는 기재되지 않는다. 따라서 이 사건 학적조항이나 출결조항에 대한 심판청구는 기본권침해의 자기관련성 요건을 갖추지 못하여 부적법하다.나. 이 사건 기재조항 및 보존조항에서는 학교생활세부사항기록부의 ‘행동특성 및 종합의견’에 학교폭력예방법 제17조에 규정된 가해학생에 대한 조치사항을 입력하고 이를 ",,N,,,,"헌재 기각(2016.4.28.): '학교생활기록 작성 및 관리지침'(교육부훈령 제169호) 중 학교폭력 조치사항 기재·보존조항 — 법률유보 등 위배 아님, 개인정보자기결정권 침해 아님(유효). 학적·출결조항 청구는 자기관련성 부정 각하. ※교육부 소관 현행 훈령 존재 — N이므로 O3·O4 미기재하나 admrules.jsonl 대조 시 참고.",,,
87,B,5,detc,130006,2007헌마1456,2008.04.24,,고등학교 졸업학력 검정고시 규칙 제10조 제1항 위헌확인,위임 없이 고시; 재위임,재위임,1. 고시 공고일을 기준으로 고등학교에서 퇴학된 날로부터 6월이 지나지 아니한 자를 고등학교 졸업학력 검정고시를 받을 수 있는 자의 범위에서 제외하고 있는 고등학교 졸업학력 검정고시 규칙 제10조 제1항(이하 ‘이 사건 규칙조항’이라 한다)이 위임입법의 한계를 일탈했는지 여부(소극)2. 이 사건 규칙조항이 교육을 받을 권리를 침해하는지 여부(소극)3. 이 사건 규칙조항이 평등권을 침해하는지 여부(소극),"1.법률에서 위임받은 사항에 관하여 대강을 정하고 그 중의 특정사항을 범위를 정하여 하위법령에 다시 위임하는 경우에만 재위임이 허용되는바, 초·중등교육법 시행령 제98조는 초·중등교육법 제54조의 위임에 따라 ‘법령에 의하여 고등학교를 졸업한 자와 동등한 학력이 있다고 인정된 자’의 내용을 규정하면서 먼저 제1항 제1호에서 ‘고등학교 졸업학력 검정고시에 합격한 자’를 열거하고, 다시 제2항에서 ‘위 검정고시를 실시함에 있어서 필요한 사항’을 한정하여 교육인적자원부령에 재위임한 것이므로 위 시행령 제98조 제2항은 재위임의 경우에 요청되는 헌법적 기준을 충족하고 있다. 또한 이 사건 규칙조항이 위 시행령으로부터 재위임받은 범위는 고등학교 졸업학력 검정고시에 관하여 필요한 사항인데 고등학교 졸업학력 검정고시는 ",,N,,,,"헌재: '고등학교 졸업학력 검정고시 규칙'(교육부령) 제10조 제1항 — 초·중등교육법→시행령→부령의 재위임 요건 충족, 위임입법 한계 일탈 아님(합헌). 교육부 소관이나 부령(행정규칙 아님).",,,
88,B,5,detc,136959,2006헌바78,2008.05.29,,"구 도시계획법 제98조 제2항 등 위헌소원 (제23조, 제24조)",위임 없이 고시; 행정규칙 위임 무효; 재위임; 법규명령 행정규칙 효력,무효,"가. 조례를 근거로 행한 처분의 무효확인을 구하는 당해 소송에서 도시계획은 시·도지사가 결정한다는 구 도시계획법(2000. 1. 28. 법률 제6243호로 전부 개정되고 2002. 2. 4. 법률 제6655호로 폐지되기 전의 것, 이하 같다) 제23조와 시·도지사가 도시계획을 결정하고자 하는 때에 관계 행정기관의 장과 미리 협의하여야 하고, 협의요청을 받은 기관의 장은 의견을 제시하여야 한다는 구 도시계획법 제24조가 재판의 전제성을 갖는지 여부나. 시·도지사의 권한을 시·도의 조례가 정하는 바에 따라 시장·군수 또는 구청장에게 위임할 수 있도록 한 구 도시계획법 제98조 제2항 제1문이 위임입법의 한계를 일탈하였는지 여부(소극)","가. 이 사건 헌법소원에 관한 당해 사건인 무효확인을 구하는 처분의 근거는 구 도시계획법 제98조 제2항의 위임에 따른 조례조항일 뿐 구 도시계획법 제23조나 제24조의 규정이나 그 해석이 위 처분의 법률적 근거가 되었던 것은 아니므로, 청구인이 주장하는 바와 같이 구 도시계획법 제23조와 제24조의 문언이나 그 해석에 따라 재판의 결론이나 주문에 영향을 미치거나 재판의 내용과 효력에 관한 법률적 의미가 달라진다고 할 수 없어, 위 각 법률조항에 대한 심판청구는 재판의 전제성을 갖추지 못하여 부적법하다.나. 조례의 제정권자인 지방의회는 선거를 통해서 그 지역적인 민주적 정당성을 지니고 있는 주민의 대표기관이고 헌법이 지방자치단체에 포괄적인 자치권을 보장하고 있는 취지로 볼 때, 조례에 대한 법률의 위임은 법",,N,,,,헌재: 구 도시계획법 제98조 제2항 제1문(조례 위임) — 위임입법 한계 일탈 아님(합헌). 제23조·제24조 청구는 재판의 전제성 부정.,,,
89,B,5,detc,13637,2009헌마338,2010.05.27,,주택공급에 관한 규칙 제32조 제1항 위헌확인,재위임,위임범위를?\s*벗어,가. 단독세대주의 국민임대주택 공급을 제한한 ‘주택공급에 관한 규칙’(2008. 12. 31. 국토해양부령 제84호로 개정된 것) 제32조 제1항 중“단독세대주는 40제곱미터 이하의 주택에 한한다.” 부분과 주택공급에 관한 규칙(2005. 11. 17. 건설교통부령 제477호로 개정된 것) 제32조 제2항 및 제3항 중 “단독세대주를 제외한다.” 부분 (이하 ‘이 사건 심판대상 조항’이라 한다.)이 상위법령의 위임범위를 벗어나 법률유보원칙에 어긋나는지 여부(소극)나. 무주택 단독세대주에게는 40제곱미터 규모 이하의 국민임대주택에 한하여 입주자로 선정될 수 있도록 하고 비단독세대주에게는 그러한 제한 없이 국민임대주택의 입주자로 선정될수 있도록 규정한 이 사건 심판대상조항이 청구인의 평등권을 침해하는지 여부(소,"가. 주택법 제38조 제1항 및 제2항, 임대주택법 제20조 제1항, 임대주택법 시행령 제19조 등을 종합하여 보면, 국토해양부령에서 주택의 종류에 따른 주택공급의 취지에 맞게 ‘입주자 자격’을 일정하게 규율할 것이 예정되어 있다고 할 것이고, 이 사건 심판대상조항은 위 각 위임 조항에 근거하여 위임받은 사항인 ‘입주자 자격’을 구체화하고 있을 뿐이므로 상위법의 위임범위를 벗어났다고 볼 수 없다.나. 무주택 세대주의 주거수요는 많은 반면 국민임대주택 건설에는 막대한 재원의 투입이 요구되는 것이므로 그 자격과 우선순위를 일정하게 제한하는 것은 불가피한 점, 주거비 부담이 큰 2인 이상의 가구에게는 상대적으로 큰 평형의 주택을 공급함으로써 주거수준의 실질적평등을 기함과 동시에 보다 많은 수의 저소득층이 주거안정",,N,,,,"헌재: '주택공급에 관한 규칙'(국토해양부령) 제32조 — 상위법(주택법·임대주택법령)의 위임범위 내로 법률유보 위배 아님, 평등권 침해 아님(유효).",,,
