id,상위법령ID,상위법령명,상위조문번호,상위조문제목,조문문장,위임표지어구,API_위임구분,자동추출_위임형식,대상유형,대상명
P04277,000900,초ㆍ중등교육법,60,각종학교,사항은 교육부령으로,교육부령,시행규칙,부령,법령,초ㆍ중등교육법 시행규칙
P03246,010482,재외국민의 교육지원 등에 관한 법률 시행령,15,공무원이 아닌 사람의 채용기간 등,필요한 사항은 교육부령으로,교육부령,시행규칙,부령,법령,재외국민의 교육지원 등에 관한 법률 시행규칙
P04813,005238,초ㆍ중등교육법 시행령,91,자율형 사립고등학교,교육부령으로 정한다,교육부령,시행규칙,부령,법령,초ㆍ중등교육법 시행규칙
P05109,011147,취업 후 학자금 상환 특별법 시행령,16,재산등의 조사,교육부령으로 정한다,교육부령,시행규칙,부령,법령,취업 후 학자금 상환 특별법 시행규칙
P01320,003349,대학설립ㆍ운영 규정,2,설립인가기준 등,교육부령으로 정하는,교육부령,시행규칙,부령,법령,대학설립ㆍ운영 규정 시행규칙
P02702,009621,유아교육법,24,무상교육,필요한 사항은 교육부령으로,교육부령,시행규칙,부령,법령,유아교육법 시행규칙
P06297,003751,평생교육법 시행령,26,학교형태의 평생교육시설의 등록,교육부령으로 정하는 등록증을,교육부령,시행규칙,부령,법령,평생교육법 시행규칙
P03219,010482,재외국민의 교육지원 등에 관한 법률 시행령,15,공무원의 파견,인사관리에 관하여는 교육부령으로,교육부령,시행규칙,부령,법령,재외국민의 교육지원 등에 관한 법률 시행규칙
P07369,005397,학원의 설립ㆍ운영 및 과외교습에 관한 법률 시행령,16,개인과외교습자의 신고 등,교육부령으로 정하는 서류를,교육부령,시행규칙,부령,법령,학원의 설립ㆍ운영 및 과외교습에 관한 법률 시행규칙
P06656,005377,학교급식법 시행령,7,시설ㆍ설비의 종류와 기준,세부적인 기준은 교육부령으로,교육부령,시행규칙,부령,법령,학교급식법 시행규칙
P01582,001615,사립학교교직원 연금법,60,국가사업의 위탁 등,교육부령으로 정한다,교육부령,시행규칙,부령,법령,사립학교 교직원 학자금대여사업 위탁관리규칙
P03116,010449,장애인 등에 대한 특수교육법,22,개별화교육,필요한 사항은 교육부령으로 정한다,교육부령,시행규칙,부령,법령,장애인 등에 대한 특수교육법 시행규칙
P00753,011779,교육부와 그 소속기관 직제,15,위임규정,교육부령으로 정한다,교육부령,시행규칙,부령,법령,교육부와 그 소속기관 직제 시행규칙
P00338,000886,교원의 지위 향상 및 교육활동 보호를 위한 특별법,5,학교 안전사고로부터의 보호,법률로 정한다,법률,시행규칙,,법령,학교안전사고 예방 및 보상에 관한 법률
P00996,012260,국립대학의 회계 설치 및 재정 운영에 관한 법률,6,재정 운영 등의 기준,세부적인 기준은 교육부령으로 정한다,교육부령,시행규칙,부령,법령,국립대학의 회계 설치 및 재정 운영에 관한 법률 시행규칙
P06711,000890,학교보건법,7,건강검사기록,필요한 범위에서 교육부령으로,교육부령,시행규칙,부령,법령,학교건강검사규칙
P07411,000891,학점인정 등에 관한 법률,3,학습과정의 평가인정,교육부령으로 정하는,교육부령,시행규칙,부령,법령,학점인정 등에 관한 법률 시행규칙
P01360,003441,독학에 의한 학위취득에 관한 법률 시행령,9,시험과목 면제 대상,교육부령으로 정한다,교육부령,시행규칙,부령,법령,독학에 의한 학위취득에 관한 법률 시행규칙
P04856,005238,초ㆍ중등교육법 시행령,96,초등학교 졸업자와 동등의 학력인정,교육부령으로 정한다,교육부령,시행규칙,부령,법령,초ㆍ중등교육법 시행규칙
P02190,004216,영유아보육법 시행령,25,이행강제금의 부과 및 반환,교육부령으로 정하는,교육부령,시행규칙,부령,법령,영유아보육법 시행규칙
P02146,000191,영유아보육법,43,어린이집의 폐지ㆍ휴지 및 재개 등의 신고,교육부령으로 정하는,교육부령,시행규칙,부령,법령,영유아보육법 시행규칙
P00347,000886,교원의 지위 향상 및 교육활동 보호를 위한 특별법,5,학교 안전사고로부터의 보호,법률로 정한다,법률,시행규칙,,법령,학교안전사고 예방 및 보상에 관한 법률
P00321,002565,교원 등의 연수에 관한 규정,2,연수기관의 종류 및 설치 등,교육부령으로 정하는 중요사항을,교육부령,시행규칙,부령,법령,교원 등의 연수에 관한 규정 시행규칙
P04898,005238,초ㆍ중등교육법 시행령,98,고등학교 졸업자와 동등의 학력인정,교육부령으로 정한다,교육부령,시행규칙,부령,법령,학력인정학교지정규칙|초ㆍ중등교육법 시행규칙
P02027,000191,영유아보육법,13,국공립어린이집 외의 어린이집의 설치,교육부령으로 정한다,교육부령,시행규칙,부령,법령,영유아보육법 시행규칙
P04879,005238,초ㆍ중등교육법 시행령,97,중학교 졸업자와 동등의 학력인정,교육부령으로 정한다,교육부령,시행규칙,부령,법령,학력인정학교지정규칙|초ㆍ중등교육법 시행규칙
P02150,000191,영유아보육법,43,어린이집의 설치ㆍ운영만을 목적으로 하는 사회복지법인의 해산 및 잔여재산 처분에 관한 특례,교육부령으로 정하는,교육부령,시행규칙,부령,법령,영유아보육법 시행규칙
P00747,011779,교육부와 그 소속기관 직제,15,위임규정,교육부령으로 정한다,교육부령,시행규칙,부령,법령,교육부와 그 소속기관 직제 시행규칙
P03229,010482,재외국민의 교육지원 등에 관한 법률 시행령,15,공무원의 파견,인사관리에 관하여는 교육부령으로,교육부령,시행규칙,부령,법령,재외국민의 교육지원 등에 관한 법률 시행규칙
P04646,005238,초ㆍ중등교육법 시행령,82,입학전형방법,교육부령으로 정하는,교육부령,시행규칙,부령,법령,초ㆍ중등교육법 시행규칙
P02026,000191,영유아보육법,13,국공립어린이집 외의 어린이집의 설치,교육부령으로 정한다,교육부령,시행규칙,부령,법령,영유아보육법 시행규칙
P02918,012237,인성교육진흥법,17,교원의 연수 등,교육부령으로 정하는,교육부령,시행규칙,부령,법령,인성교육진흥법 시행규칙
P00109,000899,고등교육법,34,학생의 선발방법 등,교육부령으로 정하는,교육부령,시행규칙,부령,법령,대학수학능력시험 출제위원 지정ㆍ위촉에 관한 규칙
P01003,012260,국립대학의 회계 설치 및 재정 운영에 관한 법률,11,대학회계,교육부령으로 정하는,교육부령,시행규칙,부령,법령,국립대학의 회계 설치 및 재정 운영에 관한 법률 시행규칙
P02195,004216,영유아보육법 시행령,26,업무의 위탁,교육부령으로 정한다,교육부령,시행규칙,부령,법령,영유아보육법 시행규칙
P02582,009621,유아교육법,17,건강검진 및 급식,교육부령으로 정한다,교육부령,시행규칙,부령,법령,유아교육법 시행규칙
P04817,005238,초ㆍ중등교육법 시행령,91,자율형 사립고등학교,교육부령으로 정하는,교육부령,시행규칙,부령,법령,초ㆍ중등교육법 시행규칙
P04874,005238,초ㆍ중등교육법 시행령,97,중학교 졸업자와 동등의 학력인정,교육부령으로 정한다,교육부령,시행규칙,부령,법령,학력인정학교지정규칙|초ㆍ중등교육법 시행규칙
P02170,000191,영유아보육법,47,보육교사의 자격정지,교육부령으로 정하는 중상해,교육부령,시행규칙,부령,법령,영유아보육법 시행규칙
P03233,010482,재외국민의 교육지원 등에 관한 법률 시행령,15,공무원의 파견,인사관리에 관하여는 교육부령으로,교육부령,시행규칙,부령,법령,재외국민의 교육지원 등에 관한 법률 시행규칙
P05666,000851,평생교육법,19,장애인 평생교육 종사자에 대한 인권교육,교육부령으로 정하는 인권교육을,교육부령,시행규칙,부령,법령,평생교육법 시행규칙
P05104,011147,취업 후 학자금 상환 특별법 시행령,13,재산의 범위,교육부령으로 정하는,교육부령,시행규칙,부령,법령,취업 후 학자금 상환 특별법 시행규칙
P02127,000191,영유아보육법,33,급식 관리,교육부령으로 정하는,교육부령,시행규칙,부령,법령,영유아보육법 시행규칙
P01007,012260,국립대학의 회계 설치 및 재정 운영에 관한 법률,11,대학회계,교육부령으로 정하는,교육부령,시행규칙,부령,법령,국립대학의 회계 설치 및 재정 운영에 관한 법률 시행규칙
P03209,010482,재외국민의 교육지원 등에 관한 법률 시행령,8,학교발전기금,필요한 사항은 교육부령으로 정한다,교육부령,시행규칙,부령,법령,초ㆍ중등교육법 시행규칙
P05102,011147,취업 후 학자금 상환 특별법 시행령,13,재산의 범위,교육부령으로 정하는,교육부령,시행규칙,부령,법령,취업 후 학자금 상환 특별법 시행규칙
P00765,011779,교육부와 그 소속기관 직제,34,하부조직,교육부령으로 정한다,교육부령,시행규칙,부령,법령,교육부와 그 소속기관 직제 시행규칙
P04109,000900,초ㆍ중등교육법,25,학교생활기록,교육부령으로 정하는 사항,교육부령,시행규칙,부령,법령,초ㆍ중등교육법 시행규칙
P02103,000191,영유아보육법,26,시간제보육 서비스,교육부령으로 정하는,교육부령,시행규칙,부령,법령,영유아보육법 시행규칙
P03067,011443,장애아동 복지지원법,32,장애영유아 어린이집,교육부령으로 정한다,교육부령,시행규칙,부령,법령,장애영유아를 위한 어린이집의 설치 및 운영 등에 관한 규칙|장애영유아를 위한 어린이집의 설치 및 운영 등에 관한 규칙
P04497,005238,초ㆍ중등교육법 시행령,64,학교발전기금,사항은 교육부령으로,교육부령,시행규칙,부령,법령,초ㆍ중등교육법 시행규칙
P07187,000850,학원의 설립ㆍ운영 및 과외교습에 관한 법률,5,감염병에 관한 조치,교육부령으로 정하는,교육부령,시행규칙,부령,법령,학원의 설립ㆍ운영 및 과외교습에 관한 법률 시행규칙
P03033,004587,자격기본법 시행령,25,민간자격의 공인 절차,교육부령으로 정한다,교육부령,시행규칙,부령,법령,자격기본법 시행규칙
P03526,009862,지방교육재정교부금법 시행령,4,기준재정수요액의 산정 등,교육부령으로 정한다,교육부령,시행규칙,부령,법령,지방교육재정교부금법 시행규칙
P02074,000191,영유아보육법,21,어린이집의 원장 또는 보육교사의 자격,교육부령으로 정하는,교육부령,시행규칙,부령,법령,영유아보육법 시행규칙
P00007,009936,경제자유구역 및 제주국제자유도시의 외국교육기관 설립ㆍ운영에 관한 특별법,5,외국교육기관의 설립승인,대통령령으로 정한다,대통령령,시행령,대통령령,법령,경제자유구역 및 제주국제자유도시의 외국교육기관 설립ㆍ운영에 관한 특별법 시행령
P00633,001616,교육공무원법,42,연수 실적 및 근무성적의 평정,사항은 대통령령으로,대통령령,시행령,대통령령,법령,교육공무원 승진규정
P04281,000900,초ㆍ중등교육법,60,대안학교,대통령령으로 정한다,대통령령,시행령,대통령령,법령,대안학교의 설립ㆍ운영에 관한 규정
P02010,000191,영유아보육법,7,육아종합지원센터,대통령령으로 정하는,대통령령,시행령,대통령령,법령,영유아보육법 시행령
P00078,000899,고등교육법,20,학년도 등,대통령령으로 정하는,대통령령,시행령,대통령령,법령,고등교육법 시행령
P04290,000900,초ㆍ중등교육법,60,금융정보등의 제공,대통령령으로 정한다,대통령령,시행령,대통령령,법령,초ㆍ중등교육법 시행령
P04113,000900,초ㆍ중등교육법,27,학력인정 시험,대통령령으로 정하는,대통령령,시행령,대통령령,법령,초ㆍ중등교육법 시행령
P07036,011527,학교체육 진흥법,17,학교체육진흥원,사항은 대통령령으로,대통령령,시행령,대통령령,법령,학교체육 진흥법 시행령
P04094,000900,초ㆍ중등교육법,22,산학겸임교사 등,사항은 대통령령으로,대통령령,시행령,대통령령,법령,국립 국악ㆍ전통예술학교 설치령
P02946,009349,인적자원개발 기본법,7,국가인적자원위원회,대통령령으로 정한다,대통령령,시행령,대통령령,법령,인적자원개발 기본법 시행령
P05049,011136,취업 후 학자금 상환 특별법,19,장기미상환자에 대한 특례,사항은 대통령령으로,대통령령,시행령,대통령령,법령,취업 후 학자금 상환 특별법 시행령
P01509,000852,사료의 수집ㆍ편찬 및 한국사의 보급 등에 관한 법률,19,한국사정보화의 촉진,대통령령으로 정한다,대통령령,시행령,대통령령,법령,사료의 수집ㆍ편찬 및 한국사의 보급 등에 관한 법률 시행령
P06238,000851,평생교육법,42,행정처분,대통령령으로 정하는,대통령령,시행령,대통령령,법령,평생교육법 시행령
P07478,000887,한국사학진흥재단법,21,자금의 융자,대통령령으로 정한다,대통령령,시행령,대통령령,법령,한국사학진흥재단법 시행령
P03509,000880,지방교육재정교부금법,5,특별교부금의 교부,대통령령으로 정한다,대통령령,시행령,대통령령,법령,지방교육재정교부금법 시행령
P00895,012494,교육환경 보호에 관한 법률,8,교육환경보호구역의 설정 등,교육감의 권한은 대통령령으로,대통령령,시행령,대통령령,법령,교육환경 보호에 관한 법률 시행령
P04244,000900,초ㆍ중등교육법,43,입학자격 등,사항은 대통령령으로,대통령령,시행령,대통령령,법령,초ㆍ중등교육법 시행령
P00622,001616,교육공무원법,42,연수 실적 및 근무성적의 평정,사항은 대통령령으로,대통령령,시행령,대통령령,법령,교육공무원 승진규정
P00364,000886,교원의 지위 향상 및 교육활동 보호를 위한 특별법,13,교원지위향상심의회의 설치,필요한 사항은 대통령령으로,대통령령,시행령,대통령령,법령,교원 지위 향상을 위한 교섭ㆍ협의에 관한 규정
P06898,000894,학교용지 확보 등에 관한 특례법,3,학교용지의 조성ㆍ개발,필요한 사항은 대통령령으로,대통령령,시행령,대통령령,법령,학교용지 확보 등에 관한 특례법 시행령
P01317,012264,대학도서관진흥법,12,시설 및 도서관자료,대통령령으로 정하는 범위에서 학칙으로 정한다,대통령령,시행령,대통령령,법령,대학도서관진흥법 시행령
P03000,000866,자격기본법,17,민간자격의 신설 및 등록 등,사항은 대통령령으로,대통령령,시행령,대통령령,법령,자격기본법 시행령
P01804,000875,서울대학교병원 설치법,9,이사회,필요한 사항은 대통령령으로,대통령령,시행령,대통령령,법령,서울대학교병원 설치법 시행령
P07065,009620,학교폭력예방 및 대책에 관한 법률,16,피해학생의 보호,대통령령으로 정하는 특별한,대통령령,시행령,대통령령,법령,학교폭력예방 및 대책에 관한 법률 시행령
P04336,005238,초ㆍ중등교육법 시행령,2,학교의 설립기준,대통령령으로 정한다,대통령령,시행령,대통령령,법령,고등학교 이하 각급 학교 설립ㆍ운영 규정
P00362,000886,교원의 지위 향상 및 교육활동 보호를 위한 특별법,13,교원지위향상심의회의 설치,필요한 사항은 대통령령으로,대통령령,시행령,대통령령,법령,교원 지위 향상을 위한 교섭ㆍ협의에 관한 규정
P00712,011529,교육국제화특구의 지정ㆍ운영 및 육성에 관한 특별법,8,연차별 실시계획,필요한 사항은 대통령령으로,대통령령,시행령,대통령령,법령,교육국제화특구의 지정ㆍ운영 및 육성에 관한 특별법 시행령
P00803,013614,교육시설 등의 안전 및 유지관리 등에 관한 법률,17,안전점검등의 결과에 따른 조치,대통령령으로 정하는,대통령령,시행령,대통령령,법령,교육시설 등의 안전 및 유지관리 등에 관한 법률 시행령
P07157,000857,학술진흥법,17,사업비의 사용 및 관리,사항은 대통령령으로,대통령령,시행령,대통령령,법령,학술진흥법 시행령
P00051,000899,고등교육법,18,학교의 명칭,대통령령으로 정하고,대통령령,시행령,대통령령,법령,한국교원대학교 설치령
P00578,001616,교육공무원법,33,임용권의 위임 등,대통령령으로 정하는,대통령령,시행령,대통령령,법령,교육공무원임용령|국립 국악ㆍ전통예술학교 설치령
P04026,000900,초ㆍ중등교육법,9,학생ㆍ기관ㆍ학교 평가,결과의 공개 등에 필요한 사항은 대통령령으로,대통령령,시행령,대통령령,법령,초ㆍ중등교육법 시행령
P00131,000899,고등교육법,35,학위의 수여,사항은 대통령령으로,대통령령,시행령,대통령령,법령,고등교육법 시행령
P01354,000892,독학에 의한 학위취득에 관한 법률,6,학위 수여 등,필요한 사항은 대통령령으로 정한다,대통령령,시행령,대통령령,법령,독학에 의한 학위취득에 관한 법률 시행령
P00536,001616,교육공무원법,12,경력경쟁채용 등,대통령령으로 정하는,대통령령,시행령,대통령령,법령,교육공무원임용령
P04262,000900,초ㆍ중등교육법,47,입학자격 등,사항은 대통령령으로,대통령령,시행령,대통령령,법령,초ㆍ중등교육법 시행령
P00629,001616,교육공무원법,42,연수 실적 및 근무성적의 평정,사항은 대통령령으로,대통령령,시행령,대통령령,법령,교육공무원 승진규정
P00517,001616,교육공무원법,5,대학인사위원회,사항은 대통령령으로,대통령령,시행령,대통령령,법령,교육공무원 인사위원회 규정
P00743,000901,교육기본법,17,양성평등의식의 증진,대통령령으로 정한다,대통령령,시행령,대통령령,법령,양성평등교육심의회 규정|남녀평등교육심의회규정
P00176,000899,고등교육법,59,지역혁신대학지원위원회,대통령령으로 정하는,대통령령,시행령,대통령령,법령,고등교육법 시행령
P00645,001616,교육공무원법,50,징계위원회의 설치,대통령령으로 정하는,대통령령,시행령,대통령령,법령,교육공무원 징계령|교육공무원 징계령
P02523,009621,유아교육법,5,유아교육위원회,대통령령으로 정한다,대통령령,시행령,대통령령,법령,유아교육법 시행령
P02898,012237,인성교육진흥법,8,공청회등의 실시,필요한 사항은 대통령령으로,대통령령,시행령,대통령령,법령,인성교육진흥법 시행령
P00728,011529,교육국제화특구의 지정ㆍ운영 및 육성에 관한 특별법,14,지역사회의 국제경쟁력 강화,그 밖에 대통령령으로 정하는 사업,대통령령,시행령,대통령령,법령,교육국제화특구의 지정ㆍ운영 및 육성에 관한 특별법 시행령
P00575,001616,교육공무원법,33,임용권의 위임 등,대통령령으로 정하는,대통령령,시행령,대통령령,법령,교육공무원임용령|국립 국악ㆍ전통예술학교 설치령
P01782,000865,산업교육진흥 및 산학연협력촉진에 관한 법률,39,산학연협력 통계의 작성,대통령령으로 정한다,대통령령,시행령,대통령령,법령,산업교육진흥 및 산학연협력촉진에 관한 법률 시행령
P03129,010449,장애인 등에 대한 특수교육법,28,특수교육 관련서비스,사항은 대통령령으로,대통령령,시행령,대통령령,법령,장애인 등에 대한 특수교육법 시행령
P04179,000900,초ㆍ중등교육법,30,학생의 안전대책 등,사항은 대통령령으로,대통령령,시행령,대통령령,법령,초ㆍ중등교육법 시행령
P01616,000888,사립학교법,26,대학평의원회,대통령령으로 정하는,대통령령,시행령,대통령령,법령,사립학교법 시행령
P04106,000900,초ㆍ중등교육법,24,수업 등,대통령령으로 정한다,대통령령,시행령,대통령령,법령,초ㆍ중등교육법 시행령
P01767,000865,산업교육진흥 및 산학연협력촉진에 관한 법률,36,학교기업,대통령령으로 정한다,대통령령,시행령,대통령령,법령,산업교육진흥 및 산학연협력촉진에 관한 법률 시행령
P03961,000864,직업교육훈련 촉진법,9,현장실습계약 등,대통령령으로 정하는,대통령령,시행령,대통령령,법령,직업교육훈련 촉진법 시행령
P04078,000900,초ㆍ중등교육법,18,학생의 정서ㆍ행동 지원 등,사항은 대통령령으로,대통령령,시행령,대통령령,법령,초ㆍ중등교육법 시행령
P06871,010380,학교안전사고 예방 및 보상에 관한 법률,49,공제료,대통령령으로 정하는,대통령령,시행령,대통령령,법령,학교안전사고 예방 및 보상에 관한 법률 시행령
P02873,012497,인문학 및 인문정신문화의 진흥에 관한 법률,6,인문학 및 인문정신문화 진흥심의회 설치 및 심의사항,세부사항은 대통령령으로,대통령령,시행령,대통령령,법령,인문학 및 인문정신문화의 진흥에 관한 법률 시행령
P04072,000900,초ㆍ중등교육법,18,재심청구,필요한 사항은 대통령령으로,대통령령,시행령,대통령령,법령,초ㆍ중등교육법 시행령
P00118,000899,고등교육법,34,대학입학 전형계획의 공표,대통령령으로 정하는 바에,대통령령,시행령,대통령령,법령,고등교육법 시행령
P07075,009620,학교폭력예방 및 대책에 관한 법률,17,가해학생에 대한 조치,기준은 대통령령으로,대통령령,시행령,대통령령,법령,학교폭력예방 및 대책에 관한 법률 시행령
P01306,010007,대학교원 기간임용제 탈락자 구제를 위한 특별법,3,교원소청심사특별위원회의 설치 등,필요한 사항은 대통령령으로 정한다,대통령령,시행령,대통령령,법령,대학교원 기간임용제 탈락자 구제를 위한 특별법 시행령
P06675,010584,학교도서관진흥법,8,학교도서관진흥위원회,사항은 대통령령으로,대통령령,시행령,대통령령,법령,학교도서관진흥법 시행령
P00026,000899,고등교육법,4,학교의 설립 등,대통령령으로 정하는,대통령령,시행령,대통령령,법령,고등교육법 시행령
P07095,014818,학생맞춤통합지원법,8,시ㆍ도학생맞춤통합지원센터 및 지역학생맞춤통합지원센터의 설치ㆍ지정,대통령령으로 정하는,대통령령,시행령,대통령령,법령,학생맞춤통합지원법 시행령
P04247,000900,초ㆍ중등교육법,43,입학자격 등,사항은 대통령령으로,대통령령,시행령,대통령령,법령,초ㆍ중등교육법 시행령
P01730,000865,산업교육진흥 및 산학연협력촉진에 관한 법률,11,현장실습 운영,대통령령으로 정하는,대통령령,시행령,대통령령,법령,산업교육진흥 및 산학연협력촉진에 관한 법률 시행령
P04213,000900,초ㆍ중등교육법,34,학교운영위원회의 구성ㆍ운영,대통령령으로 정하는,대통령령,시행령,대통령령,법령,초ㆍ중등교육법 시행령
P07496,010909,한국장학재단 설립 등에 관한 법률,18,채권의 발행,사항은 대통령령으로,대통령령,시행령,대통령령,법령,한국장학재단 설립 등에 관한 법률 시행령
P01760,000865,산업교육진흥 및 산학연협력촉진에 관한 법률,36,학교기업,대통령령으로 정한다,대통령령,시행령,대통령령,법령,산업교육진흥 및 산학연협력촉진에 관한 법률 시행령
P03041,011443,장애아동 복지지원법,9,지역장애아동지원센터,대통령령으로 정하는,대통령령,시행령,대통령령,법령,장애아동 복지지원법 시행령
P00172,000899,고등교육법,57,입학자격 등,대통령령으로 정하는 바에 따라,대통령령,시행령,대통령령,법령,고등교육법 시행령
P00567,001616,교육공무원법,29,수석교사의 임용 등,대통령령으로 정한다,대통령령,시행령,대통령령,법령,교육공무원임용령
P03926,000864,직업교육훈련 촉진법,4,직업교육훈련 기본계획의 수립ㆍ시행,필요한 사항은 대통령령으로,대통령령,시행령,대통령령,법령,직업교육훈련 촉진법 시행령
P00590,001616,교육공무원법,36,명예퇴직,사항은 대통령령으로,대통령령,시행령,대통령령,법령,국가공무원 명예퇴직수당 등 지급 규정
P00154,000899,고등교육법,50,의료인ㆍ의료기사 양성을 위한 과정의 수업연한 및 학위에 관한 특례,대통령령으로 정하는,대통령령,시행령,대통령령,법령,고등교육법 시행령
P00964,011316,국립대학법인 서울대학교 설립ㆍ운영에 관한 법률,26,예산 및 결산 등,대통령령으로 정하는 바에 따라 공시하여야,대통령령,시행령,대통령령,법령,국립대학법인 서울대학교 설립ㆍ운영에 관한 법률 시행령
P03200,010362,재외국민의 교육지원 등에 관한 법률,28,한국교육원의 설치 등,대통령령으로 정한다,대통령령,시행령,대통령령,법령,재외국민의 교육지원 등에 관한 법률 시행령
P00192,000899,고등교육법,60,시정 또는 변경 명령 등,대통령령으로 정하는,대통령령,시행령,대통령령,법령,고등교육법 시행령
P01776,000865,산업교육진흥 및 산학연협력촉진에 관한 법률,36,이익배당의 사용제한,대통령령으로 정하는,대통령령,시행령,대통령령,법령,산업교육진흥 및 산학연협력촉진에 관한 법률 시행령
P06349,002010,폐교재산의 활용촉진을 위한 특별법,5,대부 등에 관한 특례,대통령령으로 정하는,대통령령,시행령,대통령령,법령,폐교재산의 활용촉진을 위한 특별법 시행령
P01725,000865,산업교육진흥 및 산학연협력촉진에 관한 법률,8,계약학과등의 설치 제한 등,사항은 대통령령으로,대통령령,시행령,대통령령,법령,산업교육진흥 및 산학연협력촉진에 관한 법률 시행령
P02627,009621,유아교육법,19,유치원운영위원회의 구성ㆍ운영,대통령령으로 정하고,대통령령,시행령,대통령령,법령,유아교육법 시행령
P01319,012264,대학도서관진흥법,15,실태조사,필요한 사항은 대통령령으로,대통령령,시행령,대통령령,법령,대학도서관진흥법 시행령
P04286,000900,초ㆍ중등교육법,60,교육비 지원의 신청,대통령령으로 정하는,대통령령,시행령,대통령령,법령,초ㆍ중등교육법 시행령
P01823,014576,시국사건관련 임용제외 교원의 피해회복을 위한 조치에 관한 특별법,5,임용제외기간의 근무 경력 인정에 관한 특례,대통령령으로 정한다,대통령령,시행령,대통령령,법령,시국사건관련 임용제외 교원의 피해회복을 위한 조치에 관한 특별법 시행령
P04073,000900,초ㆍ중등교육법,18,시ㆍ도학생징계조정위원회의 설치,사항은 대통령령으로,대통령령,시행령,대통령령,법령,초ㆍ중등교육법 시행령
P06796,000895,학교시설사업 촉진법,4,학교시설사업 시행계획의 승인 등,작성하여 대통령령으로,대통령령,시행령,대통령령,법령,학교시설사업 촉진법 시행령
P02689,009621,유아교육법,22,교원의 자격,대통령령으로 정하는,대통령령,시행령,대통령령,법령,교원자격검정령|교원자격검정령|교원자격검정령
P00188,000899,고등교육법,59,규제특례의 관리 및 감독 등,대통령령으로 정하는,대통령령,시행령,대통령령,법령,고등교육법 시행령
P01559,001615,사립학교교직원 연금법,52,강제 징수,대통령령으로 정하는,대통령령,시행령,대통령령,법령,사립학교교직원 연금법 시행령
P00796,013614,교육시설 등의 안전 및 유지관리 등에 관한 법률,11,교육시설안전인증 등,대통령령으로 정한다,대통령령,시행령,대통령령,법령,교육시설 등의 안전 및 유지관리 등에 관한 법률 시행령
P01562,001615,사립학교교직원 연금법,53,심사의 청구,필요한 사항은 대통령령으로,대통령령,시행령,대통령령,법령,사립학교교직원 연금법 시행령
P03791,011996,지방대학 및 지역균형인재 육성에 관한 법률,17,특성화 지방대학의 지정 등,대통령령으로 정하는 기준에,대통령령,시행령,대통령령,법령,지방대학 및 지역균형인재 육성에 관한 법률 시행령
P00358,000886,교원의 지위 향상 및 교육활동 보호를 위한 특별법,10,이행강제금,대통령령으로 정한다,대통령령,시행령,대통령령,법령,교원소청에 관한 규정
P03256,000898,지방교육자치에 관한 법률,25,교육규칙의 제정,대통령령으로 정하는,대통령령,시행령,대통령령,법령,지방교육자치에 관한 법률 시행령
P02952,009349,인적자원개발 기본법,7,국가인적자원위원회,대통령령으로 정하는,대통령령,시행령,대통령령,법령,인적자원개발 기본법 시행령
P00702,011529,교육국제화특구의 지정ㆍ운영 및 육성에 관한 특별법,5,특구의 지정해제,대통령령으로 정한다,대통령령,시행령,대통령령,법령,교육국제화특구의 지정ㆍ운영 및 육성에 관한 특별법 시행령
P00093,000899,고등교육법,29,대학원,대통령령으로 정하는,대통령령,시행령,대통령령,법령,사이버대학 설립ㆍ운영 규정|고등교육법 시행령
P00119,000899,고등교육법,34,대학입학 전형계획의 공표,대통령령으로 정하는 사유가,대통령령,시행령,대통령령,법령,고등교육법 시행령
P03327,000898,지방교육자치에 관한 법률,30,보조기관,대통령령으로 정한,대통령령,시행령,대통령령,법령,지방교육행정기관의 행정기구와 정원기준 등에 관한 규정|지방교육자치에 관한 법률 시행령|지방교육행정기관의 행정기구와 정원기준 등에 관한 규정
P00983,011524,국립대학법인 인천대학교 설립ㆍ운영에 관한 법률,25,예산ㆍ결산 등,결산의 명세를 대통령령으로 정하는 바에 따라,대통령령,시행령,대통령령,법령,국립대학법인 인천대학교 설립ㆍ운영에 관한 법률 시행령
P07061,009620,학교폭력예방 및 대책에 관한 법률,13,학교의 장의 자체해결,필요한 사항은 대통령령으로,대통령령,시행령,대통령령,법령,학교폭력예방 및 대책에 관한 법률 시행령
P07167,000850,학원의 설립ㆍ운영 및 과외교습에 관한 법률,2,정의,대통령령으로 정하는,대통령령,시행령,대통령령,법령,학원의 설립ㆍ운영 및 과외교습에 관한 법률 시행령
P02484,002034,영재교육 진흥법,11,이수 인정 및 위탁교육,대통령령으로 정한다,대통령령,시행령,대통령령,법령,영재교육진흥법 시행령
P01759,000865,산업교육진흥 및 산학연협력촉진에 관한 법률,36,학교기업,대통령령으로 정한다,대통령령,시행령,대통령령,법령,산업교육진흥 및 산학연협력촉진에 관한 법률 시행령
P02615,009621,유아교육법,19,유치원운영위원회의 구성ㆍ운영,대통령령으로 정하고,대통령령,시행령,대통령령,법령,유아교육법 시행령
P04079,000900,초ㆍ중등교육법,19,교직원의 구분,대통령령으로 정하는,대통령령,시행령,대통령령,법령,초ㆍ중등교육법 시행령
P01585,000888,사립학교법,5,자산,관한 기준은 대통령령으로,대통령령,시행령,대통령령,법령,고등학교 이하 각급 학교 설립ㆍ운영 규정
P03785,011996,지방대학 및 지역균형인재 육성에 관한 법률,13,공공기관 등의 채용 확대 등,대통령령으로 정하는 바에,대통령령,시행령,대통령령,법령,지방대학 및 지역균형인재 육성에 관한 법률 시행령
P03156,010449,장애인 등에 대한 특수교육법,36,고등학교 과정 이하의 심사청구,필요한 사항은 대통령령으로,대통령령,시행령,대통령령,법령,장애인 등에 대한 특수교육법 시행령
P06353,002010,폐교재산의 활용촉진을 위한 특별법,5,대부 등에 관한 특례,대통령령으로 정하는,대통령령,시행령,대통령령,법령,폐교재산의 활용촉진을 위한 특별법 시행령
P01478,010490,법학전문대학원 설치ㆍ운영에 관한 법률,17,물적 기준,대통령령으로 정하는 시설을 갖추어야 한다,대통령령,시행령,대통령령,법령,법학전문대학원 설치ㆍ운영에 관한 법률 시행령
P07425,000891,학점인정 등에 관한 법률,7,학점인정,사항은 대통령령으로,대통령령,시행령,대통령령,법령,학점인정 등에 관한 법률 시행령
P03977,012309,진로교육법,6,진로교육 현황조사,대통령령으로 정한다,대통령령,시행령,대통령령,법령,진로교육법 시행령
P01993,000191,영유아보육법,6,보육정책위원회,대통령령으로 정한다,대통령령,시행령,대통령령,법령,영유아보육법 시행령
P02895,012237,인성교육진흥법,6,인성교육종합계획의 수립 등,대통령령으로 정하는 사항,대통령령,시행령,대통령령,법령,인성교육진흥법 시행령
P07434,000891,학점인정 등에 관한 법률,12,시정명령 등,대통령령으로 정하는,대통령령,시행령,대통령령,법령,학점인정 등에 관한 법률 시행령
P02620,009621,유아교육법,19,유치원운영위원회의 구성ㆍ운영,대통령령으로 정하는,대통령령,시행령,대통령령,법령,유아교육법 시행령
P00014,009936,경제자유구역 및 제주국제자유도시의 외국교육기관 설립ㆍ운영에 관한 특별법,10,학생정원,내국인의 수는 대통령령으로 정하는,대통령령,시행령,대통령령,법령,경제자유구역 및 제주국제자유도시의 외국교육기관 설립ㆍ운영에 관한 특별법 시행령
P07266,000850,학원의 설립ㆍ운영 및 과외교습에 관한 법률,15,정보의 공개,포함하여 대통령령으로,대통령령,시행령,대통령령,법령,학원의 설립ㆍ운영 및 과외교습에 관한 법률 시행령
P04016,012309,진로교육법,18,진로체험 지원,대통령령으로 정한다,대통령령,시행령,대통령령,법령,진로교육법 시행령
P00052,000899,고등교육법,18,학교의 명칭,대통령령으로 정하고,대통령령,시행령,대통령령,법령,한국교원대학교 설치령
P06639,000889,학교급식법,7,영양교사의 배치 등,대통령령으로 정한다,대통령령,시행령,대통령령,법령,학교급식법 시행령
P07457,010502,한국고전번역원법,11,고전번역위원회,사항은 대통령령으로,대통령령,시행령,대통령령,법령,한국고전번역원법 시행령
P01513,001615,사립학교교직원 연금법,2,정의,대통령령,대통령령,시행령,대통령령,법령,사립학교교직원 연금법 시행령
P01711,000865,산업교육진흥 및 산학연협력촉진에 관한 법률,2,정의,대통령령으로 정하는,대통령령,시행령,대통령령,법령,산업교육진흥 및 산학연협력촉진에 관한 법률 시행령|경제자유구역 및 제주국제자유도시의 외국교육기관 설립ㆍ운영에 관한 특별법 시행령|산업교육진흥 및 산학연협력촉진에 관한 법률 시행령
P02611,009621,유아교육법,19,유치원운영위원회의 구성ㆍ운영,대통령령으로 정하고,대통령령,시행령,대통령령,법령,유아교육법 시행령
P00906,012494,교육환경 보호에 관한 법률,12,교육환경정보시스템의 구축ㆍ운영 등,대통령령으로 지정하는 기관에,대통령령,시행령,대통령령,법령,교육환경 보호에 관한 법률 시행령
P00185,000899,고등교육법,59,성과관리,대통령령으로 정한다,대통령령,시행령,대통령령,법령,고등교육법 시행령
P02176,000191,영유아보육법,49,위반사실의 공표,사항은 대통령령으로,대통령령,시행령,대통령령,법령,영유아보육법 시행령
P00203,002233,고등교육법 시행령,16,분교의 인가,대통령령으로 정한다,대통령령,시행령,대통령령,법령,대학설립ㆍ운영 규정
P00178,000899,고등교육법,59,지역 간의 협업,대통령령으로 정한다,대통령령,시행령,대통령령,법령,고등교육법 시행령
P01061,013984,대안교육기관에 관한 법률,5,대안교육기관의 설립ㆍ운영의 등록 등,대통령령으로 정한다,대통령령,시행령,대통령령,법령,대안교육기관에 관한 법률 시행령
P03017,000866,자격기본법,26,공인의 취소 또는 자격검정등의 정지 등,대통령령으로 정한다,대통령령,시행령,대통령령,법령,자격기본법 시행령
P06712,000890,학교보건법,8,등교 중지,대통령령으로 정하는,대통령령,시행령,대통령령,법령,학교보건법 시행령
P02589,009621,유아교육법,19,유치원운영위원회의 설치 등,고려하여 대통령령으로,대통령령,시행령,대통령령,법령,유아교육법 시행령
P00548,001616,교육공무원법,15,우수 교육공무원 등의 특별 승진,대통령령으로 정한다,대통령령,시행령,대통령령,법령,교육공무원임용령
P05059,011136,취업 후 학자금 상환 특별법,23,종합소득자의 대출원리금 상환 등,구체적인 사항은 대통령령으로,대통령령,시행령,대통령령,법령,취업 후 학자금 상환 특별법 시행령
P01047,014148,기초학력 보장법,5,기초학력 보장 종합계획의 수립 등,대통령령으로 정하는,대통령령,시행령,대통령령,법령,기초학력 보장법 시행령
P04279,000900,초ㆍ중등교육법,60,외국인학교,대통령령으로 정하는 기준,대통령령,시행령,대통령령,법령,외국인학교 및 외국인유치원의 설립ㆍ운영에 관한 규정|외국인학교 및 외국인유치원의 설립ㆍ운영에 관한 규정
P02321,007739,영유아보육법 시행규칙,24,국공립어린이집의 운영위탁,"⑨ 어린이집의 운영 위탁에 관한 구체적인 사항은 국립어린이집의 경우 교육부장관이 정하고, 공립어린이집의 경우 지방자치단체의 조례로 정한다.",조례로,위임자치법규,조례,자치법규,김천시 영유아보육 조례
P02242,007739,영유아보육법 시행규칙,24,국공립어린이집의 운영위탁,"⑨ 어린이집의 운영 위탁에 관한 구체적인 사항은 국립어린이집의 경우 교육부장관이 정하고, 공립어린이집의 경우 지방자치단체의 조례로 정한다.",조례로,위임자치법규,조례,자치법규,시흥시 보육 조례
P03260,000898,지방교육자치에 관한 법률,26,사무의 위임ㆍ위탁 등,"①교육감은 조례 또는 교육규칙으로 정하는 바에 따라 그 권한에 속하는 사무의 일부를 보조기관, 소속교육기관 또는 하급교육행정기관에 위임할 수 있다",①교육감은 조례,위임자치법규,조례,자치법규,부산광역시교육감 행정권한의 위임ㆍ위탁에 관한 조례
P05159,000851,평생교육법,12,시ㆍ도평생교육협의회,⑤ 시·도협의회의 구성·운영에 필요한 사항은 해당 지방자치단체의 조례로 정한다.,조례로,위임자치법규,조례,자치법규,경상남도 평생교육진흥 조례
P01208,014226,대안교육기관에 관한 법률 시행령,7,대안교육기관에 대한 경비 지원,④ 제1항부터 제3항까지의 규정에서 정한 사항 외에 대안교육기관에 대한 경비 지원에 필요한 사항은 해당 지방자치단체의 조례로 정한다.,조례로,위임자치법규,조례,자치법규,인천광역시 서해구 학교 밖 청소년 지원 조례
P00671,006544,교육공무원 임용후보자 선정경쟁시험규칙,21,응시수수료,① 시험에 응시하려는 사람은 시ㆍ도의 조례로 정하는 바에 따라 응시수수료를 내야 한다.,조례로,위임자치법규,조례,자치법규,전남광주통합특별시 교육ㆍ학예에 관한 각종 수수료 징수 조례
P05207,000851,평생교육법,14,시ㆍ군ㆍ자치구평생교육협의회,④ 시·군·구협의회의 구성·운영 등에 필요한 사항은 지방자치단체의 조례로 정한다.,조례로,위임자치법규,조례,자치법규,부산광역시 남구 평생학습 조례
P03678,005061,지방교육행정기관의 행정기구와 정원기준 등에 관한 규정,20,정원의 규정,"② 제13조에 따른 단위기관별 정원은 제1항에 따른 정원의 총수 범위에서 종류별ㆍ직급별로 구분하여 해당 시ㆍ도의 조례로 정한다. 다만, 다음 각 호의 어느 하나에 해당하는 정원은 조례로 그 총수만 정하고 그 범위에서 제13조제2항에 따른 단위기관별로 해당 시ㆍ도의 교육규칙으로 정한다.",구분하여 해당 시.도의 조례로,위임자치법규,조례,자치법규,전남광주통합특별시교육감 소속 지방공무원 정원 조례
P03822,004071,지방자치단체의 교육경비 보조에 관한 규정,4,보조의 신청등,①지방자치단체의 장은 해당 연도 보조사업에 대하여 각급학교의 장에게 보조대상사업 및 그 예산액을 통지하고 보조신청서를 제출하도록 하여야 한다. 이 경우 해당 지방자치단체의 조례로 정하는 바에 따라 관할 교육감 또는 교육장을 거쳐 보조대상사업 및 그 예산액을 통지하거나 보조신청서를 제출하게 할 수 있다.,조례로,위임자치법규,조례,자치법규,예천군 교육경비 보조에 관한 조례
P05265,000851,평생교육법,14,시ㆍ군ㆍ자치구평생교육협의회,④ 시·군·구협의회의 구성·운영 등에 필요한 사항은 지방자치단체의 조례로 정한다.,조례로,위임자치법규,조례,자치법규,전남광주통합특별시 서구 평생교육진흥 조례
P05978,000851,평생교육법,21,읍ㆍ면ㆍ동 평생학습센터의 운영,② 제1항에 따른 읍·면·동 평생학습센터의 설치 또는 지정 및 운영에 관한 사항은 해당 지방자치단체의 조례로 정한다.,조례로,위임자치법규,조례,자치법규,춘천시 평생교육진흥 조례
P02679,009621,유아교육법,19,유치원회계의 운영,"⑥ 유치원회계의 운영에 필요한 사항은 국립유치원의 경우에는 교육부령으로, 공립유치원의 경우에는 시·도의 교육규칙으로 정한다.",교육규칙으로,위임자치법규,부령,자치법규,세종특별자치시 공립학교회계 규칙
P06768,013702,학교복합시설 설치 및 운영ㆍ관리에 관한 법률,7,학교복합시설 운영협의회,② 운영협의회의 구성ㆍ운영 등에 필요한 사항은 해당 지방자치단체의 조례로 정할 수 있다.,조례로,위임자치법규,조례,자치법규,충청남도교육청 학교복합시설 설치 및 운영에 관한 조례
P00483,006562,교육감 소속 지방공무원 평정규칙,24,근무경력 가산점,2. 영 제32조제2항제5호에 따라 해당 지방자치단체의 교육규칙으로 정하는 재난 및 안전관리 업무에 근무한 경력,교육규칙으로,위임자치법규,조례,자치법규,대구광역시교육감 소속 지방공무원 인사 규칙
P01168,014226,대안교육기관에 관한 법률 시행령,7,대안교육기관에 대한 경비 지원,④ 제1항부터 제3항까지의 규정에서 정한 사항 외에 대안교육기관에 대한 경비 지원에 필요한 사항은 해당 지방자치단체의 조례로 정한다.,조례로,위임자치법규,조례,자치법규,성남시 학교 밖 청소년 지원 조례
P02007,000191,영유아보육법,6,보육정책위원회,"① 보육에 관한 각종 정책ㆍ사업ㆍ보육지도 및 어린이집 평가에 관한 사항 등을 심의하기 위하여 교육부에 중앙보육정책위원회를, 특별시ㆍ광역시ㆍ특별자치시ㆍ도ㆍ특별자치도(이하 “시ㆍ도”라 한다) 및 시ㆍ군ㆍ구(자치구를 말한다. 이하 같다)에 지방보육정책위원회를 둔다. 다만, 지방보육정책위원회는 그 기능을 담당하기에 적합한 다른 위원회가 있고 그 위원회의 위원이 제2항에 따른 자격을 갖춘 경우에는 시ㆍ도 또는 시ㆍ군ㆍ구의 조례로 정하는 바에 따라 그 위원회가 지방보육정책위원회의 기능을 대신할 수 있다.",조례로,위임자치법규,조례,자치법규,칠곡군 지역사회보장협의체 운영 조례
P01114,013984,대안교육기관에 관한 법률,20,지도ㆍ감독 등,"② 교육감 및 지방자치단체의 장이 제1항에 따른 지도ㆍ감독을 위하여 필요하면 조례로 정하는 바에 따라 해당 대안교육기관의 설립ㆍ운영자에게 제1항과 관련된 자료의 제출을 요구하거나 관계 공무원에게 해당 시설에 출입하여 그 시설ㆍ설비, 장부 등을 검사하게 할 수 있다.",조례로,위임자치법규,조례,자치법규,서울특별시 송파구 학교 밖 청소년 지원 조례
P06478,000889,학교급식법,5,학교급식위원회 등,⑤제3항의 규정에 따른 학교급식지원심의위원회의 구성ㆍ운영과 제4항의 규정에 따른 학교급식지원센터의 설치ㆍ운영에 관하여 필요한 사항은 해당지방자치단체의 조례로 정한다.,조례로,위임자치법규,조례,자치법규,태백시 학교급식 지원조례
P00835,013614,교육시설 등의 안전 및 유지관리 등에 관한 법률,30,교육시설환경개선기금의 설치 등,④ 기금의 설치ㆍ운용에 관하여 필요한 사항은 조례로 정한다.,사항은 조례로,위임자치법규,조례,자치법규,충청북도교육청  교육시설환경개선기금 설치 및 운용 조례
P07331,005397,학원의 설립ㆍ운영 및 과외교습에 관한 법률 시행령,5,숙박시설을 갖춘 학교교과교습학원의 등록,"② 제1항에 따른 숙박시설의 위치, 환경기준, 시설·설비기준, 영양사 및 생활지도 담당인력 배치기준 등에 관한 사항은 지역적 여건과 학원의 규모 등을 고려하여 시·도 조례로 정한다.",시.도 조례로,위임자치법규,조례,자치법규,전라남도교육청 학원의 설립ㆍ운영 및 과외교습에 관한 조례
P03319,000898,지방교육자치에 관한 법률,29,시ㆍ도의회의 교육ㆍ학예에 관한 사무의 지원,① 시·도의회의 교육·학예에 관한 사무를 처리하기 위하여 조례로 정하는 바에 따라 시·도의회의 사무처에 지원조직과 사무직원을 둔다.,조례로,위임자치법규,조례,자치법규,대구광역시교육감 소속 지방공무원 정원 조례
P06438,000889,학교급식법,5,학교급식위원회 등,⑤제3항의 규정에 따른 학교급식지원심의위원회의 구성ㆍ운영과 제4항의 규정에 따른 학교급식지원센터의 설치ㆍ운영에 관하여 필요한 사항은 해당지방자치단체의 조례로 정한다.,조례로,위임자치법규,조례,자치법규,영양군 학교급식 지원 조례
P02783,009874,유아교육법 시행령,22,조례 등에의 위임,"이 영에서 규정한 사항 외에 국립ㆍ공립 유치원에 두는 운영위원회의 구성 및 운영에 필요한 사항은 국립유치원의 경우에는 유치원규칙으로, 공립유치원의 경우에는 시ㆍ도의 조례로 정한다.",조례로,위임자치법규,조례,자치법규,충청남도 학교운영위원회 설치ㆍ운영에 관한 조례
P03139,010449,장애인 등에 대한 특수교육법,28,특수교육 관련서비스,"⑦ 제6항의 생활지도원과 간호사 또는 간호조무사의 배치기준은 국립학교의 경우 교육부령으로, 공립 및 사립 학교의 경우에는 시·도 교육규칙으로 각각 정한다.",교육규칙으로,위임자치법규,부령,자치법규,전북특별자치도 특수학교 기숙사 생활지도원 등의 배치 및 시설ㆍ설비 기준에 관한 규칙
P03397,000898,지방교육자치에 관한 법률,34,하급교육행정기관의 설치 등,"②교육지원청의 관할구역과 위치는 시ㆍ도의 조례로 정하고, 명칭은 대통령령으로 정하는 범위에서 시ㆍ도의 조례로 정한다.",명칭은 대통령령으로 정하는 범위에서 시ㆍ도의 조례로 정한다,위임자치법규,대통령령,자치법규,서울특별시교육청 행정기구 설치 조례
P03697,005061,지방교육행정기관의 행정기구와 정원기준 등에 관한 규정,20,정원의 규정,"② 제13조에 따른 단위기관별 정원은 제1항에 따른 정원의 총수 범위에서 종류별·직급별로 구분하여 해당 시·도의 조례로 정한다. 다만, 다음 각 호의 어느 하나에 해당하는 정원은 조례로 그 총수만 정하고 그 범위에서 제13조제2항에 따른 단위기관별로 해당 시·도의 교육규칙으로 정한다",총수만 정하고 그 범위에서 제13조제2항에 따른 단위기관별로 해당 시.도의 교육규칙으로 정한다,위임자치법규,조례,자치법규,전북특별자치도교육감 소속 지방공무원 정원 규칙
P04371,005238,초ㆍ중등교육법 시행령,54,다문화교육지원센터의 설치ㆍ운영 등,2. 제2항에 따른 지역다문화교육지원센터의 경우: 해당 시ㆍ도의 조례,조례,위임자치법규,조례,자치법규,전라남도교육청 다문화교육 진흥 조례
P05251,000851,평생교육법,14,시ㆍ군ㆍ자치구평생교육협의회,④ 시·군·구협의회의 구성·운영 등에 필요한 사항은 지방자치단체의 조례로 정한다.,조례로,위임자치법규,조례,자치법규,청송군 평생교육 진흥조례
P01941,011331,어린이ㆍ노인 및 장애인 보호구역의 지정 및 관리에 관한 규칙,2,정의,바. 그 밖에 어린이가 자주 왕래하는 곳으로서 조례로 정하는 시설 또는 장소,어린이가 자주 왕래하는 곳으로서 조례로,위임자치법규,조례,자치법규,군산시 어린이ㆍ노인 및 장애인 보호구역 교통안전과 관리에 관한 조례
P06340,003751,평생교육법 시행령,77,권한의 위임ㆍ위탁,③ 교육감은 법 제44조제3항에 따라 다음 각 호의 권한을 조례로 정하는 바에 따라 소관 교육장에게 위임할 수 있다.,조례로,위임자치법규,조례,자치법규,부산광역시교육감 행정권한의 위임ㆍ위탁에 관한 조례
P03645,005061,지방교육행정기관의 행정기구와 정원기준 등에 관한 규정,15,정원의 관리,① 교육감은 조직 간 균형 있고 합리적인 정원관리를 위하여 지방공무원의 종류별ㆍ직급별 정원책정기준을 해당 시ㆍ도의 조례로 정한다.,조례로,위임자치법규,조례,자치법규,세종특별자치시교육감 소속 지방공무원 정원 조례
P01947,011331,어린이ㆍ노인 및 장애인 보호구역의 지정 및 관리에 관한 규칙,2,정의,바. 그 밖에 어린이가 자주 왕래하는 곳으로서 조례로 정하는 시설 또는 장소,어린이가 자주 왕래하는 곳으로서 조례로,위임자치법규,조례,자치법규,논산시 어린이 통학로 교통안전을 위한 조례
P07399,008606,학원의 설립ㆍ운영 및 과외교습에 관한 법률 시행규칙,17,포상금의 지급기준 등,"⑥ 심의위원회의 설치·운영에 관한 사항, 증거자료의 요건, 그 밖에 포상금의 지급 및 기준에 관하여 필요한 사항은 시·도 교육규칙으로 정한다.",교육규칙으로,위임자치법규,조례,자치법규,부산광역시 학원의 설립ㆍ운영 및 과외교습에 관한 조례 시행규칙
P05999,000851,평생교육법,21,읍ㆍ면ㆍ동 평생학습센터의 운영,② 제1항에 따른 읍·면·동 평생학습센터의 설치 또는 지정 및 운영에 관한 사항은 해당 지방자치단체의 조례로 정한다.,조례로,위임자치법규,조례,자치법규,인제군 평생교육진흥 조례
P06578,000889,학교급식법,5,학교급식위원회 등,⑤제3항의 규정에 따른 학교급식지원심의위원회의 구성ㆍ운영과 제4항의 규정에 따른 학교급식지원센터의 설치ㆍ운영에 관하여 필요한 사항은 해당지방자치단체의 조례로 정한다.,조례로,위임자치법규,조례,자치법규,고성군 공공급식 지원에 관한 조례
P04509,005238,초ㆍ중등교육법 시행령,67,중학교 입학 시기 등,"중학교 학생의 입학, 재취학 또는 편입학은 해당 학교의 교육과정 이수에 지장이 없는 범위에서 수시로 할 수 있다. 다만, 제77조제2항에 따라 시·도 조례로 정하는 지역에서의 편입학 시기는 교육감이 정할 수 있다.",조례로,위임자치법규,조례,자치법규,경기도교육감이 고등학교의 입학전형을 실시하는 지역에 관한 조례
P06547,000889,학교급식법,5,학교급식위원회 등,⑤제3항의 규정에 따른 학교급식지원심의위원회의 구성ㆍ운영과 제4항의 규정에 따른 학교급식지원센터의 설치ㆍ운영에 관하여 필요한 사항은 해당지방자치단체의 조례로 정한다.,조례로,위임자치법규,조례,자치법규,김제시 학교급식지원에 관한 조례
P04676,005238,초ㆍ중등교육법 시행령,84,후기학교의 신입생 선발 및 배정방법,"⑦제2항 본문에 따른 후기학교의 추첨ㆍ배정에 관하여 교육감의 자문에 응하게 하기 위하여 학교군별로 고등학교입학추첨관리위원회를 두며, 그 조직과 운영에 관한 사항은 시ㆍ도 교육규칙으로 정한다.",교육규칙으로,위임자치법규,조례,자치법규,울산광역시 고등학교 입학추첨관리위원회 규칙
P07295,000850,학원의 설립ㆍ운영 및 과외교습에 관한 법률,17,행정처분,④ 제1항부터 제3항까지에 따른 행정처분의 기준과 그 밖에 필요한 사항은 조례로 정한다.,조례로,위임자치법규,조례,자치법규,서울특별시교육청 학원의 설립ㆍ운영 및 과외교습에 관한 조례
P01277,014226,대안교육기관에 관한 법률 시행령,7,대안교육기관에 대한 경비 지원,④ 제1항부터 제3항까지의 규정에서 정한 사항 외에 대안교육기관에 대한 경비 지원에 필요한 사항은 해당 지방자치단체의 조례로 정한다.,조례로,위임자치법규,조례,자치법규,부산광역시 영도구 학교 밖 청소년 지원 조례
P05491,000851,평생교육법,16,경비보조 및 지원,② 지방자치단체의 장은 해당 지방자치단체의 조례로 정하는 바에 따라 주민을 위한 평생교육진흥사업을 실시하거나 지원할 수 있다. 이 경우 교육감 또는 지역교육장과 협의하여야 한다.,조례로,위임자치법규,조례,자치법규,부천시 평생학습 기본 조례
P06637,000889,학교급식법,5,학교급식위원회 등,⑤제3항의 규정에 따른 학교급식지원심의위원회의 구성ㆍ운영과 제4항의 규정에 따른 학교급식지원센터의 설치ㆍ운영에 관하여 필요한 사항은 해당지방자치단체의 조례로 정한다.,조례로,위임자치법규,조례,자치법규,목포시 학교급식 지원에 관한 조례
P04159,000900,초ㆍ중등교육법,30,학교회계의 설치,"⑤ 학교회계의 설치에 필요한 사항은 국립학교의 경우에는 교육부령으로, 공립학교의 경우에는 시·도의 교육규칙으로 정한다.",교육규칙으로,위임자치법규,부령,자치법규,강원특별자치도 공립학교 회계규칙
P01162,014226,대안교육기관에 관한 법률 시행령,7,대안교육기관에 대한 경비 지원,④ 제1항부터 제3항까지의 규정에서 정한 사항 외에 대안교육기관에 대한 경비 지원에 필요한 사항은 해당 지방자치단체의 조례로 정한다.,조례로,위임자치법규,조례,자치법규,서울특별시 중구 학교 밖 청소년 지원 조례
P07363,005397,학원의 설립ㆍ운영 및 과외교습에 관한 법률 시행령,10,일시 수용능력 초과 교습의 금지 등,③ 제1항에도 불구하고 실험·실습 또는 실기 교습이 필요한 학원에서 같은 교습과목을 같은 시간에 같은 장소에서 교습받을 수 있는 학습자의 수는 시·도의 조례로 정한다.,조례로,위임자치법규,조례,자치법규,경기도 학원의 설립ㆍ운영 및 과외교습에 관한 조례
P07254,000850,학원의 설립ㆍ운영 및 과외교습에 관한 법률,15,교습비등,"③ 학원설립·운영자, 교습자 또는 개인과외교습자는 시·도의 교육규칙으로 정하는 바에 따라 제1항에 따른 교습비등과 그 반환에 관한 사항을 학습자가 보기 쉬운 장소에 게시하여야 하며, 학습자를 모집할 목적으로 인쇄물·인터넷 등을 통하여 광고를 하는 경우에는 교습비등, 등록증명서 또는 신고증명서 내용 중 대통령령으로 정하는 사항을 표시하여야 한다.",교육규칙으로,위임자치법규,대통령령,자치법규,경기도 학원의 설립ㆍ운영 및 과외교습에 관한 조례 시행규칙
P02565,009621,유아교육법,11,입학,"② 원장은 교육 목적에 적합한 범위에서 유치원규칙으로 정하는 바에 따라 공정하고 투명한 방법으로 유치원에 입학할 유아를 모집·선발하여야 한다. 다만, 제3항에 따른 조례에서 모집·선발 시기 등을 달리 정한 경우에는 이에 따라야 한다.",조례에서,위임자치법규,조례,자치법규,대구광역시 유치원 유아 모집ㆍ선발에 관한 조례
P03338,000898,지방교육자치에 관한 법률,30,보조기관,"⑤교육감 소속하에 보조기관을 두되, 그 설치·운영 등에 관하여 필요한 사항은 대통령령으로 정한 범위 안에서 조례로 정한다.",조례로,위임자치법규,대통령령,자치법규,충청남도교육청 행정기구 설치 조례
P02684,009621,유아교육법,19,유치원회계의 운영,"⑥ 유치원회계의 운영에 필요한 사항은 국립유치원의 경우에는 교육부령으로, 공립유치원의 경우에는 시·도의 교육규칙으로 정한다.",교육규칙으로,위임자치법규,부령,자치법규,제주특별자치도 공립학교회계 규칙
P05648,000851,평생교육법,16,경비보조 및 지원,② 지방자치단체의 장은 해당 지방자치단체의 조례로 정하는 바에 따라 주민을 위한 평생교육진흥사업을 실시하거나 지원할 수 있다. 이 경우 교육감 또는 지역교육장과 협의하여야 한다.,조례로,위임자치법규,조례,자치법규,김포시 평생학습 조례
P06668,005377,학교급식법 시행령,17,권한의 위임,"교육감은 법 제20조에 따라 법 제19조에 따른 출입·검사·수거 등, 법 제21조에 따른 행정처분 등의 요청 및 법 제25조에 따른 과태료 부과·징수권한을 조례로 정하는 바에 따라 교육장에게 위임할 수 있다.",조례로,위임자치법규,조례,자치법규,광주광역시교육감 행정권한 위임 조례
P06366,005352,폐교재산의 활용촉진을 위한 특별법 시행령,3,수의계약에 의한 대부 및 매각 등,②법 제5조제1항에 따라 대부하는 경우 연간 대부료율은 해당 폐교재산평정가격(「공유재산 및 물품 관리법 시행령」 제31조제2항에 따른 가격을 말한다. 이하 같다)을 고려하여 해당 특별시ㆍ광역시ㆍ특별자치시ㆍ도 및 특별자치도(이하 “시ㆍ도”라 한다)의 조례로 정한다.,조례로,위임자치법규,조례,자치법규,부산광역시 교육비특별회계 소관 공유재산 관리 조례
P06341,003751,평생교육법 시행령,77,권한의 위임ㆍ위탁,③ 교육감은 법 제44조제3항에 따라 다음 각 호의 권한을 조례로 정하는 바에 따라 소관 교육장에게 위임할 수 있다.,조례로,위임자치법규,조례,자치법규,대전광역시교육감 소관 행정권한의 위임에 관한 조례
P05176,000851,평생교육법,14,시ㆍ군ㆍ자치구평생교육협의회,④ 시·군·구협의회의 구성·운영 등에 필요한 사항은 지방자치단체의 조례로 정한다.,조례로,위임자치법규,조례,자치법규,서울특별시 성북구 평생학습진흥 조례
P02381,007739,영유아보육법 시행규칙,24,국공립어린이집의 운영위탁,"⑨ 어린이집의 운영 위탁에 관한 구체적인 사항은 국립어린이집의 경우 교육부장관이 정하고, 공립어린이집의 경우 지방자치단체의 조례로 정한다.",조례로,위임자치법규,조례,자치법규,부천시 보육 조례
P02599,009621,유아교육법,19,유치원운영위원회의 기능,10. 그 밖에 대통령령 및 시·도 조례로 정하는 사항,조례로,위임자치법규,대통령령,자치법규,인천광역시립학교 운영위원회 구성 및 운영에 관한 조례
P04011,012309,진로교육법,17,지역진로교육협의회,② 지역진로교육협의회의 구성ㆍ운영 등에 필요한 사항은 시ㆍ도 조례로 정한다.,조례로,위임자치법규,조례,자치법규,경상북도교육청 진로교육 지원에 관한 조례
P06617,000889,학교급식법,5,학교급식위원회 등,⑤제3항의 규정에 따른 학교급식지원심의위원회의 구성ㆍ운영과 제4항의 규정에 따른 학교급식지원센터의 설치ㆍ운영에 관하여 필요한 사항은 해당지방자치단체의 조례로 정한다.,조례로,위임자치법규,조례,자치법규,대구광역시 중구 친환경 학교급식 지원에 관한 조례
P05869,000851,평생교육법,21,시ㆍ군ㆍ구평생학습관 등의 설치ㆍ운영 등,④ 제1항 및 제2항에 따른 평생학습관의 설치·운영 등에 필요한 사항은 해당 지방자치단체의 조례로 정한다.,조례로,위임자치법규,조례,자치법규,김제시 평생교육 진흥 조례
P05607,000851,평생교육법,16,경비보조 및 지원,② 지방자치단체의 장은 해당 지방자치단체의 조례로 정하는 바에 따라 주민을 위한 평생교육진흥사업을 실시하거나 지원할 수 있다. 이 경우 교육감 또는 지역교육장과 협의하여야 한다.,조례로,위임자치법규,조례,자치법규,고성군 평생교육진흥 조례
P02272,007739,영유아보육법 시행규칙,24,국공립어린이집의 운영위탁,"⑨ 어린이집의 운영 위탁에 관한 구체적인 사항은 국립어린이집의 경우 교육부장관이 정하고, 공립어린이집의 경우 지방자치단체의 조례로 정한다.",조례로,위임자치법규,조례,자치법규,평택시 영유아보육 조례
P06601,000889,학교급식법,5,학교급식위원회 등,⑤제3항의 규정에 따른 학교급식지원심의위원회의 구성ㆍ운영과 제4항의 규정에 따른 학교급식지원센터의 설치ㆍ운영에 관하여 필요한 사항은 해당지방자치단체의 조례로 정한다.,조례로,위임자치법규,조례,자치법규,서울특별시 도봉구 친환경 학교급식 지원에 관한 조례
P01087,013984,대안교육기관에 관한 법률,20,지도ㆍ감독 등,"② 교육감 및 지방자치단체의 장이 제1항에 따른 지도ㆍ감독을 위하여 필요하면 조례로 정하는 바에 따라 해당 대안교육기관의 설립ㆍ운영자에게 제1항과 관련된 자료의 제출을 요구하거나 관계 공무원에게 해당 시설에 출입하여 그 시설ㆍ설비, 장부 등을 검사하게 할 수 있다.",조례로,위임자치법규,조례,자치법규,장흥군 대안교육 활성화에 관한 조례
P05719,000851,평생교육법,21,시ㆍ군ㆍ구평생학습관 등의 설치ㆍ운영 등,④ 제1항 및 제2항에 따른 평생학습관의 설치·운영 등에 필요한 사항은 해당 지방자치단체의 조례로 정한다.,조례로,위임자치법규,조례,자치법규,시흥시 평생학습 조례
P05413,000851,평생교육법,16,경비보조 및 지원,② 지방자치단체의 장은 해당 지방자치단체의 조례로 정하는 바에 따라 주민을 위한 평생교육진흥사업을 실시하거나 지원할 수 있다. 이 경우 교육감 또는 지역교육장과 협의하여야 한다.,조례로,위임자치법규,조례,자치법규,서천군 평생학습 조례
P04169,000900,초ㆍ중등교육법,30,학교회계의 운영,"⑥ 학교회계의 운영에 필요한 사항은 국립학교의 경우에는 교육부령으로, 공립학교의 경우에는 시·도의 교육규칙으로 정한다.",교육규칙으로,위임자치법규,부령,자치법규,전북특별자치도 공립학교회계 규칙
P04293,000900,초ㆍ중등교육법,60,통학 지원,② 제1항에 따른 통학 지원에 필요한 사항은 해당 시ㆍ도의 조례로 정한다.,조례로,위임자치법규,조례,자치법규,광주광역시교육청 학생 통학 지원 조례
P03100,010449,장애인 등에 대한 특수교육법,10,특수교육운영위원회,"② 제1항에 따른 중앙특수교육운영위원회의 구성ㆍ운영 등에 관하여 필요한 사항은 대통령령으로, 시ㆍ도특수교육운영위원회 및 시ㆍ군ㆍ구특수교육운영위원회의 구성ㆍ운영 등에 관하여는 특별시ㆍ광역시ㆍ특별자치시ㆍ도 및 특별자치도(이하 ""시ㆍ도""라 한다)의 교육규칙으로 각각 정한다.",교육규칙으로,위임자치법규,대통령령,자치법규,인천광역시 특수교육운영위원회 규칙
P05631,000851,평생교육법,16,경비보조 및 지원,② 지방자치단체의 장은 해당 지방자치단체의 조례로 정하는 바에 따라 주민을 위한 평생교육진흥사업을 실시하거나 지원할 수 있다. 이 경우 교육감 또는 지역교육장과 협의하여야 한다.,조례로,위임자치법규,조례,자치법규,대구광역시 평생교육진흥 조례
P06920,000894,학교용지 확보 등에 관한 특례법,5,학교용지부담금특별회계의 설치,3. 그 밖에 해당 시·도의 조례로 정하는 재원,조례로 정하는 재원,위임자치법규,조례,자치법규,전북특별자치도 학교용지부담금 부과ㆍ징수 및 특별회계 설치 조례
P05448,000851,평생교육법,16,경비보조 및 지원,② 지방자치단체의 장은 해당 지방자치단체의 조례로 정하는 바에 따라 주민을 위한 평생교육진흥사업을 실시하거나 지원할 수 있다. 이 경우 교육감 또는 지역교육장과 협의하여야 한다.,조례로,위임자치법규,조례,자치법규,순창군 평생교육 진흥 조례
P02554,009621,유아교육법,11,입학,"② 원장은 교육 목적에 적합한 범위에서 유치원규칙으로 정하는 바에 따라 공정하고 투명한 방법으로 유치원에 입학할 유아를 모집·선발하여야 한다. 다만, 제3항에 따른 조례에서 모집·선발 시기 등을 달리 정한 경우에는 이에 따라야 한다.",조례에서,위임자치법규,조례,자치법규,세종특별자치시 유치원 유아 모집ㆍ선발에 관한 조례
P05442,000851,평생교육법,16,경비보조 및 지원,② 지방자치단체의 장은 해당 지방자치단체의 조례로 정하는 바에 따라 주민을 위한 평생교육진흥사업을 실시하거나 지원할 수 있다. 이 경우 교육감 또는 지역교육장과 협의하여야 한다.,조례로,위임자치법규,조례,자치법규,안산시 평생교육진흥 조례
P00683,006544,교육공무원 임용후보자 선정경쟁시험규칙,21,응시수수료,① 시험에 응시하려는 사람은 시ㆍ도의 조례로 정하는 바에 따라 응시수수료를 내야 한다.,조례로,위임자치법규,조례,자치법규,강원특별자치도 교육ㆍ학예에 관한  각종 수수료 징수 조례
P02407,007739,영유아보육법 시행규칙,24,국공립어린이집의 운영위탁,"⑨ 어린이집의 운영 위탁에 관한 구체적인 사항은 국립어린이집의 경우 교육부장관이 정하고, 공립어린이집의 경우 지방자치단체의 조례로 정한다.",조례로,위임자치법규,조례,자치법규,부안군 영유아보육 조례
P01249,014226,대안교육기관에 관한 법률 시행령,7,대안교육기관에 대한 경비 지원,④ 제1항부터 제3항까지의 규정에서 정한 사항 외에 대안교육기관에 대한 경비 지원에 필요한 사항은 해당 지방자치단체의 조례로 정한다.,조례로,위임자치법규,조례,자치법규,고성군 학교 밖 청소년 지원 조례
P01204,014226,대안교육기관에 관한 법률 시행령,7,대안교육기관에 대한 경비 지원,④ 제1항부터 제3항까지의 규정에서 정한 사항 외에 대안교육기관에 대한 경비 지원에 필요한 사항은 해당 지방자치단체의 조례로 정한다.,조례로,위임자치법규,조례,자치법규,인제군 학교 밖 청소년 지원 조례
P07201,000850,학원의 설립ㆍ운영 및 과외교습에 관한 법률,6,학원 설립ㆍ운영의 등록,② 숙박시설을 갖춘 학교교과교습학원의 등록은 대통령령으로 정하는 범위에서 관할 지역의 교육여건과 수강생의 안전 및 숙박시설의 필요성 등을 고려하여 시·도의 조례로 정하는 기준에 맞는 경우에만 할 수 있다.,조례로,위임자치법규,대통령령,자치법규,세종특별자치시교육청 학원의 설립ㆍ운영 및 과외교습에 관한 조례
P03572,005061,지방교육행정기관의 행정기구와 정원기준 등에 관한 규정,10,과ㆍ담당관 등의 설치,본청에 두는 과·담당관의 설치와 사무 분장 등에 관한 사항은 해당 시·도의 교육규칙으로 정한다.,교육규칙으로,위임자치법규,조례,자치법규,인천광역시교육청 행정기구 설치 조례 시행규칙
P07180,000850,학원의 설립ㆍ운영 및 과외교습에 관한 법률,4,학원설립ㆍ운영자 등의 책무,"③ 학원설립·운영자 및 교습자는 특별시·광역시·특별자치시·도 및 특별자치도(이하 ""시·도""라 한다)의 조례로 정하는 바에 따라 학원·교습소의 운영과 관련하여 학원·교습소의 수강생에게 발생한 생명·신체상의 손해를 배상할 것을 내용으로 하는 보험이나 공제사업에 가입하는 등 필요한 안전조치를 취하여야 한다",조례로,위임자치법규,조례,자치법규,인천광역시 학원의 설립ㆍ운영 및 과외교습에 관한 조례
P03622,005061,지방교육행정기관의 행정기구와 정원기준 등에 관한 규정,12,직속기관 등의 하부조직 설치,"③ 직속기관과 교육지원청 소속 기관의 장의 직급, 하부조직 및 그 사무 분장에 관한 사항은 해당 시ㆍ도의 조례 또는 조례의 위임에 따른 교육규칙으로 정한다.",시.도의 조례,위임자치법규,조례,자치법규,강원특별자치도교육청 행정기구 설치조례
P05001,012258,초ㆍ중등교육법 시행규칙,82,시ㆍ도 교육규칙에의 위임,"이 규칙에서 규정한 사항 외에 특성화중학교, 특수목적고등학교 또는 자율형 사립고등학교의 지정·지정 취소 및 운영에 필요한 사항에 관하여는 법령의 범위 내에서 시·도 교육규칙으로 정할 수 있다.",교육규칙으로,위임자치법규,조례,자치법규,대전광역시 특성화중ㆍ특목고ㆍ특성화고 및 자율학교등의 지정ㆍ운영에 관한 규칙
P02198,007739,영유아보육법 시행규칙,24,국공립어린이집의 운영위탁,"⑨ 어린이집의 운영 위탁에 관한 구체적인 사항은 국립어린이집의 경우 교육부장관이 정하고, 공립어린이집의 경우 지방자치단체의 조례로 정한다.",조례로,위임자치법규,조례,자치법규,울릉군 영유아 보육 조례
P02310,007739,영유아보육법 시행규칙,24,국공립어린이집의 운영위탁,"⑨ 어린이집의 운영 위탁에 관한 구체적인 사항은 국립어린이집의 경우 교육부장관이 정하고, 공립어린이집의 경우 지방자치단체의 조례로 정한다.",조례로,위임자치법규,조례,자치법규,증평군 보육 조례
P04385,005238,초ㆍ중등교육법 시행령,58,국ㆍ공립학교 운영위원회의 구성,"④ 제2항 및 제3항에도 불구하고 다음 각 호의 구분에 따른 국ㆍ공립학교에 두는 운영위원회 위원의 구성비율은 국립학교의 경우에는 학칙으로, 공립학교의 경우에는 시ㆍ도의 조례로 정하는 범위에서 위원회규정으로 달리 정할 수 있다. 이 경우 학부모위원, 교원위원 및 지역위원은 각각 1명 이상 포함되어야 한다.",조례로,위임자치법규,조례,자치법규,충청북도립학교운영위원회 설치ㆍ운영에 관한 조례
P03829,004071,지방자치단체의 교육경비 보조에 관한 규정,4,보조의 신청등,①지방자치단체의 장은 해당 연도 보조사업에 대하여 각급학교의 장에게 보조대상사업 및 그 예산액을 통지하고 보조신청서를 제출하도록 하여야 한다. 이 경우 해당 지방자치단체의 조례로 정하는 바에 따라 관할 교육감 또는 교육장을 거쳐 보조대상사업 및 그 예산액을 통지하거나 보조신청서를 제출하게 할 수 있다.,조례로,위임자치법규,조례,자치법규,연천군 교육경비 보조에 관한 조례
P06748,005379,학교보건법 시행령,2,보건실의 설치기준 등,"③ 제2항에 따라 보건실에 갖추어야 하는 시설과 기구 및 용품의 구체적인 기준은 「초ㆍ중등교육법」 제3조에 따른 국립학교와 「고등교육법」 제2조 각 호에 따른 학교의 경우에는 교육부령으로 정하고, 「초ㆍ중등교육법」 제3조에 따른 공립학교 및 사립학교의 경우에는 시ㆍ도 교육규칙으로 정한다.",교육규칙으로,위임자치법규,부령,자치법규,경상남도 학교보건실 시설과 기구 및 용품에 관한 규칙
P05229,000851,평생교육법,14,시ㆍ군ㆍ자치구평생교육협의회,④ 시·군·구협의회의 구성·운영 등에 필요한 사항은 지방자치단체의 조례로 정한다.,조례로,위임자치법규,조례,자치법규,서울특별시 금천구 평생학습 진흥 조례
P05354,000851,평생교육법,14,시ㆍ군ㆍ자치구평생교육협의회,④ 시·군·구협의회의 구성·운영 등에 필요한 사항은 지방자치단체의 조례로 정한다.,조례로,위임자치법규,조례,자치법규,광주시 평생교육 진흥 조례
P01292,014226,대안교육기관에 관한 법률 시행령,7,대안교육기관에 대한 경비 지원,④ 제1항부터 제3항까지의 규정에서 정한 사항 외에 대안교육기관에 대한 경비 지원에 필요한 사항은 해당 지방자치단체의 조례로 정한다.,조례로,위임자치법규,조례,자치법규,서울특별시 강동구 학교 밖 청소년 지원 조례
P02809,009874,유아교육법 시행령,32,사립유치원에 대한 지원,② 특별시장·광역시장·특별자치시장·도지사·특별자치도지사 및 시장·군수·구청장(자치구의 구청장을 말한다. 이하 같다)은 조례로 정하는 바에 따라 제1항 각 호의 경비의 전부 또는 일부를 사립유치원에 지원할 수 있다.,조례로,위임자치법규,조례,자치법규,포항시 교육경비 보조에 관한 조례
P05751,000851,평생교육법,21,시ㆍ군ㆍ구평생학습관 등의 설치ㆍ운영 등,④ 제1항 및 제2항에 따른 평생학습관의 설치·운영 등에 필요한 사항은 해당 지방자치단체의 조례로 정한다.,조례로,위임자치법규,조례,자치법규,충청남도 평생학습관 운영에 관한 조례
P02746,009874,유아교육법 시행령,22,의견 수렴,"국립·공립 유치원에 두는 운영위원회는 학부모가 경비를 부담하는 사항을 심의할 때에는 국립유치원의 경우에는 유치원규칙으로 정하는 바에 따라 미리 학부모의 의견을 수렴하여야 하며, 공립유치원의 경우에는 시·도의 조례로 정하는 바에 따라 미리 학부모의 의견을 수렴하여야 한다.",조례로,위임자치법규,조례,자치법규,전북특별자치도 도립학교 운영위원회 설치ㆍ운영에 관한 조례
P06004,000851,평생교육법,21,읍ㆍ면ㆍ동 평생학습센터의 운영,② 제1항에 따른 읍·면·동 평생학습센터의 설치 또는 지정 및 운영에 관한 사항은 해당 지방자치단체의 조례로 정한다.,조례로,위임자치법규,조례,자치법규,인천광역시 연수구 평생교육진흥 조례
P02761,009874,유아교육법 시행령,22,소위원회,"② 제1항에 따른 소위원회의 구성 및 운영에 필요한 사항은 국립유치원의 경우에는 유치원규칙으로, 공립유치원의 경우에는 시ㆍ도의 조례로, 사립유치원의 경우에는 정관 또는 유치원규칙으로 정한다.",조례로,위임자치법규,조례,자치법규,서울특별시교육청 공립유치원운영위원회 구성 및 운영 등에 관한 조례
P04932,005238,초ㆍ중등교육법 시행령,105,자율학교등 지정ㆍ운영위원회,② 제1항에 따른 자율학교등 지정·운영위원회의 구성 및 운영에 필요한 사항은 시·도 교육규칙으로 정한다.,필요한 사항은 시.도 교육규칙으로 정한다,위임자치법규,조례,자치법규,강원특별자치도교육청 자율학교등 지정ㆍ운영에 관한 규칙
P03266,000898,지방교육자치에 관한 법률,26,사무의 위임ㆍ위탁 등,"①교육감은 조례 또는 교육규칙으로 정하는 바에 따라 그 권한에 속하는 사무의 일부를 보조기관, 소속교육기관 또는 하급교육행정기관에 위임할 수 있다.",교육규칙으로 정하는 바에 따라 그 권한에 속하는 사무의 일부를 보조기관,위임자치법규,조례,자치법규,세종특별자치시교육감 행정권한 위임에 관한 규칙
P07294,000850,학원의 설립ㆍ운영 및 과외교습에 관한 법률,17,행정처분,④ 제1항부터 제3항까지에 따른 행정처분의 기준과 그 밖에 필요한 사항은 조례로 정한다.,조례로,위임자치법규,조례,자치법규,세종특별자치시교육청 학원의 설립ㆍ운영 및 과외교습에 관한 조례
P00022,010073,경제자유구역 및 제주국제자유도시의 외국교육기관 설립ㆍ운영에 관한 특별법 시행령,7,학생의 정원,③ 법 제10조제1항 단서에 따라 외국교육기관에 입학할 수 있는 내국인 학생 수의 비율은 해당 외국교육기관 학생정원의 30퍼센트의 범위에서 위원회가 조정하는 비율로 한다. 이 경우 교육감이 특별시·광역시 또는 도의 교육여건을 고려하여 학생정원의 20퍼센트의 범위에서 특별시·광역시 또는 도의 교육규칙으로 입학비율을 추가로 높일 수 있다.,교육감이 특별시.광역시 또는 도의 교육여건을 고려하여 학생정원의 20퍼센트의 범위에서 특별시.광역시 또는 도의 교육규칙으로,위임자치법규,조례,자치법규,인천광역시 외국교육기관 운영에 관한 규칙
P00720,011529,교육국제화특구의 지정ㆍ운영 및 육성에 관한 특별법,9,실시계획심의위원회,3. 그 밖에 특구 조성사업에 필요한 사항으로서 조례로 정하는 사항,조례로 정하는,위임자치법규,조례,자치법규,제주특별자치도 교육국제화특구 육성 및 활성화 조례
P05175,000851,평생교육법,14,시ㆍ군ㆍ자치구평생교육협의회,④ 시·군·구협의회의 구성·운영 등에 필요한 사항은 지방자치단체의 조례로 정한다.,조례로,위임자치법규,조례,자치법규,서울특별시 서초구 평생교육진흥 조례
P06117,000851,평생교육법,28,평생교육기관의 설치자,③ 제2조제2호가목에 따른 평생교육기관의 설치자는 특별시ㆍ광역시ㆍ특별자치시ㆍ도ㆍ특별자치도(이하 “시ㆍ도”라 한다)의 조례로 정하는 바에 따라 평생교육시설의 운영과 관련하여 그 시설의 이용자에게 발생한 생명ㆍ신체상의 손해를 배상할 것을 내용으로 하는 보험가입 또는 공제사업에의 가입 등 필요한 안전조치를 하여야 한다,조례로,위임자치법규,조례,자치법규,울산광역시 평생교육진흥 조례
P07328,005397,학원의 설립ㆍ운영 및 과외교습에 관한 법률 시행령,5,숙박시설을 갖춘 학교교과교습학원의 등록,"2. 특별시·광역시·특별자치시·도 및 특별자치도(이하 ""시·도""라 한다)의 조례에서 정하는 유치원, 초등학교, 중학교 및 고등학교 또는 이에 준하는 학교에 재학하는 학생에 대한 교습 제한기준을 충족할 것",조례에서,위임자치법규,조례,자치법규,제주특별자치도 학원의 설립ㆍ운영 및 과외교습에 관한 조례
P01093,013984,대안교육기관에 관한 법률,20,지도ㆍ감독 등,"② 교육감 및 지방자치단체의 장이 제1항에 따른 지도ㆍ감독을 위하여 필요하면 조례로 정하는 바에 따라 해당 대안교육기관의 설립ㆍ운영자에게 제1항과 관련된 자료의 제출을 요구하거나 관계 공무원에게 해당 시설에 출입하여 그 시설ㆍ설비, 장부 등을 검사하게 할 수 있다.",조례로,위임자치법규,조례,자치법규,춘천시 학교 밖 청소년 지원 조례
P03747,005061,지방교육행정기관의 행정기구와 정원기준 등에 관한 규정,20,정원의 규정,① 시·도 교육청에 두는 지방공무원 정원의 총수는 다음 각 호의 구분에 따라 해당 시·도의 조례로 정한다.,구분에 따라 해당 시.도의 조례로,위임자치법규,조례,자치법규,대전광역시교육감 소속 지방공무원 정원 조례
P01284,014226,대안교육기관에 관한 법률 시행령,7,대안교육기관에 대한 경비 지원,④ 제1항부터 제3항까지의 규정에서 정한 사항 외에 대안교육기관에 대한 경비 지원에 필요한 사항은 해당 지방자치단체의 조례로 정한다.,조례로,위임자치법규,조례,자치법규,부산광역시 학교 밖 청소년 지원 조례
P04473,005238,초ㆍ중등교육법 시행령,62,조례 등에의 위임,"국·공립학교에 두는 운영위원회의 구성 및 운영에 관하여 이 영에서 규정하지 아니한 사항은 국립학교의 경우에는 학칙으로, 공립학교의 경우에는 시·도의 조례로 정한다.",조례로,위임자치법규,조례,자치법규,전북특별자치도 도립학교 운영위원회 설치ㆍ운영에 관한 조례
P01206,014226,대안교육기관에 관한 법률 시행령,7,대안교육기관에 대한 경비 지원,④ 제1항부터 제3항까지의 규정에서 정한 사항 외에 대안교육기관에 대한 경비 지원에 필요한 사항은 해당 지방자치단체의 조례로 정한다.,조례로,위임자치법규,조례,자치법규,인천광역시 계양구 학교 밖 청소년 지원 조례
P06583,000889,학교급식법,5,학교급식위원회 등,⑤제3항의 규정에 따른 학교급식지원심의위원회의 구성ㆍ운영과 제4항의 규정에 따른 학교급식지원센터의 설치ㆍ운영에 관하여 필요한 사항은 해당지방자치단체의 조례로 정한다.,조례로,위임자치법규,조례,자치법규,고흥군 학교급식 식재료 사용 및 지원에 관한 조례
P04305,000900,초ㆍ중등교육법,60,통학 지원,② 제1항에 따른 통학 지원에 필요한 사항은 해당 시ㆍ도의 조례로 정한다.,조례로,위임자치법규,조례,자치법규,전북특별자치도 작은 학교 지원에 관한 조례
P00468,006562,교육감 소속 지방공무원 평정규칙,23,자격증 등의 가산점,2. 영 제17조제1항제3호 후단에 따른 지방자치단체의 인사규칙에서 정하는 바에 따라 자격증 소지를 의무화하는 특수직급의 신규임용시험 또는 전직시험에 응시하여 임용된 사람의 해당 자격증,인사규칙에서,위임자치법규,,자치법규,제주특별자치도교육감 소속 지방공무원 인사 규칙
P06502,000889,학교급식법,5,학교급식위원회 등,⑤제3항의 규정에 따른 학교급식지원심의위원회의 구성ㆍ운영과 제4항의 규정에 따른 학교급식지원센터의 설치ㆍ운영에 관하여 필요한 사항은 해당지방자치단체의 조례로 정한다.,조례로,위임자치법규,조례,자치법규,청도군 친환경 학교급식 지원에 관한 조례
P06023,000851,평생교육법,21,읍ㆍ면ㆍ동 평생학습센터의 운영,② 제1항에 따른 읍·면·동 평생학습센터의 설치 또는 지정 및 운영에 관한 사항은 해당 지방자치단체의 조례로 정한다.,조례로,위임자치법규,조례,자치법규,논산시 평생교육 조례
P06972,000894,학교용지 확보 등에 관한 특례법,9,권한의 위임,① 시·도지사는 그 시·도의 조례로 정하는 바에 따라 제5조에 따른 부담금의 부과·징수에 관한 업무를 시장·군수·구청장(자치구의 구청장을 말한다)에게 위임할 수 있다.,조례로,위임자치법규,조례,자치법규,경상남도 학교용지부담금 부과ㆍ징수 및 사용에 관한 조례
P02450,007739,영유아보육법 시행규칙,27,부모모니터링단의 구성ㆍ운영 등,"⑦ 제1항부터 제6항까지에서 규정한 사항 외에 부모모니터링단의 구성, 운영 및 직무 수행 등에 관하여 필요한 사항은 해당 특별시ㆍ광역시ㆍ특별자치시ㆍ도ㆍ특별자치도 또는 시ㆍ군ㆍ구(자치구를 말한다)의 조례로 정한다.",조례로,위임자치법규,조례,자치법규,대구광역시 서구 어린이집 안전에 관한 조례
P06577,000889,학교급식법,5,학교급식위원회 등,⑤제3항의 규정에 따른 학교급식지원심의위원회의 구성ㆍ운영과 제4항의 규정에 따른 학교급식지원센터의 설치ㆍ운영에 관하여 필요한 사항은 해당지방자치단체의 조례로 정한다.,조례로,위임자치법규,조례,자치법규,고령군 학교급식 지원에 관한 조례
P04440,005238,초ㆍ중등교육법 시행령,59,의견 수렴 등,"① 국ㆍ공립학교에 두는 운영위원회는 다음 각 호의 어느 하나에 해당하는 사항을 심의하려는 경우 국립학교의 경우에는 학칙으로, 공립학교의 경우에는 시ㆍ도의 조례로 정하는 바에 따라 미리 학부모의 의견을 수렴해야 한다.",공립학교의 경우에는 시.도의 조례로,위임자치법규,조례,자치법규,대구광역시 공립 유치원 및 학교 운영위원회 설치ㆍ운영에 관한 조례
P06585,000889,학교급식법,5,학교급식위원회 등,⑤제3항의 규정에 따른 학교급식지원심의위원회의 구성ㆍ운영과 제4항의 규정에 따른 학교급식지원센터의 설치ㆍ운영에 관하여 필요한 사항은 해당지방자치단체의 조례로 정한다.,조례로,위임자치법규,조례,자치법규,담양군 학교급식 지원 조례
P04777,005238,초ㆍ중등교육법 시행령,90,특수목적고등학교 지정ㆍ운영위원회,② 제1항에 따른 특수목적고등학교 지정·운영위원회의 구성 및 운영에 필요한 사항은 시·도 교육규칙으로 정한다.,필요한 사항은 시.도 교육규칙으로 정한다,위임자치법규,조례,자치법규,강원특별자치도 특수목적고등학교 지정ㆍ운영위원회 규칙
P01133,014226,대안교육기관에 관한 법률 시행령,7,대안교육기관에 대한 경비 지원,④ 제1항부터 제3항까지의 규정에서 정한 사항 외에 대안교육기관에 대한 경비 지원에 필요한 사항은 해당 지방자치단체의 조례로 정한다.,조례로,위임자치법규,조례,자치법규,여주시 학교 밖 청소년 교육지원 조례
P04503,005238,초ㆍ중등교육법 시행령,67,중학교 입학 시기 등,"중학교 학생의 입학, 재취학 또는 편입학은 해당 학교의 교육과정 이수에 지장이 없는 범위에서 수시로 할 수 있다. 다만, 제77조제2항에 따라 시·도 조례로 정하는 지역에서의 편입학 시기는 교육감이 정할 수 있다.",조례로,위임자치법규,조례,자치법규,세종특별자치시교육감의 고등학교 입학전형 실시 지역 지정 및 해제에 관한 조례
P04786,005238,초ㆍ중등교육법 시행령,91,특성화고등학교,③ 제1항 및 제2항에서 규정한 사항 외에 특성화고등학교의 지정 및 운영에 필요한 사항은 시·도 교육규칙으로 정한다.,교육규칙으로,위임자치법규,조례,자치법규,대전광역시 특성화중ㆍ특목고ㆍ특성화고 및 자율학교등의 지정ㆍ운영에 관한 규칙
P04429,005238,초ㆍ중등교육법 시행령,59,의견 수렴 등,"① 국ㆍ공립학교에 두는 운영위원회는 다음 각 호의 어느 하나에 해당하는 사항을 심의하려는 경우 국립학교의 경우에는 학칙으로, 공립학교의 경우에는 시ㆍ도의 조례로 정하는 바에 따라 미리 학부모의 의견을 수렴해야 한다.",공립학교의 경우에는 시.도의 조례로,위임자치법규,조례,자치법규,경기도립 학교운영위원회 설치ㆍ운영 조례
P05814,000851,평생교육법,21,시ㆍ군ㆍ구평생학습관 등의 설치ㆍ운영 등,④ 제1항 및 제2항에 따른 평생학습관의 설치·운영 등에 필요한 사항은 해당 지방자치단체의 조례로 정한다.,조례로,위임자치법규,조례,자치법규,논산시 평생교육 조례
P01981,011331,어린이ㆍ노인 및 장애인 보호구역의 지정 및 관리에 관한 규칙,2,정의,바. 그 밖에 어린이가 자주 왕래하는 곳으로서 조례로 정하는 시설 또는 장소,어린이가 자주 왕래하는 곳으로서 조례로,위임자치법규,조례,자치법규,부산광역시 기장군 어린이 통학로 교통안전을 위한 조례
P07303,000850,학원의 설립ㆍ운영 및 과외교습에 관한 법률,17,행정처분,④ 제1항부터 제3항까지에 따른 행정처분의 기준과 그 밖에 필요한 사항은 조례로 정한다.,조례로,위임자치법규,조례,자치법규,광주광역시 학원의 설립ㆍ운영 및 과외교습에 관한 조례
P01884,011331,어린이ㆍ노인 및 장애인 보호구역의 지정 및 관리에 관한 규칙,2,정의,바. 그 밖에 어린이가 자주 왕래하는 곳으로서 조례로 정하는 시설 또는 장소,어린이가 자주 왕래하는 곳으로서 조례로,위임자치법규,조례,자치법규,충청남도 어린이통학로 교통안전에 관한 조례
P06980,005383,학교용지 확보 등에 관한 특례법 시행령,5,학교용지부담금의 부과ㆍ징수의 절차 등,"⑤ 제1항부터 제4항까지의 규정에서 정한 사항 외에 납부고지서의 서식, 그 밖에 부담금의 부과ㆍ징수에 필요한 사항은 특별시ㆍ광역시ㆍ특별자치시ㆍ도 또는 특별자치도(이하 “시ㆍ도”라 한다)의 조례로 정한다.",조례로,위임자치법규,조례,자치법규,전북특별자치도 학교용지부담금 부과ㆍ징수 및 특별회계 설치 조례
P03897,004071,지방자치단체의 교육경비 보조에 관한 규정,4,보조의 신청등,①지방자치단체의 장은 해당 연도 보조사업에 대하여 각급학교의 장에게 보조대상사업 및 그 예산액을 통지하고 보조신청서를 제출하도록 하여야 한다. 이 경우 해당 지방자치단체의 조례로 정하는 바에 따라 관할 교육감 또는 교육장을 거쳐 보조대상사업 및 그 예산액을 통지하거나 보조신청서를 제출하게 할 수 있다.,조례로,위임자치법규,조례,자치법규,안성시 교육경비 보조 및 교육협력에 관한 조례
P03475,005059,지방교육자치에 관한 법률 시행령,2,법제심의위원회,⑧이 영에 규정된 것 외에 위원회의 구성·운영에 필요한 사항은 각 시·도의 교육규칙으로 정한다.,시.도의 교육규칙으로,위임자치법규,조례,자치법규,전라남도 교육ㆍ학예에 관한 법제심의위원회 규칙
P04045,000900,초ㆍ중등교육법,10,수업료 등,"② 제1항에 따른 수업료와 그 밖의 납부금을 거두는 방법 등에 필요한 사항은 국립학교의 경우에는 교육부령으로 정하고, 공립·사립 학교의 경우에는 특별시·광역시·특별자치시·도·특별자치도(이하 ""시·도""라 한다)의 조례로 정한다. 이 경우 국민의 교육을 받을 권리를 본질적으로 침해하는 내용을 정하여서는 아니 된다.",조례로,위임자치법규,부령,자치법규,강원특별자치도 학교 수업료 및 입학금에 관한 조례
P01154,014226,대안교육기관에 관한 법률 시행령,7,대안교육기관에 대한 경비 지원,④ 제1항부터 제3항까지의 규정에서 정한 사항 외에 대안교육기관에 대한 경비 지원에 필요한 사항은 해당 지방자치단체의 조례로 정한다.,조례로,위임자치법규,조례,자치법규,서울특별시 서대문구 학교 밖 청소년 지원 조례
P04391,005238,초ㆍ중등교육법 시행령,58,국ㆍ공립학교 운영위원회의 구성,"④ 제2항 및 제3항에도 불구하고 다음 각 호의 구분에 따른 국ㆍ공립학교에 두는 운영위원회 위원의 구성비율은 국립학교의 경우에는 학칙으로, 공립학교의 경우에는 시ㆍ도의 조례로 정하는 범위에서 위원회규정으로 달리 정할 수 있다. 이 경우 학부모위원, 교원위원 및 지역위원은 각각 1명 이상 포함되어야 한다.",조례로,위임자치법규,조례,자치법규,울산광역시립학교 운영위원회 조례
P02366,007739,영유아보육법 시행규칙,24,국공립어린이집의 운영위탁,"⑨ 어린이집의 운영 위탁에 관한 구체적인 사항은 국립어린이집의 경우 교육부장관이 정하고, 공립어린이집의 경우 지방자치단체의 조례로 정한다.",조례로,위임자치법규,조례,자치법규,곡성군 영유아 보육 조례
P05872,000851,평생교육법,21,시ㆍ군ㆍ구평생학습관 등의 설치ㆍ운영 등,④ 제1항 및 제2항에 따른 평생학습관의 설치·운영 등에 필요한 사항은 해당 지방자치단체의 조례로 정한다.,조례로,위임자치법규,조례,자치법규,무주군 평생교육 진흥 조례
P01982,011331,어린이ㆍ노인 및 장애인 보호구역의 지정 및 관리에 관한 규칙,2,정의,바. 그 밖에 어린이가 자주 왕래하는 곳으로서 조례로 정하는 시설 또는 장소,어린이가 자주 왕래하는 곳으로서 조례로,위임자치법규,조례,자치법규,부산광역시 강서구 어린이 통학로 교통안전을 위한 조례
P05784,000851,평생교육법,21,시ㆍ군ㆍ구평생학습관 등의 설치ㆍ운영 등,④ 제1항 및 제2항에 따른 평생학습관의 설치·운영 등에 필요한 사항은 해당 지방자치단체의 조례로 정한다.,조례로,위임자치법규,조례,자치법규,장성군 평생교육 진흥 조례
P03616,005061,지방교육행정기관의 행정기구와 정원기준 등에 관한 규정,12,직속기관 등의 하부조직 설치,"③ 직속기관과 교육지원청 소속 기관의 장의 직급, 하부조직 및 그 사무 분장에 관한 사항은 해당 시ㆍ도의 조례 또는 조례의 위임에 따른 교육규칙으로 정한다.",교육규칙으로,위임자치법규,조례,자치법규,제주특별자치도교육청 행정기구 설치 조례 시행규칙
P03381,000898,지방교육자치에 관한 법률,33,공무원의 배치,"①제30조제5항의 보조기관과 제32조의 교육기관 및 제34조의 하급교육행정기관에는 제38조의 규정에 따른 해당 시·도의 교육비특별회계가 부담하는 경비로써 지방공무원을 두되, 그 정원은 법령에서 정한 기준에 따라 조례로 정한다.",조례로,위임자치법규,조례,자치법규,대구광역시교육감 소속 지방공무원 정원 조례
P05292,000851,평생교육법,14,시ㆍ군ㆍ자치구평생교육협의회,④ 시·군·구협의회의 구성·운영 등에 필요한 사항은 지방자치단체의 조례로 정한다.,조례로,위임자치법규,조례,자치법규,파주시 평생교육진흥 조례
P07292,000850,학원의 설립ㆍ운영 및 과외교습에 관한 법률,17,행정처분,④ 제1항부터 제3항까지에 따른 행정처분의 기준과 그 밖에 필요한 사항은 조례로 정한다.,조례로,위임자치법규,조례,자치법규,인천광역시 학원의 설립ㆍ운영 및 과외교습에 관한 조례
P04158,000900,초ㆍ중등교육법,30,학교회계의 설치,"⑤ 학교회계의 설치에 필요한 사항은 국립학교의 경우에는 교육부령으로, 공립학교의 경우에는 시·도의 교육규칙으로 정한다.",교육규칙으로,위임자치법규,부령,자치법규,경기도 공립학교회계 규칙
P05361,000851,평생교육법,14,시ㆍ군ㆍ자치구평생교육협의회,④ 시·군·구협의회의 구성·운영 등에 필요한 사항은 지방자치단체의 조례로 정한다.,조례로,위임자치법규,조례,자치법규,고창군 평생교육진흥에 관한 조례
P07318,005397,학원의 설립ㆍ운영 및 과외교습에 관한 법률 시행령,5,숙박시설을 갖춘 학교교과교습학원의 등록,"2. 특별시·광역시·특별자치시·도 및 특별자치도(이하 ""시·도""라 한다)의 조례에서 정하는 유치원, 초등학교, 중학교 및 고등학교 또는 이에 준하는 학교에 재학하는 학생에 대한 교습 제한기준을 충족할 것",조례에서,위임자치법규,조례,자치법규,세종특별자치시교육청 학원의 설립ㆍ운영 및 과외교습에 관한 조례
P04837,005238,초ㆍ중등교육법 시행령,91,자율형 공립고등학교,"③ 자율형 공립고등학교는 5년 이내로 지정ㆍ운영하되, 시ㆍ도 교육규칙으로 정하는 바에 따라 5년의 범위에서 연장할 수 있다.",교육규칙으로,위임자치법규,조례,자치법규,부산광역시 자율학교등 지정ㆍ운영에 관한 규칙
P04677,005238,초ㆍ중등교육법 시행령,84,후기학교의 신입생 선발 및 배정방법,"⑦제2항 본문에 따른 후기학교의 추첨ㆍ배정에 관하여 교육감의 자문에 응하게 하기 위하여 학교군별로 고등학교입학추첨관리위원회를 두며, 그 조직과 운영에 관한 사항은 시ㆍ도 교육규칙으로 정한다.",교육규칙으로,위임자치법규,조례,자치법규,인천광역시 고등학교입학추첨관리위원회 규칙
P04653,005238,초ㆍ중등교육법 시행령,84,후기학교의 신입생 선발 및 배정방법,④제77조제2항에 따라 시ㆍ도 조례로 정하는 지역의 후기학교 야간부 신입생은 교육감이 각 학교에 통보한 입학전형에 관한 자료에 따라 당해 학교의 장이 선발한다.,조례로 정하는 지역의 후기학교 야간부,위임자치법규,조례,자치법규,서울특별시교육감의 고등학교 입학전형 실시 지역 지정 및 해제에 관한 조례
P04186,000900,초ㆍ중등교육법,32,기능,14. 그 밖에 대통령령이나 시ㆍ도의 조례로 정하는 사항,조례로,위임자치법규,대통령령,자치법규,경상남도립학교 운영위원회 운영 조례
P05651,000851,평생교육법,16,경비보조 및 지원,② 지방자치단체의 장은 해당 지방자치단체의 조례로 정하는 바에 따라 주민을 위한 평생교육진흥사업을 실시하거나 지원할 수 있다. 이 경우 교육감 또는 지역교육장과 협의하여야 한다.,조례로,위임자치법규,조례,자치법규,남동구 평생교육 진흥 조례
P06665,005377,학교급식법 시행령,17,권한의 위임,"교육감은 법 제20조에 따라 법 제19조에 따른 출입·검사·수거 등, 법 제21조에 따른 행정처분 등의 요청 및 법 제25조에 따른 과태료 부과·징수권한을 조례로 정하는 바에 따라 교육장에게 위임할 수 있다.",조례로,위임자치법규,조례,자치법규,부산광역시교육감 행정권한의 위임ㆍ위탁에 관한 조례
P05178,000851,평생교육법,14,시ㆍ군ㆍ자치구평생교육협의회,④ 시·군·구협의회의 구성·운영 등에 필요한 사항은 지방자치단체의 조례로 정한다.,조례로,위임자치법규,조례,자치법규,안산시 평생교육진흥 조례
P02542,009621,유아교육법,11,입학,"② 원장은 교육 목적에 적합한 범위에서 유치원규칙으로 정하는 바에 따라 공정하고 투명한 방법으로 유치원에 입학할 유아를 모집·선발하여야 한다. 다만, 제3항에 따른 조례에서 모집·선발 시기 등을 달리 정한 경우에는 이에 따라야 한다.",조례에서,위임자치법규,조례,자치법규,인천광역시 유치원 유아모집ㆍ선발에 관한 조례
P05566,000851,평생교육법,16,경비보조 및 지원,② 지방자치단체의 장은 해당 지방자치단체의 조례로 정하는 바에 따라 주민을 위한 평생교육진흥사업을 실시하거나 지원할 수 있다. 이 경우 교육감 또는 지역교육장과 협의하여야 한다.,조례로,위임자치법규,조례,자치법규,의령군 평생교육 진흥 조례
P05737,000851,평생교육법,21,시ㆍ군ㆍ구평생학습관 등의 설치ㆍ운영 등,④ 제1항 및 제2항에 따른 평생학습관의 설치·운영 등에 필요한 사항은 해당 지방자치단체의 조례로 정한다.,조례로,위임자치법규,조례,자치법규,영광군 평생교육 진흥 조례
P04510,005238,초ㆍ중등교육법 시행령,70,중학교입학추첨관리위원회,"②제1항의 규정에 의한 중학교입학추첨관리위원회는 교육장이 임명 또는 위촉하는 5인 내지 7인의 위원으로 구성하되, 그 구성 및 운영에 관하여 필요한 사항은 시·도별 교육규칙으로 정한다.",시.도별 교육규칙으로,위임자치법규,조례,자치법규,세종특별자치시 학교군별 중학교 입학추첨관리위원회 규칙
P05932,000851,평생교육법,21,시ㆍ군ㆍ구평생학습관 등의 설치ㆍ운영 등,④ 제1항 및 제2항에 따른 평생학습관의 설치·운영 등에 필요한 사항은 해당 지방자치단체의 조례로 정한다.,조례로,위임자치법규,조례,자치법규,부산광역시 수영구 평생교육 진흥 조례
P04344,005238,초ㆍ중등교육법 시행령,13,고등학교 등의 무상교육 예외,"법 제10조의2제3항에서 ""대통령령으로 정하는 사립학교""란 법 제10조제2항에 따른 시ㆍ도의 조례에서 수업료와 그 밖의 납부금을 해당 학교의 장이 정하도록 한 사립학교를 말한다.",조례에서,위임자치법규,대통령령,자치법규,충청남도 학교 수업료 및 입학금에 관한 조례
P06090,000851,평생교육법,21,읍ㆍ면ㆍ동 평생학습센터의 운영,② 제1항에 따른 읍·면·동 평생학습센터의 설치 또는 지정 및 운영에 관한 사항은 해당 지방자치단체의 조례로 정한다.,조례로,위임자치법규,조례,자치법규,부산광역시 남구 평생학습 조례
P00715,011529,교육국제화특구의 지정ㆍ운영 및 육성에 관한 특별법,9,실시계획심의위원회,3. 그 밖에 특구 조성사업에 필요한 사항으로서 조례로 정하는 사항,조례로 정하는,위임자치법규,조례,자치법규,인천광역시 교육국제화특구실시계획심의위원회 구성 및 운영에 관한 조례
P03390,000898,지방교육자치에 관한 법률,33,공무원의 배치,"①제30조제5항의 보조기관과 제32조의 교육기관 및 제34조의 하급교육행정기관에는 제38조의 규정에 따른 해당 시·도의 교육비특별회계가 부담하는 경비로써 지방공무원을 두되, 그 정원은 법령에서 정한 기준에 따라 조례로 정한다.",조례로,위임자치법규,조례,자치법규,충청남도교육감 소속 지방공무원 정원 조례
P01415,003583,방송통신중학교 및 방송통신고등학교 설치기준령,3,교육과정,"② 방송통신중학교와 방송통신고등학교의 교과에 관하여는 「초·중등교육법 시행령」 제43조를 준용한다. 이 경우 각 교과의 교수(敎授) 요지, 과목, 수업시간수, 그 밖에 학습활동에 관한 사항은 국립 방송통신중학교 및 방송통신고등학교는 교육부장관이 정하고, 공립 방송통신중학교 및 방송통신고등학교는 시·도의 교육규칙으로 정한다.",시.도의 교육규칙으로,위임자치법규,조례,자치법규,대구광역시 방송통신중학교 및 방송통신고등학교 운영 규칙
P04729,005238,초ㆍ중등교육법 시행령,89,고등학교의 전학 등,"②제1항의 규정에 불구하고 일반고등학교 주간부에서 제77조제2항에 따라 시·도 조례로 정하는 지역에 소재하는 일반고등학교 주간부로의 전학의 경우에는 전학하려는 사람의 거주지가 학교군 또는 시·도가 다른 지역에서 이전된 경우에 한정하며, 교육감이 전학할 학교를 배정한다. 이 경우 거주지가 이전된 사람중 당해 학교군에 소재하는 학교에 결원이 없고 인근학교군에 소재하는 학교에 결원이 있는 경우로서 본인이 원하는 때에는 거주지의 인근 학교군에 소재하는 학교로의 전학을 허용할 수 있다.",조례로,위임자치법규,조례,자치법규,충청남도교육감이 고등학교의 입학전형을 실시하는 지역에 관한 조례
P04617,005238,초ㆍ중등교육법 시행령,79,고등학교입학전형위원회,②고등학교입학전형위원회의 조직 및 운영에 관한 사항은 시ㆍ도 교육규칙으로 정한다.,관한 사항은 시.도 교육규칙으로 정한다,위임자치법규,조례,자치법규,경상북도고등학교입학전형위원회 규칙
P03399,000898,지방교육자치에 관한 법률,34,하급교육행정기관의 설치 등,"②교육지원청의 관할구역과 위치는 시ㆍ도의 조례로 정하고, 명칭은 대통령령으로 정하는 범위에서 시ㆍ도의 조례로 정한다.",명칭은 대통령령으로 정하는 범위에서 시ㆍ도의 조례로 정한다,위임자치법규,대통령령,자치법규,울산광역시교육청 행정기구 설치 조례
P06631,000889,학교급식법,5,학교급식위원회 등,⑤제3항의 규정에 따른 학교급식지원심의위원회의 구성ㆍ운영과 제4항의 규정에 따른 학교급식지원센터의 설치ㆍ운영에 관하여 필요한 사항은 해당지방자치단체의 조례로 정한다.,조례로,위임자치법규,조례,자치법규,보성군 학교급식 식재료 사용 및 지원에 관한 조례
P01948,011331,어린이ㆍ노인 및 장애인 보호구역의 지정 및 관리에 관한 규칙,2,정의,바. 그 밖에 어린이가 자주 왕래하는 곳으로서 조례로 정하는 시설 또는 장소,어린이가 자주 왕래하는 곳으로서 조례로,위임자치법규,조례,자치법규,구리시 어린이 통학로 교통안전을 위한 조례
P04830,005238,초ㆍ중등교육법 시행령,91,자율형 공립고등학교,"③ 자율형 공립고등학교는 5년 이내로 지정ㆍ운영하되, 시ㆍ도 교육규칙으로 정하는 바에 따라 5년의 범위에서 연장할 수 있다.",교육규칙으로,위임자치법규,조례,자치법규,충청북도 자율학교 등 지정ㆍ운영에 관한 규칙
P05347,000851,평생교육법,14,시ㆍ군ㆍ자치구평생교육협의회,④ 시·군·구협의회의 구성·운영 등에 필요한 사항은 지방자치단체의 조례로 정한다.,조례로,위임자치법규,조례,자치법규,울산광역시 동구 평생교육 진흥 조례
P04620,005238,초ㆍ중등교육법 시행령,79,고등학교입학전형위원회,②고등학교입학전형위원회의 조직 및 운영에 관한 사항은 시ㆍ도 교육규칙으로 정한다.,관한 사항은 시.도 교육규칙으로 정한다,위임자치법규,조례,자치법규,대전광역시고등학교입학전형위원회규칙
P03630,005061,지방교육행정기관의 행정기구와 정원기준 등에 관한 규정,12,직속기관 등의 하부조직 설치,"③ 직속기관과 교육지원청 소속 기관의 장의 직급, 하부조직 및 그 사무 분장에 관한 사항은 해당 시ㆍ도의 조례 또는 조례의 위임에 따른 교육규칙으로 정한다.",시.도의 조례,위임자치법규,조례,자치법규,광주광역시교육청 행정기구 설치 조례
P00479,006562,교육감 소속 지방공무원 평정규칙,23,자격증 등의 가산점,2. 영 제17조제1항제3호 후단에 따른 지방자치단체의 인사규칙에서 정하는 바에 따라 자격증 소지를 의무화하는 특수직급의 신규임용시험 또는 전직시험에 응시하여 임용된 사람의 해당 자격증,인사규칙에서,위임자치법규,,자치법규,경상북도교육감 소속 지방공무원 인사규칙
P06828,010380,학교안전사고 예방 및 보상에 관한 법률,10,학교 밖 교육활동에 대한 안전 관리 및 지원 등,③ 그 밖에 보조인력의 배치 기준ㆍ방법 등에 관한 세부적인 사항은 시ㆍ도의 조례로 정한다.,시.도의 조례로,위임자치법규,조례,자치법규,충청남도교육청 현장체험학습 학생안전관리에 관한 조례
P01388,003583,방송통신중학교 및 방송통신고등학교 설치기준령,3,교육과정,"① 국립 방송통신고등학교에 두는 학과는 교육부장관이 정하고, 공립 방송통신고등학교에 두는 학과는 특별시·광역시·특별자치시·도 및 특별자치도(이하 ""시·도""라 한다)의 교육규칙으로 정한다.",한다\)의 교육규칙으로,위임자치법규,조례,자치법규,울산광역시 방송통신중ㆍ고등학교 운영규칙
P03483,005059,지방교육자치에 관한 법률 시행령,2,법제심의위원회,⑧이 영에 규정된 것 외에 위원회의 구성·운영에 필요한 사항은 각 시·도의 교육규칙으로 정한다.,시.도의 교육규칙으로,위임자치법규,조례,자치법규,광주광역시 교육ㆍ학예에 관한 법제사무처리 규칙
P07404,008606,학원의 설립ㆍ운영 및 과외교습에 관한 법률 시행규칙,17,포상금의 지급기준 등,"⑥ 심의위원회의 설치·운영에 관한 사항, 증거자료의 요건, 그 밖에 포상금의 지급 및 기준에 관하여 필요한 사항은 시·도 교육규칙으로 정한다.",교육규칙으로,위임자치법규,조례,자치법규,경상남도 학원의 설립ㆍ운영 및 과외교습에 관한 조례 시행규칙
P05640,000851,평생교육법,16,경비보조 및 지원,② 지방자치단체의 장은 해당 지방자치단체의 조례로 정하는 바에 따라 주민을 위한 평생교육진흥사업을 실시하거나 지원할 수 있다. 이 경우 교육감 또는 지역교육장과 협의하여야 한다.,조례로,위임자치법규,조례,자치법규,대구광역시 군위군 평생학습 조례
P06928,000894,학교용지 확보 등에 관한 특례법,5,학교용지부담금특별회계의 설치,⑥ 특별회계의 설치 및 운용·관리 등에 필요한 사항은 해당 시·도의 조례로 정한다.,조례로 정한다,위임자치법규,조례,자치법규,충청남도 학교용지부담금 부과ㆍ징수 및 특별회계 설치 조례
P01256,014226,대안교육기관에 관한 법률 시행령,7,대안교육기관에 대한 경비 지원,④ 제1항부터 제3항까지의 규정에서 정한 사항 외에 대안교육기관에 대한 경비 지원에 필요한 사항은 해당 지방자치단체의 조례로 정한다.,조례로,위임자치법규,조례,자치법규,광주광역시 인재양성을 위한 교육지원 조례
P03833,004071,지방자치단체의 교육경비 보조에 관한 규정,4,보조의 신청등,①지방자치단체의 장은 해당 연도 보조사업에 대하여 각급학교의 장에게 보조대상사업 및 그 예산액을 통지하고 보조신청서를 제출하도록 하여야 한다. 이 경우 해당 지방자치단체의 조례로 정하는 바에 따라 관할 교육감 또는 교육장을 거쳐 보조대상사업 및 그 예산액을 통지하거나 보조신청서를 제출하게 할 수 있다.,조례로,위임자치법규,조례,자치법규,횡성군 교육발전 기본조례
P05985,000851,평생교육법,21,읍ㆍ면ㆍ동 평생학습센터의 운영,② 제1항에 따른 읍·면·동 평생학습센터의 설치 또는 지정 및 운영에 관한 사항은 해당 지방자치단체의 조례로 정한다.,조례로,위임자치법규,조례,자치법규,포천시 평생학습 조례
P03423,000898,지방교육자치에 관한 법률,35,교육장의 분장 사무,2. 그 밖에 조례로 정하는 사무,조례로,위임자치법규,조례,자치법규,인천광역시교육감 행정권한의 위임에 관한 조례
P01439,007200,방송통신중학교 및 방송통신고등학교 설치기준령 시행규칙,10,수업료 등,"② 공립 방송통신중학교 및 방송통신고등학교의 수업료등은 특별시·광역시·특별자치시·도 및 특별자치도(이하 ""시·도""라 한다)의 조례로 정한다. 다만, 수업료등의 금액은 해당 시·도의 조례에 따라 정해진 공립 고등학교의 수업료등의 금액보다 적어야 한다.",조례로,위임자치법규,조례,자치법규,울산광역시 학교 수업료 및 입학금에 관한 조례
P04925,005238,초ㆍ중등교육법 시행령,105,자율학교등 지정ㆍ운영위원회,② 제1항에 따른 자율학교등 지정·운영위원회의 구성 및 운영에 필요한 사항은 시·도 교육규칙으로 정한다.,필요한 사항은 시.도 교육규칙으로 정한다,위임자치법규,조례,자치법규,부산광역시 자율학교등 지정ㆍ운영에 관한 규칙
P07323,005397,학원의 설립ㆍ운영 및 과외교습에 관한 법률 시행령,5,숙박시설을 갖춘 학교교과교습학원의 등록,"② 제1항에 따른 숙박시설의 위치, 환경기준, 시설·설비기준, 영양사 및 생활지도 담당인력 배치기준 등에 관한 사항은 지역적 여건과 학원의 규모 등을 고려하여 시·도 조례로 정한다.",시.도 조례로,위임자치법규,조례,자치법규,충청북도 학원의 설립ㆍ운영 및 과외교습에 관한 조례
P01849,011331,어린이ㆍ노인 및 장애인 보호구역의 지정 및 관리에 관한 규칙,2,정의,마. 그 밖에 노인이 자주 왕래하는 곳으로서 조례로 정하는 시설 또는 장소,노인이 자주 왕래하는 곳으로서 조례로,위임자치법규,조례,자치법규,영암군 어린이ㆍ노인 및 장애인 보호구역의 지정 및 관리에 관한 조례
P06002,000851,평생교육법,21,읍ㆍ면ㆍ동 평생학습센터의 운영,② 제1항에 따른 읍·면·동 평생학습센터의 설치 또는 지정 및 운영에 관한 사항은 해당 지방자치단체의 조례로 정한다.,조례로,위임자치법규,조례,자치법규,인천광역시 동구 평생교육진흥 조례
P01113,013984,대안교육기관에 관한 법률,20,지도ㆍ감독 등,"② 교육감 및 지방자치단체의 장이 제1항에 따른 지도ㆍ감독을 위하여 필요하면 조례로 정하는 바에 따라 해당 대안교육기관의 설립ㆍ운영자에게 제1항과 관련된 자료의 제출을 요구하거나 관계 공무원에게 해당 시설에 출입하여 그 시설ㆍ설비, 장부 등을 검사하게 할 수 있다.",조례로,위임자치법규,조례,자치법규,부산광역시 북구 학교 밖 청소년 지원에 관한 조례
P06072,000851,평생교육법,21,읍ㆍ면ㆍ동 평생학습센터의 운영,② 제1항에 따른 읍·면·동 평생학습센터의 설치 또는 지정 및 운영에 관한 사항은 해당 지방자치단체의 조례로 정한다.,조례로,위임자치법규,조례,자치법규,서울특별시 동대문구 평생교육진흥 조례
P03450,000898,지방교육자치에 관한 법률,41,지방교육행정협의회의 설치,②제1항의 규정에 따른 지방교육행정협의회의 구성·운영에 관하여 필요한 사항은 교육감과 시·도지사가 협의하여 조례로 정한다.,조례로,위임자치법규,조례,자치법규,경상북도 교육행정협의회 운영 조례
P02435,007739,영유아보육법 시행규칙,24,국공립어린이집의 운영위탁,"⑨ 어린이집의 운영 위탁에 관한 구체적인 사항은 국립어린이집의 경우 교육부장관이 정하고, 공립어린이집의 경우 지방자치단체의 조례로 정한다.",조례로,위임자치법규,조례,자치법규,부산광역시 동구 어린이집 관리 및 운영 조례
P05287,000851,평생교육법,14,시ㆍ군ㆍ자치구평생교육협의회,④ 시·군·구협의회의 구성·운영 등에 필요한 사항은 지방자치단체의 조례로 정한다.,조례로,위임자치법규,조례,자치법규,하남시 평생교육진흥 조례
P05503,000851,평생교육법,16,경비보조 및 지원,② 지방자치단체의 장은 해당 지방자치단체의 조례로 정하는 바에 따라 주민을 위한 평생교육진흥사업을 실시하거나 지원할 수 있다. 이 경우 교육감 또는 지역교육장과 협의하여야 한다.,조례로,위임자치법규,조례,자치법규,천안시 평생학습 조례
P03893,004071,지방자치단체의 교육경비 보조에 관한 규정,4,보조의 신청등,①지방자치단체의 장은 해당 연도 보조사업에 대하여 각급학교의 장에게 보조대상사업 및 그 예산액을 통지하고 보조신청서를 제출하도록 하여야 한다. 이 경우 해당 지방자치단체의 조례로 정하는 바에 따라 관할 교육감 또는 교육장을 거쳐 보조대상사업 및 그 예산액을 통지하거나 보조신청서를 제출하게 할 수 있다.,조례로,위임자치법규,조례,자치법규,밀양시 교육경비 보조에 관한 조례
P05471,000851,평생교육법,16,경비보조 및 지원,② 지방자치단체의 장은 해당 지방자치단체의 조례로 정하는 바에 따라 주민을 위한 평생교육진흥사업을 실시하거나 지원할 수 있다. 이 경우 교육감 또는 지역교육장과 협의하여야 한다.,조례로,위임자치법규,조례,자치법규,부산광역시 평생교육진흥 조례
P03389,000898,지방교육자치에 관한 법률,33,공무원의 배치,"①제30조제5항의 보조기관과 제32조의 교육기관 및 제34조의 하급교육행정기관에는 제38조의 규정에 따른 해당 시·도의 교육비특별회계가 부담하는 경비로써 지방공무원을 두되, 그 정원은 법령에서 정한 기준에 따라 조례로 정한다.",조례로,위임자치법규,조례,자치법규,제주특별자치도교육감 소속 지방공무원 정원 조례
P02838,009874,유아교육법 시행령,33,방과후 과정 운영 등에 대한 지원,② 특별시장·광역시장·특별자치시장·도지사·특별자치도지사 및 시장·군수·구청장은 조례로 정하는 바에 따라 제1항 각 호의 경비의 전부 또는 일부를 방과후 과정을 운영하거나 제12조에 따른 수업일수를 초과하여 운영하는 유치원에 지원할 수 있다.,조례로,위임자치법규,조례,자치법규,전북특별자치도 사립유치원 유아교육비 지원에 관한 조례
P06315,003751,평생교육법 시행령,73,시ㆍ도문해교육센터,"④ 제1항부터 제3항까지에서 규정한 사항 외에 시·도문해교육센터의 조직, 시설 및 지정 등에 필요한 사항은 해당 시·도의 조례로 정한다.",조례로,위임자치법규,조례,자치법규,충청북도 평생교육 진흥조례
P07211,000850,학원의 설립ㆍ운영 및 과외교습에 관한 법률,8,시설기준,"학원에는 교습과정별로 시·도의 조례로 정하는 단위시설별 기준에 따라 교습과 학습에 필요한 시설과 설비를 갖추고 유지하여야 한다. 다만, 학원의 소방시설은 소방 관계 법령으로 정하는 바에 따른다.",조례로,위임자치법규,조례,자치법규,경기도 학원의 설립ㆍ운영 및 과외교습에 관한 조례
P03662,005061,지방교육행정기관의 행정기구와 정원기준 등에 관한 규정,16,별정직 정원,"② 제1항에 따른 별정직 정원은 직무의 성격상 일반직 지방공무원으로 임용하기 곤란한 경우에만 교육감이 각 직무분야별·상당계급별로 책정하되, 그 수는 해당 시·도의 조례로 정하는 정원책정기준에 따라 최소한의 범위에 그쳐야 한다.",조례로,위임자치법규,조례,자치법규,서울특별시교육감 소속 지방공무원 정원 조례
P01106,013984,대안교육기관에 관한 법률,20,지도ㆍ감독 등,"② 교육감 및 지방자치단체의 장이 제1항에 따른 지도ㆍ감독을 위하여 필요하면 조례로 정하는 바에 따라 해당 대안교육기관의 설립ㆍ운영자에게 제1항과 관련된 자료의 제출을 요구하거나 관계 공무원에게 해당 시설에 출입하여 그 시설ㆍ설비, 장부 등을 검사하게 할 수 있다.",조례로,위임자치법규,조례,자치법규,광주시 학교 밖 청소년 지원 조례
P00400,000886,교원의 지위 향상 및 교육활동 보호를 위한 특별법,21,법률지원단의 구성 및 운영,② 제1항에 따른 법률지원단의 구성 및 운영에 필요한 사항은 교육부령 또는 시ㆍ도의 교육규칙으로 정한다.,교육규칙으로,위임자치법규,부령,자치법규,전북특별자치도교육청 교육활동 보호 법률지원단 구성 및 운영에 관한 규칙
P03914,004071,지방자치단체의 교육경비 보조에 관한 규정,4,보조의 신청등,①지방자치단체의 장은 해당 연도 보조사업에 대하여 각급학교의 장에게 보조대상사업 및 그 예산액을 통지하고 보조신청서를 제출하도록 하여야 한다. 이 경우 해당 지방자치단체의 조례로 정하는 바에 따라 관할 교육감 또는 교육장을 거쳐 보조대상사업 및 그 예산액을 통지하거나 보조신청서를 제출하게 할 수 있다.,조례로,위임자치법규,조례,자치법규,부산광역시 기장군 교육경비 보조에 관한 조례
P06630,000889,학교급식법,5,학교급식위원회 등,⑤제3항의 규정에 따른 학교급식지원심의위원회의 구성ㆍ운영과 제4항의 규정에 따른 학교급식지원센터의 설치ㆍ운영에 관하여 필요한 사항은 해당지방자치단체의 조례로 정한다.,조례로,위임자치법규,조례,자치법규,보은군 지역농산물 공공급식 지원에 관한 조례
P03425,000898,지방교육자치에 관한 법률,35,교육장의 분장 사무,2. 그 밖에 조례로 정하는 사무,조례로,위임자치법규,조례,자치법규,서울특별시교육감 행정권한의 위임에 관한 조례
P05215,000851,평생교육법,14,시ㆍ군ㆍ자치구평생교육협의회,④ 시·군·구협의회의 구성·운영 등에 필요한 사항은 지방자치단체의 조례로 정한다.,조례로,위임자치법규,조례,자치법규,밀양시 평생교육진흥 조례
P05748,000851,평생교육법,21,시ㆍ군ㆍ구평생학습관 등의 설치ㆍ운영 등,④ 제1항 및 제2항에 따른 평생학습관의 설치·운영 등에 필요한 사항은 해당 지방자치단체의 조례로 정한다.,조례로,위임자치법규,조례,자치법규,청주시 평생교육 진흥 조례
P05556,000851,평생교육법,16,경비보조 및 지원,② 지방자치단체의 장은 해당 지방자치단체의 조례로 정하는 바에 따라 주민을 위한 평생교육진흥사업을 실시하거나 지원할 수 있다. 이 경우 교육감 또는 지역교육장과 협의하여야 한다.,조례로,위임자치법규,조례,자치법규,완도군 평생교육 조례
P06076,000851,평생교육법,21,읍ㆍ면ㆍ동 평생학습센터의 운영,② 제1항에 따른 읍·면·동 평생학습센터의 설치 또는 지정 및 운영에 관한 사항은 해당 지방자치단체의 조례로 정한다.,조례로,위임자치법규,조례,자치법규,부산광역시 영도구 평생교육 진흥 조례
P06549,000889,학교급식법,5,학교급식위원회 등,⑤제3항의 규정에 따른 학교급식지원심의위원회의 구성ㆍ운영과 제4항의 규정에 따른 학교급식지원센터의 설치ㆍ운영에 관하여 필요한 사항은 해당지방자치단체의 조례로 정한다.,조례로,위임자치법규,조례,자치법규,김포시 학교급식 등 지원에 관한 조례
P06615,000889,학교급식법,5,학교급식위원회 등,⑤제3항의 규정에 따른 학교급식지원심의위원회의 구성ㆍ운영과 제4항의 규정에 따른 학교급식지원센터의 설치ㆍ운영에 관하여 필요한 사항은 해당지방자치단체의 조례로 정한다.,조례로,위임자치법규,조례,자치법규,대구광역시 달성군 학교급식 지원 조례
P05468,000851,평생교육법,16,경비보조 및 지원,② 지방자치단체의 장은 해당 지방자치단체의 조례로 정하는 바에 따라 주민을 위한 평생교육진흥사업을 실시하거나 지원할 수 있다. 이 경우 교육감 또는 지역교육장과 협의하여야 한다.,조례로,위임자치법규,조례,자치법규,봉화군 평생교육 진흥 조례
P07362,005397,학원의 설립ㆍ운영 및 과외교습에 관한 법률 시행령,10,일시 수용능력 초과 교습의 금지 등,③ 제1항에도 불구하고 실험·실습 또는 실기 교습이 필요한 학원에서 같은 교습과목을 같은 시간에 같은 장소에서 교습받을 수 있는 학습자의 수는 시·도의 조례로 정한다.,조례로,위임자치법규,조례,자치법규,경상남도 학원의 설립ㆍ운영 및 과외교습에 관한 조례
P01237,014226,대안교육기관에 관한 법률 시행령,7,대안교육기관에 대한 경비 지원,④ 제1항부터 제3항까지의 규정에서 정한 사항 외에 대안교육기관에 대한 경비 지원에 필요한 사항은 해당 지방자치단체의 조례로 정한다.,조례로,위임자치법규,조례,자치법규,단양군 학교 밖 청소년 지원 조례
P03312,000898,지방교육자치에 관한 법률,29,시ㆍ도의회의 교육ㆍ학예에 관한 사무의 지원,① 시·도의회의 교육·학예에 관한 사무를 처리하기 위하여 조례로 정하는 바에 따라 시·도의회의 사무처에 지원조직과 사무직원을 둔다.,조례로,위임자치법규,조례,자치법규,전북특별자치도교육감 소속 지방공무원 정원 조례
P04628,005238,초ㆍ중등교육법 시행령,79,고등학교입학전형위원회,②고등학교입학전형위원회의 조직 및 운영에 관한 사항은 시ㆍ도 교육규칙으로 정한다.,관한 사항은 시.도 교육규칙으로 정한다,위임자치법규,조례,자치법규,제주특별자치도 고등학교 입학전형위원회 규칙
P04692,005238,초ㆍ중등교육법 시행령,84,후기학교의 신입생 선발 및 배정방법,"②제77조제2항에 따라 시ㆍ도 조례로 정하는 지역의 후기학교 주간부 신입생은 고등학교 학교군별로 추첨에 의하여 교육감이 각 고등학교에 배정하되, 제81조제5항에 따라 2이상의 학교를 선택하여 지원한 경우에는 그 입학지원자 중에서 추첨에 의하여 해당 학교 정원의 전부 또는 일부를 배정할 수 있다. 다만, 제90조제1항제6호에 해당하는 특수목적고등학교 및 제91조의4에 따른 자율형 사립고등학교의 신입생은 해당 학교의 장이 선발한다.",조례로 정하는 지역의 후기학교 주간부,위임자치법규,조례,자치법규,전북특별자치도교육감의 고등학교 입학전형 실시 지역 지정 및 해제에 관한 조례
P05628,000851,평생교육법,16,경비보조 및 지원,② 지방자치단체의 장은 해당 지방자치단체의 조례로 정하는 바에 따라 주민을 위한 평생교육진흥사업을 실시하거나 지원할 수 있다. 이 경우 교육감 또는 지역교육장과 협의하여야 한다.,조례로,위임자치법규,조례,자치법규,대전광역시 동구 평생학습 지원 조례
P04462,005238,초ㆍ중등교육법 시행령,60,소위원회,"② 제1항에 따른 소위원회의 구성 및 운영에 필요한 사항은 국립학교의 경우에는 학칙으로, 공립학교의 경우에는 시·도의 조례로 정한다.",조례로,위임자치법규,조례,자치법규,대전광역시립 학교운영위원회 구성 및 운영에 관한 조례
P02005,000191,영유아보육법,6,보육정책위원회,"① 보육에 관한 각종 정책ㆍ사업ㆍ보육지도 및 어린이집 평가에 관한 사항 등을 심의하기 위하여 교육부에 중앙보육정책위원회를, 특별시ㆍ광역시ㆍ특별자치시ㆍ도ㆍ특별자치도(이하 “시ㆍ도”라 한다) 및 시ㆍ군ㆍ구(자치구를 말한다. 이하 같다)에 지방보육정책위원회를 둔다. 다만, 지방보육정책위원회는 그 기능을 담당하기에 적합한 다른 위원회가 있고 그 위원회의 위원이 제2항에 따른 자격을 갖춘 경우에는 시ㆍ도 또는 시ㆍ군ㆍ구의 조례로 정하는 바에 따라 그 위원회가 지방보육정책위원회의 기능을 대신할 수 있다.",조례로,위임자치법규,조례,자치법규,예산군 지역사회보장협의체 구성 및 운영 조례
P03837,004071,지방자치단체의 교육경비 보조에 관한 규정,4,보조의 신청등,①지방자치단체의 장은 해당 연도 보조사업에 대하여 각급학교의 장에게 보조대상사업 및 그 예산액을 통지하고 보조신청서를 제출하도록 하여야 한다. 이 경우 해당 지방자치단체의 조례로 정하는 바에 따라 관할 교육감 또는 교육장을 거쳐 보조대상사업 및 그 예산액을 통지하거나 보조신청서를 제출하게 할 수 있다.,조례로,위임자치법규,조례,자치법규,홍천군 교육경비 보조에 관한 조례
P03360,000898,지방교육자치에 관한 법률,32,교육기관의 설치,교육감은 그 소관 사무의 범위 안에서 필요한 때에는 대통령령 또는 조례로 정하는 바에 따라 교육기관을 설치할 수 있다.,조례로,위임자치법규,대통령령,자치법규,충청남도 도립학교 설치 조례
P03816,004071,지방자치단체의 교육경비 보조에 관한 규정,4,보조의 신청등,①지방자치단체의 장은 해당 연도 보조사업에 대하여 각급학교의 장에게 보조대상사업 및 그 예산액을 통지하고 보조신청서를 제출하도록 하여야 한다. 이 경우 해당 지방자치단체의 조례로 정하는 바에 따라 관할 교육감 또는 교육장을 거쳐 보조대상사업 및 그 예산액을 통지하거나 보조신청서를 제출하게 할 수 있다.,조례로,위임자치법규,조례,자치법규,울산광역시 울주군 교육경비 보조에 관한 조례
P04422,005238,초ㆍ중등교육법 시행령,59,의견 수렴 등,"① 국ㆍ공립학교에 두는 운영위원회는 다음 각 호의 어느 하나에 해당하는 사항을 심의하려는 경우 국립학교의 경우에는 학칙으로, 공립학교의 경우에는 시ㆍ도의 조례로 정하는 바에 따라 미리 학부모의 의견을 수렴해야 한다.",공립학교의 경우에는 시.도의 조례로,위임자치법규,조례,자치법규,제주특별자치도 학교운영위원회에 관한 조례
P06948,000894,학교용지 확보 등에 관한 특례법,5,학교용지부담금특별회계의 설치,3. 그 밖에 해당 시·도의 조례로 정하는 재원,조례로 정하는 재원,위임자치법규,조례,자치법규,대전광역시 학교용지부담금 및 학교용지부담금특별회계 조례
P06475,000889,학교급식법,5,학교급식위원회 등,⑤제3항의 규정에 따른 학교급식지원심의위원회의 구성ㆍ운영과 제4항의 규정에 따른 학교급식지원센터의 설치ㆍ운영에 관하여 필요한 사항은 해당지방자치단체의 조례로 정한다.,조례로,위임자치법규,조례,자치법규,충청남도 친환경학교급식 등 지원에 관한 조례
P03176,010753,장애인 등에 대한 특수교육법 시행령,28,기숙사의 설치ㆍ운영,② 공립 및 사립학교의 기숙사 시설·설비 기준은 시·도 교육규칙으로 정한다.,교육규칙으로,위임자치법규,조례,자치법규,경기도 특수학교 기숙사 생활지도원 등의 배치 및 시설ㆍ설비 기준에 관한 규칙
P02064,000191,영유아보육법,18,보육활동보호위원회의 설치ㆍ운영,"② 보육교직원의 보육 활동 보호에 관한 다음 각 호의 사항을 심의하기 위하여 시·도에 시·도보육활동보호위원회를 둔다. 다만, 시·도보육활동보호위원회는 그 기능을 담당하기에 적합한 다른 위원회가 있고 그 위원회의 위원이 제3항에 따른 자격을 갖춘 경우에는 시·도의 조례로 정하는 바에 따라 그 위원회가 시·도보육활동보호위원회의 기능을 대신할 수 있다.",조례로,위임자치법규,조례,자치법규,세종특별자치시 보육교직원 권익 보호 및 지원에 관한 조례
P03532,005061,지방교육행정기관의 행정기구와 정원기준 등에 관한 규정,7,한시기구의 설치ㆍ운영,④ 한시기구의 존속기간은 3년의 범위에서 해당 시ㆍ도의 조례로 정한다.,조례로,위임자치법규,조례,자치법규,경상북도교육청 행정기구 설치 조례
P01255,014226,대안교육기관에 관한 법률 시행령,7,대안교육기관에 대한 경비 지원,④ 제1항부터 제3항까지의 규정에서 정한 사항 외에 대안교육기관에 대한 경비 지원에 필요한 사항은 해당 지방자치단체의 조례로 정한다.,조례로,위임자치법규,조례,자치법규,광명시 학교 밖 청소년 지원 조례
P04723,005238,초ㆍ중등교육법 시행령,88,전형료,제81조의 규정에 의하여 입학전형에 응시하고자 하는 자는 시·도교육규칙이 정하는 바에 의하여 전형료를 납부하여야 한다.,시.도교육규칙이,위임자치법규,조례,자치법규,광주광역시 고등학교 입학전형료 징수 규칙
P04233,000900,초ㆍ중등교육법,34,학교운영위원회의 구성ㆍ운영,"① 제31조에 따른 학교운영위원회 중 국립학교에 두는 학교운영위원회의 구성과 운영에 필요한 사항은 대통령령으로 정하고, 공립학교에 두는 학교운영위원회의 구성과 운영에 필요한 사항은 대통령령으로 정하는 범위에서 시·도의 조례로 정한다.",조례로,위임자치법규,대통령령,자치법규,세종특별자치시 시립학교운영위원회 설치ㆍ운영에 관한 조례
P01394,003583,방송통신중학교 및 방송통신고등학교 설치기준령,3,교육과정,"① 국립 방송통신고등학교에 두는 학과는 교육부장관이 정하고, 공립 방송통신고등학교에 두는 학과는 특별시·광역시·특별자치시·도 및 특별자치도(이하 ""시·도""라 한다)의 교육규칙으로 정한다.",한다\)의 교육규칙으로,위임자치법규,조례,자치법규,전북특별자치도 방송통신중학교 및 방송통신고등학교 운영 규칙
P01395,003583,방송통신중학교 및 방송통신고등학교 설치기준령,3,교육과정,"② 방송통신중학교와 방송통신고등학교의 교과에 관하여는 「초·중등교육법 시행령」 제43조를 준용한다. 이 경우 각 교과의 교수(敎授) 요지, 과목, 수업시간수, 그 밖에 학습활동에 관한 사항은 국립 방송통신중학교 및 방송통신고등학교는 교육부장관이 정하고, 공립 방송통신중학교 및 방송통신고등학교는 시·도의 교육규칙으로 정한다.",시.도의 교육규칙으로,위임자치법규,조례,자치법규,전북특별자치도 방송통신중학교 및 방송통신고등학교 운영 규칙
P05483,000851,평생교육법,16,경비보조 및 지원,② 지방자치단체의 장은 해당 지방자치단체의 조례로 정하는 바에 따라 주민을 위한 평생교육진흥사업을 실시하거나 지원할 수 있다. 이 경우 교육감 또는 지역교육장과 협의하여야 한다.,조례로,위임자치법규,조례,자치법규,서울특별시 강북구 평생교육진흥 조례
P05790,000851,평생교육법,21,시ㆍ군ㆍ구평생학습관 등의 설치ㆍ운영 등,④ 제1항 및 제2항에 따른 평생학습관의 설치·운영 등에 필요한 사항은 해당 지방자치단체의 조례로 정한다.,조례로,위임자치법규,조례,자치법규,전남광주통합특별시 북구 평생학습관 운영 조례
P03728,005061,지방교육행정기관의 행정기구와 정원기준 등에 관한 규정,20,정원의 규정,"② 제13조에 따른 단위기관별 정원은 제1항에 따른 정원의 총수 범위에서 종류별ㆍ직급별로 구분하여 해당 시ㆍ도의 조례로 정한다. 다만, 다음 각 호의 어느 하나에 해당하는 정원은 조례로 그 총수만 정하고 그 범위에서 제13조제2항에 따른 단위기관별로 해당 시ㆍ도의 교육규칙으로 정한다.",정원은 조례로,위임자치법규,조례,자치법규,경기도교육감 소속 지방공무원 정원 조례
P02822,009874,유아교육법 시행령,32,사립유치원에 대한 지원,② 특별시장·광역시장·특별자치시장·도지사·특별자치도지사 및 시장·군수·구청장(자치구의 구청장을 말한다. 이하 같다)은 조례로 정하는 바에 따라 제1항 각 호의 경비의 전부 또는 일부를 사립유치원에 지원할 수 있다.,조례로,위임자치법규,조례,자치법규,문경시 교육경비 보조에 관한 조례
P07120,014818,학생맞춤통합지원법,15,학생맞춤통합지원 협력체계의 구축,③ 제1항에 따른 협력체계의 구성ㆍ운영에 필요한 사항은 해당 시ㆍ도의 조례로 정한다.,조례로 정한다,위임자치법규,조례,자치법규,경상남도교육청 학생맞춤통합지원 조례
P03857,004071,지방자치단체의 교육경비 보조에 관한 규정,4,보조의 신청등,①지방자치단체의 장은 해당 연도 보조사업에 대하여 각급학교의 장에게 보조대상사업 및 그 예산액을 통지하고 보조신청서를 제출하도록 하여야 한다. 이 경우 해당 지방자치단체의 조례로 정하는 바에 따라 관할 교육감 또는 교육장을 거쳐 보조대상사업 및 그 예산액을 통지하거나 보조신청서를 제출하게 할 수 있다.,조례로,위임자치법규,조례,자치법규,철원군 교육경비 보조에 관한 조례
P04634,005238,초ㆍ중등교육법 시행령,81,입학전형의 지원,⑤제1항 본문에도 불구하고 제77조제2항에 따라 시ㆍ도 조례로 정하는 지역의 후기학교 주간부에 입학하려는 사람은 교육감이 정하는 방법 및 절차에 따라 2개 이상의 학교를 선택하여 지원할 수 있다.,조례로,위임자치법규,조례,자치법규,경기도교육감이 고등학교의 입학전형을 실시하는 지역에 관한 조례
P02401,007739,영유아보육법 시행규칙,24,국공립어린이집의 운영위탁,"⑨ 어린이집의 운영 위탁에 관한 구체적인 사항은 국립어린이집의 경우 교육부장관이 정하고, 공립어린이집의 경우 지방자치단체의 조례로 정한다.",조례로,위임자치법규,조례,자치법규,서울특별시 서초구 영유아 보육 조례
P06533,000889,학교급식법,5,학교급식위원회 등,⑤제3항의 규정에 따른 학교급식지원심의위원회의 구성ㆍ운영과 제4항의 규정에 따른 학교급식지원센터의 설치ㆍ운영에 관하여 필요한 사항은 해당지방자치단체의 조례로 정한다.,조례로,위임자치법규,조례,자치법규,서울특별시 영등포구 친환경 학교급식 등 지원에 관한 조례
P04616,005238,초ㆍ중등교육법 시행령,79,고등학교입학전형위원회,②고등학교입학전형위원회의 조직 및 운영에 관한 사항은 시ㆍ도 교육규칙으로 정한다.,관한 사항은 시.도 교육규칙으로 정한다,위임자치법규,조례,자치법규,경상남도 고등학교 입학전형위원회 운영 규칙
P03704,005061,지방교육행정기관의 행정기구와 정원기준 등에 관한 규정,20,정원의 규정,"② 제13조에 따른 단위기관별 정원은 제1항에 따른 정원의 총수 범위에서 종류별ㆍ직급별로 구분하여 해당 시ㆍ도의 조례로 정한다. 다만, 다음 각 호의 어느 하나에 해당하는 정원은 조례로 그 총수만 정하고 그 범위에서 제13조제2항에 따른 단위기관별로 해당 시ㆍ도의 교육규칙으로 정한다.",정원은 조례로,위임자치법규,조례,자치법규,충청남도교육감 소속 지방공무원 정원 조례
P05415,000851,평생교육법,16,경비보조 및 지원,② 지방자치단체의 장은 해당 지방자치단체의 조례로 정하는 바에 따라 주민을 위한 평생교육진흥사업을 실시하거나 지원할 수 있다. 이 경우 교육감 또는 지역교육장과 협의하여야 한다.,조례로,위임자치법규,조례,자치법규,서울특별시 중랑구 평생교육진흥 조례
P00269,012142,공교육 정상화 촉진 및 선행교육 규제에 관한 특별법 시행령,4,학교의 입학전형 반영 금지 등,"④ 법 제9조제4항에 따른 영향평가를 실시하기 위한 방법, 절차 등에 관하여 필요한 사항은 특별시·광역시·특별자치시·도·특별자치도(이하 ""시·도""라 한다)의 교육규칙으로 정한다.",교육규칙으로,위임자치법규,조례,자치법규,부산광역시교육청 고등학교 입학전형 사교육 영향평가 운영에 관한 규칙
P05907,000851,평생교육법,21,시ㆍ군ㆍ구평생학습관 등의 설치ㆍ운영 등,④ 제1항 및 제2항에 따른 평생학습관의 설치·운영 등에 필요한 사항은 해당 지방자치단체의 조례로 정한다.,조례로,위임자치법규,조례,자치법규,밀양시 평생교육진흥 조례
P03271,000898,지방교육자치에 관한 법률,26,사무의 위임ㆍ위탁 등,③교육감은 조례 또는 교육규칙으로 정하는 바에 따라 그 권한에 속하는 사무 중 조사·검사·검정·관리 등 주민의 권리·의무와 직접 관계되지 아니하는 사무를 법인·단체 또는 그 기관이나 개인에게 위탁할 수 있다.,③교육감은 조례,위임자치법규,조례,자치법규,인천광역시교육감 사무의 민간위탁에 관한 조례
P03092,010449,장애인 등에 대한 특수교육법,10,특수교육운영위원회,"② 제1항에 따른 중앙특수교육운영위원회의 구성ㆍ운영 등에 관하여 필요한 사항은 대통령령으로, 시ㆍ도특수교육운영위원회 및 시ㆍ군ㆍ구특수교육운영위원회의 구성ㆍ운영 등에 관하여는 특별시ㆍ광역시ㆍ특별자치시ㆍ도 및 특별자치도(이하 ""시ㆍ도""라 한다)의 교육규칙으로 각각 정한다.",교육규칙으로,위임자치법규,대통령령,자치법규,부산광역시특수교육운영위원회 구성 및 운영 규칙
P03484,005059,지방교육자치에 관한 법률 시행령,2,법제심의위원회,⑧이 영에 규정된 것 외에 위원회의 구성·운영에 필요한 사항은 각 시·도의 교육규칙으로 정한다.,시.도의 교육규칙으로,위임자치법규,조례,자치법규,경상북도 교육ㆍ학예에 관한 법제사무 처리 규칙
P01898,011331,어린이ㆍ노인 및 장애인 보호구역의 지정 및 관리에 관한 규칙,2,정의,바. 그 밖에 어린이가 자주 왕래하는 곳으로서 조례로 정하는 시설 또는 장소,어린이가 자주 왕래하는 곳으로서 조례로,위임자치법규,조례,자치법규,전남광주통합특별시 남구 어린이 통학로 교통안전을 위한 조례
P03920,004071,지방자치단체의 교육경비 보조에 관한 규정,4,보조의 신청등,①지방자치단체의 장은 해당 연도 보조사업에 대하여 각급학교의 장에게 보조대상사업 및 그 예산액을 통지하고 보조신청서를 제출하도록 하여야 한다. 이 경우 해당 지방자치단체의 조례로 정하는 바에 따라 관할 교육감 또는 교육장을 거쳐 보조대상사업 및 그 예산액을 통지하거나 보조신청서를 제출하게 할 수 있다.,조례로,위임자치법규,조례,자치법규,부산광역시 수영구 교육경비 보조에 관한 조례
P03286,000898,지방교육자치에 관한 법률,26,사무의 위임ㆍ위탁 등,"①교육감은 조례 또는 교육규칙으로 정하는 바에 따라 그 권한에 속하는 사무의 일부를 보조기관, 소속교육기관 또는 하급교육행정기관에 위임할 수 있다",①교육감은 조례,위임자치법규,조례,자치법규,전북특별자치도교육감 행정권한위임에 관한 조례
P03439,000898,지방교육자치에 관한 법률,41,지방교육행정협의회의 설치,②제1항의 규정에 따른 지방교육행정협의회의 구성·운영에 관하여 필요한 사항은 교육감과 시·도지사가 협의하여 조례로 정한다.,조례로,위임자치법규,조례,자치법규,서울특별시교육청 교육행정협의회 설치ㆍ운영에 관한 조례
P04460,005238,초ㆍ중등교육법 시행령,60,소위원회,"② 제1항에 따른 소위원회의 구성 및 운영에 필요한 사항은 국립학교의 경우에는 학칙으로, 공립학교의 경우에는 시·도의 조례로 정한다.",조례로,위임자치법규,조례,자치법규,서울특별시교육청 공립학교 운영위원회 구성 및 운영 등에 관한 조례
P05959,000851,평생교육법,21,읍ㆍ면ㆍ동 평생학습센터의 운영,② 제1항에 따른 읍·면·동 평생학습센터의 설치 또는 지정 및 운영에 관한 사항은 해당 지방자치단체의 조례로 정한다.,조례로,위임자치법규,조례,자치법규,서울특별시 은평구 평생교육진흥 조례
P06918,000894,학교용지 확보 등에 관한 특례법,5,학교용지부담금특별회계의 설치,5. 그 밖에 학교용지의 확보 등에 필요하거나 부담금을 적정하게 관리하기 위하여 필요한 사항으로 해당 시·도의 조례로 정하는 사항,조례로 정하는 사항,위임자치법규,조례,자치법규,전라남도 학교용지부담금 부과ㆍ징수 및 특별회계 설치 조례
P05532,000851,평생교육법,16,경비보조 및 지원,② 지방자치단체의 장은 해당 지방자치단체의 조례로 정하는 바에 따라 주민을 위한 평생교육진흥사업을 실시하거나 지원할 수 있다. 이 경우 교육감 또는 지역교육장과 협의하여야 한다.,조례로,위임자치법규,조례,자치법규,하동군 평생학습 조례
P05325,000851,평생교육법,14,시ㆍ군ㆍ자치구평생교육협의회,④ 시·군·구협의회의 구성·운영 등에 필요한 사항은 지방자치단체의 조례로 정한다.,조례로,위임자치법규,조례,자치법규,인천광역시 중구 평생교육 진흥 조례
P07335,005397,학원의 설립ㆍ운영 및 과외교습에 관한 법률 시행령,5,숙박시설을 갖춘 학교교과교습학원의 등록,"② 제1항에 따른 숙박시설의 위치, 환경기준, 시설·설비기준, 영양사 및 생활지도 담당인력 배치기준 등에 관한 사항은 지역적 여건과 학원의 규모 등을 고려하여 시·도 조례로 정한다.",시.도 조례로,위임자치법규,조례,자치법규,강원특별자치도 학원의 설립ㆍ운영 및 과외교습에 관한 조례
P02245,007739,영유아보육법 시행규칙,24,국공립어린이집의 운영위탁,"⑨ 어린이집의 운영 위탁에 관한 구체적인 사항은 국립어린이집의 경우 교육부장관이 정하고, 공립어린이집의 경우 지방자치단체의 조례로 정한다.",조례로,위임자치법규,조례,자치법규,안동시 영유아보육 조례
P04030,000900,초ㆍ중등교육법,10,수업료 등,"② 제1항에 따른 수업료와 그 밖의 납부금을 거두는 방법 등에 필요한 사항은 국립학교의 경우에는 교육부령으로 정하고, 공립·사립 학교의 경우에는 특별시·광역시·특별자치시·도·특별자치도(이하 ""시·도""라 한다)의 조례로 정한다. 이 경우 국민의 교육을 받을 권리를 본질적으로 침해하는 내용을 정하여서는 아니 된다.",조례로,위임자치법규,부령,자치법규,충청남도 학교 수업료 및 입학금에 관한 조례
P07297,000850,학원의 설립ㆍ운영 및 과외교습에 관한 법률,17,행정처분,④ 제1항부터 제3항까지에 따른 행정처분의 기준과 그 밖에 필요한 사항은 조례로 정한다.,조례로,위임자치법규,조례,자치법규,경상북도 학원의 설립ㆍ운영 및 과외교습에 관한 조례
P06334,003751,평생교육법 시행령,77,권한의 위임ㆍ위탁,③ 교육감은 법 제44조제3항에 따라 다음 각 호의 권한을 조례로 정하는 바에 따라 소관 교육장에게 위임할 수 있다.,조례로,위임자치법규,조례,자치법규,제주특별자치도교육감 행정권한 위임에 관한 조례
P02731,009874,유아교육법 시행령,22,국립ㆍ공립 유치원에 두는 운영위원회의 구성,"③ 제2항에도 불구하고 유아 수가 20명 미만인 국립ㆍ공립 유치원에 두는 운영위원회 위원의 구성비율은 국립유치원의 경우에는 유치원규칙으로 다르게 정할 수 있으며, 공립유치원의 경우에는 시ㆍ도의 조례로 정하는 범위에서 운영위원회규정으로 다르게 정할 수 있다. 다만, 유치원규칙 또는 운영위원회규정으로 다르게 정하는 경우에도 학부모위원 및 교원위원은 각각 1명 이상 포함되어야 한다.",조례로,위임자치법규,조례,자치법규,부산광역시 공립 유치원 및 학교 운영위원회 설치ㆍ운영에 관한 조례
P05334,000851,평생교육법,14,시ㆍ군ㆍ자치구평생교육협의회,④ 시·군·구협의회의 구성·운영 등에 필요한 사항은 지방자치단체의 조례로 정한다.,조례로,위임자치법규,조례,자치법규,인제군 평생교육진흥 조례
P04694,005238,초ㆍ중등교육법 시행령,84,후기학교의 신입생 선발 및 배정방법,④제77조제2항에 따라 시ㆍ도 조례로 정하는 지역의 후기학교 야간부 신입생은 교육감이 각 학교에 통보한 입학전형에 관한 자료에 따라 당해 학교의 장이 선발한다.,조례로 정하는 지역의 후기학교 야간부,위임자치법규,조례,자치법규,전라남도교육감이 고등학교의 입학전형을 실시하는 지역에 관한 조례
P05225,000851,평생교육법,14,시ㆍ군ㆍ자치구평생교육협의회,④ 시·군·구협의회의 구성·운영 등에 필요한 사항은 지방자치단체의 조례로 정한다.,조례로,위임자치법규,조례,자치법규,서울특별시 동작구 평생교육진흥 조례
P04552,005238,초ㆍ중등교육법 시행령,76,특성화중학교,5. 교육감이 5년마다 시·도 교육규칙으로 정하는 바에 따라 해당 학교 운영 성과 등을 평가하여 지정 목적의 달성이 불가능하다고 인정되는 경우,교육규칙으로,위임자치법규,조례,자치법규,인천광역시 특성화중학교 및 특수목적고등학교 지정ㆍ운영에 관한 규칙
P05579,000851,평생교육법,16,경비보조 및 지원,② 지방자치단체의 장은 해당 지방자치단체의 조례로 정하는 바에 따라 주민을 위한 평생교육진흥사업을 실시하거나 지원할 수 있다. 이 경우 교육감 또는 지역교육장과 협의하여야 한다.,조례로,위임자치법규,조례,자치법규,인천광역시 연수구 평생교육진흥 조례
P02842,009874,유아교육법 시행령,33,방과후 과정 운영 등에 대한 지원,② 특별시장·광역시장·특별자치시장·도지사·특별자치도지사 및 시장·군수·구청장은 조례로 정하는 바에 따라 제1항 각 호의 경비의 전부 또는 일부를 방과후 과정을 운영하거나 제12조에 따른 수업일수를 초과하여 운영하는 유치원에 지원할 수 있다.,조례로,위임자치법규,조례,자치법규,포항시 교육경비 보조에 관한 조례
P06473,000889,학교급식법,5,학교급식위원회 등,⑤제3항의 규정에 따른 학교급식지원심의위원회의 구성ㆍ운영과 제4항의 규정에 따른 학교급식지원센터의 설치ㆍ운영에 관하여 필요한 사항은 해당지방자치단체의 조례로 정한다.,조례로,위임자치법규,조례,자치법규,춘천시 공공급식 지원에 관한 조례
P06265,003751,평생교육법 시행령,12,시ㆍ도평생교육진흥원의 운영 등,"② 시·도진흥원은 법 제20조제2항의 업무를 수행하는 데 필요한 조직과 시설을 갖추어야 하되, 그 운영에 필요한 조직과 시설, 지정절차 등에 필요한 사항은 그 지방자치단체의 조례로 정한다.",조례로,위임자치법규,조례,자치법규,광주광역시 평생교육진흥 조례
P07217,000850,학원의 설립ㆍ운영 및 과외교습에 관한 법률,8,시설기준,"학원에는 교습과정별로 시·도의 조례로 정하는 단위시설별 기준에 따라 교습과 학습에 필요한 시설과 설비를 갖추고 유지하여야 한다. 다만, 학원의 소방시설은 소방 관계 법령으로 정하는 바에 따른다.",조례로,위임자치법규,조례,자치법규,인천광역시 학원의 설립ㆍ운영 및 과외교습에 관한 조례
P06417,000889,학교급식법,5,학교급식위원회 등,⑤제3항의 규정에 따른 학교급식지원심의위원회의 구성ㆍ운영과 제4항의 규정에 따른 학교급식지원센터의 설치ㆍ운영에 관하여 필요한 사항은 해당지방자치단체의 조례로 정한다.,조례로,위임자치법규,조례,자치법규,옥천군 지역농산물 공공급식 지원에 관한 조례
P03713,005061,지방교육행정기관의 행정기구와 정원기준 등에 관한 규정,20,정원의 규정,"② 제13조에 따른 단위기관별 정원은 제1항에 따른 정원의 총수 범위에서 종류별·직급별로 구분하여 해당 시·도의 조례로 정한다. 다만, 다음 각 호의 어느 하나에 해당하는 정원은 조례로 그 총수만 정하고 그 범위에서 제13조제2항에 따른 단위기관별로 해당 시·도의 교육규칙으로 정한다",총수만 정하고 그 범위에서 제13조제2항에 따른 단위기관별로 해당 시.도의 교육규칙으로 정한다,위임자치법규,조례,자치법규,제주특별자치도교육감 소속 지방공무원 정원 규칙
P01139,014226,대안교육기관에 관한 법률 시행령,7,대안교육기관에 대한 경비 지원,④ 제1항부터 제3항까지의 규정에서 정한 사항 외에 대안교육기관에 대한 경비 지원에 필요한 사항은 해당 지방자치단체의 조례로 정한다.,조례로,위임자치법규,조례,자치법규,옥천군 학교 밖 청소년 보호 및 지원에 관한 조례
P06416,000889,학교급식법,5,학교급식위원회 등,⑤제3항의 규정에 따른 학교급식지원심의위원회의 구성ㆍ운영과 제4항의 규정에 따른 학교급식지원센터의 설치ㆍ운영에 관하여 필요한 사항은 해당지방자치단체의 조례로 정한다.,조례로,위임자치법규,조례,자치법규,영천시 학교급식 지원에 관한 조례
P01198,014226,대안교육기관에 관한 법률 시행령,7,대안교육기관에 대한 경비 지원,④ 제1항부터 제3항까지의 규정에서 정한 사항 외에 대안교육기관에 대한 경비 지원에 필요한 사항은 해당 지방자치단체의 조례로 정한다.,조례로,위임자치법규,조례,자치법규,화성시 학교 밖 청소년 지원 조례
P05427,000851,평생교육법,16,경비보조 및 지원,② 지방자치단체의 장은 해당 지방자치단체의 조례로 정하는 바에 따라 주민을 위한 평생교육진흥사업을 실시하거나 지원할 수 있다. 이 경우 교육감 또는 지역교육장과 협의하여야 한다.,조례로,위임자치법규,조례,자치법규,속초시 평생교육진흥 조례
P05271,000851,평생교육법,14,시ㆍ군ㆍ자치구평생교육협의회,④ 시·군·구협의회의 구성·운영 등에 필요한 사항은 지방자치단체의 조례로 정한다.,조례로,위임자치법규,조례,자치법규,장수군 평생교육 진흥 조례
P04649,005238,초ㆍ중등교육법 시행령,84,후기학교의 신입생 선발 및 배정방법,④제77조제2항에 따라 시ㆍ도 조례로 정하는 지역의 후기학교 야간부 신입생은 교육감이 각 학교에 통보한 입학전형에 관한 자료에 따라 당해 학교의 장이 선발한다.,조례로 정하는 지역의 후기학교 야간부,위임자치법규,조례,자치법규,세종특별자치시교육감의 고등학교 입학전형 실시 지역 지정 및 해제에 관한 조례
P05417,000851,평생교육법,16,경비보조 및 지원,② 지방자치단체의 장은 해당 지방자치단체의 조례로 정하는 바에 따라 주민을 위한 평생교육진흥사업을 실시하거나 지원할 수 있다. 이 경우 교육감 또는 지역교육장과 협의하여야 한다.,조례로,위임자치법규,조례,자치법규,서울특별시 종로구 평생교육 진흥 조례
P04951,012258,초ㆍ중등교육법 시행규칙,77,자율형 사립고등학교의 법인전입금기준,"2. 도 및 특별자치도에 있는 고등학교: 매년 학생으로부터 받은 수업료 및 입학금 총액의 3퍼센트 이상으로 하되, 구체적인 기준은 해당 도 및 특별자치도의 교육규칙으로 정할 것",특별자치도의 교육규칙으로,위임자치법규,조례,자치법규,전북특별자치도 자율학교등의 지정 및 운영에 관한 규칙
P04732,005238,초ㆍ중등교육법 시행령,89,고등학교의 전학 등,"②제1항의 규정에 불구하고 일반고등학교 주간부에서 제77조제2항에 따라 시·도 조례로 정하는 지역에 소재하는 일반고등학교 주간부로의 전학의 경우에는 전학하려는 사람의 거주지가 학교군 또는 시·도가 다른 지역에서 이전된 경우에 한정하며, 교육감이 전학할 학교를 배정한다. 이 경우 거주지가 이전된 사람중 당해 학교군에 소재하는 학교에 결원이 없고 인근학교군에 소재하는 학교에 결원이 있는 경우로서 본인이 원하는 때에는 거주지의 인근 학교군에 소재하는 학교로의 전학을 허용할 수 있다.",조례로,위임자치법규,조례,자치법규,전라남도교육감이 고등학교의 입학전형을 실시하는 지역에 관한 조례
P07215,000850,학원의 설립ㆍ운영 및 과외교습에 관한 법률,8,시설기준,"학원에는 교습과정별로 시·도의 조례로 정하는 단위시설별 기준에 따라 교습과 학습에 필요한 시설과 설비를 갖추고 유지하여야 한다. 다만, 학원의 소방시설은 소방 관계 법령으로 정하는 바에 따른다.",조례로,위임자치법규,조례,자치법규,전라남도교육청 학원의 설립ㆍ운영 및 과외교습에 관한 조례
P05362,000851,평생교육법,14,시ㆍ군ㆍ자치구평생교육협의회,④ 시·군·구협의회의 구성·운영 등에 필요한 사항은 지방자치단체의 조례로 정한다.,조례로,위임자치법규,조례,자치법규,고양시 평생교육 진흥 조례
P05409,000851,평생교육법,16,경비보조 및 지원,② 지방자치단체의 장은 해당 지방자치단체의 조례로 정하는 바에 따라 주민을 위한 평생교육진흥사업을 실시하거나 지원할 수 있다. 이 경우 교육감 또는 지역교육장과 협의하여야 한다.,조례로,위임자치법규,조례,자치법규,무안군 평생교육 진흥 조례
P01881,011331,어린이ㆍ노인 및 장애인 보호구역의 지정 및 관리에 관한 규칙,2,정의,바. 그 밖에 어린이가 자주 왕래하는 곳으로서 조례로 정하는 시설 또는 장소,어린이가 자주 왕래하는 곳으로서 조례로,위임자치법규,조례,자치법규,창원시 어린이 통학로 교통안전을 위한 조례
P01488,010490,법학전문대학원 설치ㆍ운영에 관한 법률,24,적성시험의 시행,④ 적성시험에 응시하고자 하는 사람은 교육부장관이 정하는 응시수수료를 납부하여야 한다.,교육부장관이 정하는,위임행정규칙,미특정,행정규칙,"법학전문대학원 적성시험의 응시수수료 및 반환 금액, 절차·방법 등에 관한 고시"
P04845,005238,초ㆍ중등교육법 시행령,92,고교학점제 지원센터의 설치 및 운영 등,교육부장관이 설치하는 고교학점제 지원센터의 설치·운영 등에 필요한 사항은 교육부장관이 정하고,교육부장관이 정하고,위임행정규칙,미특정,행정규칙,고교학점제 지원센터 설치 및 운영 등에 관한 고시
P00286,002546,교과용 도서에 관한 규정,6,검정도서,검정도서는 교육부장관이 정하여 고시하는 교과목의 교과용 도서로 한다,교육부장관이 정하여 고시하는,위임행정규칙,고시,행정규칙,초·중등학교 교과용도서 구분 고시
P02892,012632,인문학 및 인문정신문화의 진흥에 관한 법률 시행령,13,업무의 위탁,위탁하는 구체적인 업무와 이를 위탁받는 전담기관은 교육부장관과 문화체육부장관이 각각 정하여 고시한다.,각각 정하여 고시한다,위임행정규칙,고시,행정규칙,인문정신문화 진흥 전담기관 지정 및 업무위탁 고시
P00331,002565,교원 등의 연수에 관한 규정,22,교원능력개발평가 관리위원회,"교육부장관이 정하는 기준에 따라 교육감, 해당 유치원의 장 및 해당 학교의 장이 각각 정한다.",교육부장관이 정하는,위임행정규칙,미특정,행정규칙,교원능력개발평가 실시에 관한 훈령
P01057,014253,기초학력 보장법 시행령,9,국가기초학력지원센터의 지정ㆍ운영 등,국가기초학력지원센터의 지정 및 운영 등에 필요한 사항은 교육부장관이 정하여 고시한다.,교육부장관이 정하여 고시한다,위임행정규칙,고시,행정규칙,국가기초학력지원센터 지정 및 운영 등에 관한 규정
P00435,006561,교육감 소속 지방공무원 인사기록ㆍ통계 및 인사사무 처리 규칙,7,징계 등 처분기록의 말소,말소 방법·절차 등에 관하여 필요한 사항은 교육부장관이 정한다.,교육부장관이 정한다,위임행정규칙,,행정규칙,교육공무원징계등 기록말소제 시행지침
P06887,010519,학교안전사고 예방 및 보상에 관한 법률 시행령,7,실태조사의 내용 및 방법,구체적인 방법 및 세부 조사항목 등은 교육부장관이 정하여 고시한다.,교육부장관이 정하여 고시한다,위임행정규칙,고시,행정규칙,학교안전사고 예방에 대한 실태조사 고시
P05017,011136,취업 후 학자금 상환 특별법,10,대출 종류 및 한도,생활비대출은 교육부장관이 정하는 바에 따라 한도를 달리 정할 수 있다.,교육부장관이 정하는,위임행정규칙,미특정,행정규칙,2026학년도 1학기 취업 후 상환 학자금대출의 자격 요건 등에 관한 고시
P07546,010974,한국장학재단 설립 등에 관한 법률 시행령,35,자료 제출 의무의 면제,② 법 제50조의5제2항 단서에 따라 학자금 지원 현황에 관한 자료 제출 의무의 전부 또는 일부를 면제받으려는 기관은 같은 항 본문에 따른 요청을 받은 날부터 15일 이내에 교육부장관에게 제출 의무의 면제를 신청하여야 한다. 이 경우 교육부장관이 정하여 고시하는 면제신청서에 신청 사유를 구체적으로 소명할 수 있는 서류 및 자료를 첨부하여 교육부장관에게 제출하여야 한다.,교육부장관이 정하여 고시하는,위임행정규칙,고시,행정규칙,학자금 중복지원 방지 기준 고시
P01659,000888,사립학교법,45,정관 변경 등,정관을 변경한 경우에는 교육부장관이 정하여 고시하는 서류를 갖추어,교육부장관이 정하여 고시하는,위임행정규칙,고시,행정규칙,학교법인의 정관변경 보고 제출서류에 관한 고시
P01700,003727,사립학교법 시행령,23,교원의 임용 보고,교원의 임용 보고를 할 경우에는 교육부장관이 정하여 고시하는 서식에 따른다.,교육부장관이 정하여 고시하는,위임행정규칙,고시,행정규칙,사립학교 교원 임면보고 서식
P07452,008608,학점인정 등에 관한 법률 시행규칙,3,평가인정의 기준 등,평가인정의 세부 기준에 관하여 필요한 사항은 교육부장관이 정한다.,교육부장관이 정한다,위임행정규칙,,행정규칙,학점인정 등에 관한 업무처리 지침
P01350,000892,독학에 의한 학위취득에 관한 법률,5,시험의 과정 및 과목,② 제1항에 따른 과정별 시험과목은 교육부장관이 정한다.,교육부장관이 정한다,위임행정규칙,,행정규칙,독학에 의한 학위취득시험 시험과목명 정정
P06895,010519,학교안전사고 예방 및 보상에 관한 법률 시행령,22,공제료 산정기준 등,"공제회는 각 시·도별 학생 수, 손해율 등을 고려하여 교육부장관이 고시하는 비율의 범위에서 공제료를 가산 또는 감액",교육부장관이 고시하는,위임행정규칙,고시,행정규칙,2025년 학교안전공제료 산정기준 고시
P05030,011136,취업 후 학자금 상환 특별법,16,이자의 면제,제38조제2항에 따른 자립지원 대상자 중 교육부장관이 정하여 고시하는 사람,교육부장관이 정하여 고시하는,위임행정규칙,고시,행정규칙,2026학년도 2학기 취업 후 상환 학자금대출의 자격요건 등에 관한 고시
P03080,010449,장애인 등에 대한 특수교육법,6,특수교육기관의 설립 및 위탁교육,"교육부장관 및 교육감은 특정 분야의 인재 양성을 목적으로 하는 교육을 전문적으로 실시하는 특수학교(이하 ""특성화특수학교""라 한다)를 지정·고시할 수 있다.",지정.고시할 수 있다,위임행정규칙,고시,행정규칙,국립 특성화특수학교 지정·고시
P03026,004587,자격기본법 시행령,7,국가직무능력표준의 개선ㆍ폐지 등,국가직무능력표준의 개선 또는 폐지가 필요하다고 고용노동부장관이 인정하는 경우에는 5년이 지나지 아니하여도 개선 또는 폐지할 수 있다.,고용노동부장관이 인정하는,위임행정규칙,,행정규칙,국가직무능력표준 개발·개선 및 폐지 등에 관한 규정
