id,r1_L1,r2_L1,r3_L1,r1_L2,r2_L2,r3_L2,L1_일관성,L2_일관성
P00007,위임,위임,위임,대통령령,대통령령,대통령령,1.0,1.0
P00014,위임,위임,위임,대통령령,대통령령,대통령령,1.0,1.0
P00022,위임,위임,위임,대통령령|조례,대통령령|조례,대통령령|조례,1.0,1.0
P00026,위임,위임,위임,대통령령,대통령령,대통령령,1.0,1.0
P00051,위임,위임,위임,대통령령,대통령령,대통령령,1.0,1.0
P00052,위임,위임,위임,대통령령,대통령령,대통령령,1.0,1.0
P00078,위임,위임,위임,대통령령,대통령령,대통령령,1.0,1.0
P00093,위임,위임,위임,대통령령,대통령령,대통령령,1.0,1.0
P00109,위임,위임,위임,해당없음,해당없음,부령,1.0,0.667
P00118,위임,위임,위임,대통령령,대통령령,대통령령,1.0,1.0
P00119,위임,위임,위임,대통령령,대통령령,대통령령,1.0,1.0
P00131,위임,위임,위임,대통령령,대통령령,대통령령,1.0,1.0
P00154,위임,위임,위임,대통령령,대통령령,대통령령,1.0,1.0
P00172,위임,위임,위임,대통령령,대통령령,대통령령,1.0,1.0
P00176,위임,위임,위임,대통령령,대통령령,대통령령,1.0,1.0
P00178,위임,위임,위임,대통령령,대통령령,대통령령,1.0,1.0
P00185,위임,위임,위임,대통령령,대통령령,대통령령,1.0,1.0
P00188,위임,위임,위임,대통령령,대통령령,대통령령,1.0,1.0
P00192,위임,위임,위임,대통령령,대통령령,대통령령,1.0,1.0
P00203,위임,위임,위임,대통령령,대통령령,대통령령,1.0,1.0
P00269,위임,위임,위임,교육규칙,교육규칙,교육규칙,1.0,1.0
P00286,위임,위임,위임,대통령령|조례,해당없음,대통령령|조례,1.0,0.667
P00321,위임,위임,위임,대통령령|조례|부령|미특정,해당없음,대통령령|조례|미특정|해당없음,1.0,0.333
P00331,위임,위임,위임,대통령령|조례,해당없음,대통령령|조례,1.0,0.667
P00338,위임,인용,위임,해당없음,해당없음,대통령령|조례,0.667,0.667
P00347,인용,위임,위임,해당없음,해당없음,대통령령|조례,0.667,0.667
P00358,위임,위임,위임,대통령령,대통령령,대통령령,1.0,1.0
P00362,위임,위임,위임,대통령령,대통령령,대통령령,1.0,1.0
P00364,위임,위임,위임,대통령령,대통령령,대통령령,1.0,1.0
P00400,위임,위임,위임,교육규칙,교육규칙,교육규칙,1.0,1.0
P00435,위임,위임,위임,대통령령|조례,대통령령|조례,대통령령|조례,1.0,1.0
P00468,위임,위임,위임,해당없음,해당없음,해당없음,1.0,1.0
P00479,위임,위임,위임,해당없음,해당없음,해당없음,1.0,1.0
P00483,위임,위임,인용,교육규칙,해당없음,교육규칙,0.667,0.667
P00517,위임,위임,위임,대통령령,대통령령,대통령령,1.0,1.0
P00536,위임,위임,위임,대통령령,대통령령,대통령령,1.0,1.0
P00548,위임,위임,위임,대통령령,대통령령,대통령령,1.0,1.0
P00567,위임,위임,위임,대통령령,대통령령,대통령령,1.0,1.0
P00575,위임,위임,위임,대통령령,대통령령,대통령령,1.0,1.0
P00578,위임,위임,위임,대통령령,대통령령,대통령령,1.0,1.0
P00590,위임,위임,위임,대통령령,대통령령,대통령령,1.0,1.0
P00622,위임,위임,위임,대통령령,대통령령,대통령령,1.0,1.0
P00629,위임,위임,위임,대통령령,대통령령,대통령령,1.0,1.0
P00633,위임,위임,위임,대통령령,대통령령,대통령령,1.0,1.0
P00645,위임,위임,위임,대통령령,대통령령,대통령령,1.0,1.0
P00671,위임,위임,위임,조례,대통령령|조례,대통령령|조례,1.0,0.667
P00683,위임,위임,위임,조례,조례,조례,1.0,1.0
P00702,위임,위임,위임,대통령령,대통령령,대통령령,1.0,1.0
P00712,위임,위임,위임,대통령령,대통령령,대통령령,1.0,1.0
P00715,위임,위임,위임,조례,조례,조례,1.0,1.0
P00720,위임,위임,위임,조례,대통령령|조례,조례,1.0,0.667
P00728,위임,위임,위임,대통령령,대통령령,대통령령,1.0,1.0
P00743,위임,위임,위임,대통령령,대통령령,대통령령,1.0,1.0
P00747,위임,위임,위임,대통령령|조례,대통령령|부령|미특정,대통령령|조례,1.0,0.667
P00753,위임,위임,위임,대통령령|조례,대통령령|조례,대통령령|조례,1.0,1.0
P00765,위임,위임,위임,미특정,대통령령|조례,대통령령|조례,1.0,0.667
P00796,위임,위임,위임,대통령령,대통령령,대통령령,1.0,1.0
P00803,위임,위임,위임,대통령령,대통령령,대통령령,1.0,1.0
P00835,위임,위임,위임,조례,조례,조례,1.0,1.0
P00895,위임,위임,위임,대통령령,대통령령,대통령령,1.0,1.0
P00906,위임,위임,위임,대통령령,대통령령,대통령령,1.0,1.0
P00964,위임,위임,위임,대통령령,대통령령,대통령령,1.0,1.0
P00983,위임,위임,위임,대통령령,대통령령,대통령령,1.0,1.0
P00996,위임,위임,위임,부령,대통령령|부령,대통령령|부령|고시|훈령|예규|조례|교육규칙|미특정|해당없음,1.0,0.333
P01003,위임,위임,위임,대통령령|조례,부령,미특정,1.0,0.333
P01007,위임,위임,위임,미특정,대통령령|조례,대통령령|조례,1.0,0.667
P01047,위임,위임,위임,대통령령,대통령령,대통령령,1.0,1.0
P01057,위임,위임,위임,대통령령|조례,대통령령|조례,해당없음,1.0,0.667
P01061,위임,위임,위임,대통령령,대통령령,대통령령,1.0,1.0
P01087,위임,위임,위임,조례,조례,조례,1.0,1.0
P01093,위임,위임,위임,조례,조례,조례,1.0,1.0
P01106,위임,위임,위임,조례,조례,조례,1.0,1.0
P01113,위임,위임,위임,조례,조례,조례,1.0,1.0
P01114,위임,위임,위임,조례,조례,조례,1.0,1.0
P01133,위임,위임,위임,조례,조례,조례,1.0,1.0
P01139,위임,위임,위임,조례,조례,조례,1.0,1.0
P01154,위임,위임,위임,조례,조례,조례,1.0,1.0
P01162,위임,위임,위임,조례,조례,조례,1.0,1.0
P01168,위임,위임,위임,조례,조례,조례,1.0,1.0
P01198,위임,위임,위임,조례,조례,조례,1.0,1.0
P01204,위임,위임,위임,조례,조례,조례,1.0,1.0
P01206,위임,위임,위임,조례,조례,조례,1.0,1.0
P01208,위임,위임,위임,조례,조례,조례,1.0,1.0
P01237,위임,위임,위임,조례,조례,조례,1.0,1.0
P01249,위임,위임,위임,조례,조례,조례,1.0,1.0
P01255,위임,위임,위임,조례,조례,조례,1.0,1.0
P01256,위임,위임,위임,조례,조례,조례,1.0,1.0
P01277,위임,위임,위임,조례,조례,조례,1.0,1.0
P01284,위임,위임,위임,조례,조례,조례,1.0,1.0
P01292,위임,위임,위임,조례,조례,조례,1.0,1.0
P01306,위임,판단불가,위임,대통령령,해당없음,대통령령,0.667,0.667
P01317,위임,위임,위임,대통령령,대통령령,대통령령,1.0,1.0
P01319,위임,위임,위임,대통령령,대통령령,대통령령,1.0,1.0
P01320,위임,위임,위임,대통령령|조례|부령|고시|훈령|예규|교육규칙,해당없음,부령,1.0,0.333
P01350,위임,위임,위임,대통령령|조례,대통령령|조례,대통령령|조례,1.0,1.0
P01354,위임,위임,위임,대통령령,대통령령,대통령령,1.0,1.0
P01360,위임,위임,위임,해당없음,해당없음,부령,1.0,0.667
P01388,위임,위임,위임,교육규칙,미특정,대통령령|조례|교육규칙,1.0,0.333
P01394,위임,위임,위임,대통령령|조례|교육규칙,교육규칙,대통령령|조례,1.0,0.333
P01395,인용,인용,인용,해당없음,해당없음,해당없음,1.0,1.0
P01415,인용,인용,인용,해당없음,미특정,해당없음,1.0,0.667
P01439,위임,위임,위임,조례,조례,조례,1.0,1.0
P01478,위임,위임,위임,대통령령,대통령령,대통령령,1.0,1.0
P01488,위임,위임,위임,대통령령|조례,대통령령|조례,대통령령|조례,1.0,1.0
P01509,위임,위임,위임,대통령령,대통령령,대통령령,1.0,1.0
P01513,인용,인용,인용,대통령령,대통령령,해당없음,1.0,0.667
P01559,위임,위임,위임,대통령령,대통령령,대통령령,1.0,1.0
P01562,위임,위임,위임,대통령령,대통령령,대통령령,1.0,1.0
P01582,위임,위임,위임,대통령령|조례,대통령령|조례,대통령령|조례,1.0,1.0
P01585,위임,위임,위임,대통령령,대통령령,대통령령,1.0,1.0
P01616,위임,위임,위임,대통령령,대통령령,대통령령,1.0,1.0
P01659,위임,위임,위임,대통령령|조례,대통령령|조례,대통령령|조례,1.0,1.0
P01700,위임,위임,위임,대통령령|조례,대통령령|조례,대통령령|조례,1.0,1.0
P01711,위임,위임,위임,대통령령,대통령령,대통령령,1.0,1.0
P01725,위임,위임,위임,대통령령,대통령령,대통령령,1.0,1.0
P01730,위임,위임,위임,대통령령,대통령령,대통령령,1.0,1.0
P01759,위임,위임,위임,대통령령,대통령령,대통령령,1.0,1.0
P01760,위임,위임,위임,대통령령,대통령령,대통령령,1.0,1.0
P01767,위임,위임,위임,대통령령,대통령령,대통령령,1.0,1.0
P01776,위임,위임,위임,대통령령,대통령령,대통령령,1.0,1.0
P01782,위임,위임,위임,대통령령,대통령령,대통령령,1.0,1.0
P01804,위임,위임,위임,대통령령,대통령령,대통령령,1.0,1.0
P01823,위임,위임,위임,대통령령,대통령령,대통령령,1.0,1.0
P01849,위임,위임,위임,대통령령|조례,조례,조례,1.0,0.667
P01881,위임,인용,위임,조례,조례,해당없음,0.667,0.667
P01884,인용,인용,위임,조례,조례,조례,0.667,1.0
P01898,인용,위임,인용,조례,조례,조례,0.667,1.0
P01941,인용,인용,위임,조례,해당없음,조례,0.667,0.667
P01947,위임,위임,위임,해당없음,해당없음,조례,1.0,0.667
P01948,위임,위임,위임,해당없음,조례,조례,1.0,0.667
P01981,위임,인용,위임,조례,해당없음,조례,0.667,0.667
P01982,위임,위임,인용,해당없음,조례,조례,0.667,0.667
P01993,위임,위임,위임,대통령령,대통령령,대통령령,1.0,1.0
P02005,판단불가,위임,위임,해당없음,해당없음,해당없음,0.667,1.0
P02007,위임,위임,위임,미특정,조례,조례,1.0,0.667
P02010,위임,위임,위임,대통령령,대통령령,대통령령,1.0,1.0
P02026,위임,위임,위임,부령,부령,해당없음,1.0,0.667
P02027,위임,위임,위임,대통령령|조례,대통령령|부령,미특정,1.0,0.333
P02064,위임,위임,위임,조례,조례,조례,1.0,1.0
P02074,위임,위임,위임,대통령령|조례,대통령령|조례,대통령령|조례,1.0,1.0
P02103,위임,위임,인용,해당없음,대통령령|조례,해당없음,0.667,0.667
P02127,위임,위임,위임,대통령령|부령,부령,해당없음,1.0,0.333
P02146,위임,위임,위임,해당없음,부령,해당없음,1.0,0.667
P02150,위임,위임,위임,해당없음,대통령령|조례,대통령령|조례,1.0,0.667
P02170,위임,위임,위임,대통령령,대통령령|조례,대통령령|부령,1.0,0.333
P02176,위임,위임,위임,대통령령,대통령령,대통령령,1.0,1.0
P02190,위임,위임,위임,부령,부령,대통령령|조례,1.0,0.667
P02195,판단불가,위임,위임,해당없음,미특정,대통령령|조례,0.667,0.333
P02198,위임,위임,위임,조례,조례,조례,1.0,1.0
P02242,위임,위임,위임,조례,조례,조례,1.0,1.0
P02245,위임,위임,위임,조례,조례,조례,1.0,1.0
P02272,위임,위임,위임,조례,조례,조례,1.0,1.0
P02310,위임,위임,위임,조례,조례,조례,1.0,1.0
P02321,위임,위임,위임,조례,조례,조례,1.0,1.0
P02366,위임,위임,위임,조례,조례,조례,1.0,1.0
P02381,위임,위임,위임,조례,조례,조례,1.0,1.0
P02401,위임,위임,위임,조례,조례,조례,1.0,1.0
P02407,위임,위임,위임,조례,조례,조례,1.0,1.0
P02435,위임,위임,위임,조례,조례,조례,1.0,1.0
P02450,위임,위임,위임,조례,조례,조례,1.0,1.0
P02484,위임,위임,위임,대통령령,대통령령,대통령령,1.0,1.0
P02523,위임,위임,위임,대통령령,대통령령,대통령령,1.0,1.0
P02542,위임,위임,위임,조례,조례,조례,1.0,1.0
P02554,위임,위임,위임,조례,조례,조례,1.0,1.0
P02565,위임,위임,위임,조례,조례,조례,1.0,1.0
P02582,위임,위임,위임,대통령령|조례,해당없음,미특정,1.0,0.333
P02589,위임,위임,위임,대통령령,대통령령,대통령령,1.0,1.0
P02599,위임,위임,위임,조례,조례,조례,1.0,1.0
P02611,위임,위임,위임,대통령령,대통령령,대통령령,1.0,1.0
P02615,위임,위임,위임,대통령령,대통령령,대통령령,1.0,1.0
P02620,위임,위임,위임,대통령령,대통령령,대통령령,1.0,1.0
P02627,위임,위임,위임,대통령령,대통령령,대통령령,1.0,1.0
P02679,위임,위임,위임,교육규칙,대통령령|조례,교육규칙,1.0,0.667
P02684,위임,위임,위임,교육규칙,교육규칙,대통령령|조례,1.0,0.667
P02689,위임,위임,위임,대통령령,대통령령,대통령령,1.0,1.0
P02702,위임,위임,위임,부령,대통령령|부령,대통령령|부령|미특정,1.0,0.333
P02731,위임,위임,위임,조례,조례,조례,1.0,1.0
P02746,위임,위임,위임,조례,조례,대통령령|조례,1.0,0.667
P02761,위임,위임,위임,조례,조례,조례,1.0,1.0
P02783,위임,위임,위임,조례,조례,조례,1.0,1.0
P02809,위임,위임,위임,조례,조례,조례,1.0,1.0
P02822,위임,위임,위임,조례,대통령령|조례,조례,1.0,0.667
P02838,위임,위임,위임,대통령령|조례,조례,조례,1.0,0.667
P02842,위임,위임,위임,대통령령|조례,조례,조례,1.0,0.667
P02873,위임,위임,위임,대통령령,대통령령,대통령령,1.0,1.0
P02892,위임,위임,위임,대통령령|조례,대통령령|부령,대통령령|조례,1.0,0.667
P02895,위임,위임,위임,대통령령,대통령령,대통령령,1.0,1.0
P02898,위임,위임,위임,대통령령,대통령령,대통령령,1.0,1.0
P02918,위임,위임,위임,해당없음,대통령령|조례,대통령령|부령|미특정,1.0,0.333
P02946,위임,위임,위임,대통령령,대통령령,대통령령,1.0,1.0
P02952,위임,위임,위임,대통령령,대통령령,대통령령,1.0,1.0
P03000,위임,위임,위임,대통령령,대통령령,대통령령,1.0,1.0
P03017,위임,위임,위임,대통령령,대통령령,대통령령,1.0,1.0
P03026,위임,위임,위임,대통령령|조례,대통령령|조례,대통령령|조례,1.0,1.0
P03033,위임,위임,위임,미특정,대통령령|조례,부령,1.0,0.333
P03041,위임,위임,위임,대통령령,대통령령,대통령령,1.0,1.0
P03067,위임,위임,위임,해당없음,해당없음,해당없음,1.0,1.0
P03080,위임,위임,위임,대통령령|조례,대통령령|조례,대통령령|조례,1.0,1.0
P03092,위임,위임,위임,교육규칙,교육규칙,교육규칙,1.0,1.0
P03100,위임,위임,위임,교육규칙,교육규칙,교육규칙,1.0,1.0
P03116,위임,위임,위임,대통령령,대통령령|조례,대통령령,1.0,0.667
P03129,위임,위임,위임,대통령령,대통령령,대통령령,1.0,1.0
P03139,위임,위임,위임,교육규칙,교육규칙,교육규칙,1.0,1.0
P03156,위임,위임,위임,대통령령,대통령령,대통령령,1.0,1.0
P03176,위임,위임,위임,교육규칙,교육규칙,교육규칙,1.0,1.0
P03200,위임,위임,위임,대통령령,대통령령,대통령령,1.0,1.0
P03209,위임,위임,위임,대통령령,부령,부령,1.0,0.667
P03219,위임,위임,위임,대통령령|부령,미특정,해당없음,1.0,0.333
P03229,위임,위임,위임,부령,해당없음,대통령령,1.0,0.333
P03233,위임,위임,위임,부령,해당없음,대통령령,1.0,0.333
P03246,위임,위임,위임,해당없음,해당없음,미특정,1.0,0.667
P03256,위임,위임,위임,대통령령,대통령령,대통령령,1.0,1.0
P03260,위임,위임,위임,대통령령|조례,조례,대통령령|조례,1.0,0.667
P03266,위임,위임,위임,대통령령|조례|교육규칙,대통령령|조례|교육규칙,대통령령|조례|교육규칙|미특정,1.0,0.667
P03271,위임,위임,위임,조례|교육규칙,대통령령|조례,대통령령|조례,1.0,0.667
P03286,위임,위임,위임,대통령령|조례|교육규칙,대통령령|조례,대통령령|조례,1.0,0.667
P03312,위임,위임,위임,조례,조례,조례,1.0,1.0
P03319,위임,위임,위임,조례,조례,대통령령|조례,1.0,0.667
P03327,위임,위임,위임,대통령령,대통령령,대통령령,1.0,1.0
P03338,위임,위임,위임,조례,조례,조례,1.0,1.0
P03360,위임,위임,위임,대통령령|조례,조례,조례,1.0,0.667
P03381,위임,위임,위임,조례,대통령령|조례,조례,1.0,0.667
P03389,위임,위임,위임,대통령령|조례,조례,조례,1.0,0.667
P03390,위임,위임,위임,대통령령|조례,조례|해당없음,대통령령|조례,1.0,0.667
P03397,위임,위임,위임,대통령령|조례,대통령령|조례,대통령령|조례,1.0,1.0
P03399,위임,위임,위임,대통령령|조례,대통령령|조례,대통령령|조례,1.0,1.0
P03423,위임,위임,위임,조례,조례,조례,1.0,1.0
P03425,위임,위임,위임,조례,조례,조례,1.0,1.0
P03439,위임,위임,위임,조례,조례,조례,1.0,1.0
P03450,위임,위임,위임,조례,조례,조례,1.0,1.0
P03475,위임,위임,위임,조례,교육규칙,교육규칙,1.0,0.667
P03483,위임,위임,위임,해당없음,조례,조례,1.0,0.667
P03484,위임,위임,위임,해당없음,조례,조례,1.0,0.667
P03509,위임,위임,위임,대통령령,대통령령,대통령령,1.0,1.0
P03526,위임,위임,위임,대통령령|조례,대통령령|부령,부령,1.0,0.333
P03532,위임,위임,위임,조례,조례,조례,1.0,1.0
P03572,위임,위임,위임,교육규칙,교육규칙,교육규칙,1.0,1.0
P03616,위임,위임,위임,교육규칙,교육규칙,교육규칙,1.0,1.0
P03622,위임,위임,위임,조례,조례|교육규칙,조례,1.0,0.667
P03630,위임,위임,위임,조례,조례,조례|교육규칙,1.0,0.667
P03645,위임,위임,위임,조례,조례,조례,1.0,1.0
P03662,위임,위임,위임,조례,조례,조례,1.0,1.0
P03678,위임,위임,위임,대통령령|조례,조례|교육규칙,조례,1.0,0.333
P03697,위임,위임,위임,대통령령|조례|교육규칙,해당없음,해당없음,1.0,0.667
P03704,위임,위임,위임,해당없음,대통령령|조례|교육규칙,조례|교육규칙,1.0,0.333
P03713,위임,위임,위임,대통령령|조례,교육규칙,대통령령|조례,1.0,0.667
P03728,위임,위임,위임,대통령령|조례|교육규칙,대통령령|조례|해당없음,조례|교육규칙,1.0,0.333
P03747,위임,위임,위임,대통령령|조례,조례,대통령령|조례,1.0,0.667
P03785,위임,위임,위임,대통령령,대통령령,대통령령,1.0,1.0
P03791,위임,위임,위임,대통령령,대통령령,대통령령,1.0,1.0
P03816,위임,위임,위임,조례,조례,대통령령|조례,1.0,0.667
P03822,위임,위임,위임,조례,대통령령|조례,해당없음,1.0,0.333
P03829,위임,위임,위임,조례,조례,조례,1.0,1.0
P03833,위임,위임,위임,조례,조례,조례,1.0,1.0
P03837,위임,위임,위임,조례,조례,대통령령|조례,1.0,0.667
P03857,위임,위임,위임,조례,미특정,조례,1.0,0.667
P03893,위임,위임,위임,조례,대통령령|조례,조례,1.0,0.667
P03897,위임,위임,위임,해당없음,조례,조례,1.0,0.667
P03914,위임,위임,위임,조례,대통령령|조례,조례,1.0,0.667
P03920,위임,위임,위임,대통령령|조례,해당없음,조례,1.0,0.333
P03926,위임,위임,위임,대통령령,대통령령,대통령령,1.0,1.0
P03961,위임,위임,위임,대통령령,대통령령,대통령령,1.0,1.0
P03977,위임,위임,위임,대통령령,대통령령,대통령령,1.0,1.0
P04011,위임,위임,위임,조례,조례,조례,1.0,1.0
P04016,위임,위임,위임,대통령령,대통령령,대통령령,1.0,1.0
P04026,위임,위임,위임,대통령령,대통령령,대통령령,1.0,1.0
P04030,위임,위임,위임,조례,조례,조례,1.0,1.0
P04045,위임,위임,위임,조례,조례,조례,1.0,1.0
P04072,위임,위임,위임,대통령령,대통령령,대통령령,1.0,1.0
P04073,위임,위임,위임,대통령령,대통령령,대통령령,1.0,1.0
P04078,위임,위임,위임,대통령령,대통령령,대통령령,1.0,1.0
P04079,위임,위임,위임,대통령령,대통령령,대통령령,1.0,1.0
P04094,위임,위임,위임,대통령령,대통령령,대통령령,1.0,1.0
P04106,위임,위임,위임,대통령령,대통령령,대통령령,1.0,1.0
P04109,위임,위임,위임,대통령령|조례,대통령령|부령,해당없음,1.0,0.333
P04113,위임,위임,위임,대통령령,대통령령,대통령령,1.0,1.0
P04158,위임,위임,위임,교육규칙,해당없음,교육규칙,1.0,0.667
P04159,위임,위임,위임,교육규칙,미특정,교육규칙,1.0,0.667
P04169,위임,위임,위임,교육규칙,교육규칙,교육규칙,1.0,1.0
P04179,위임,위임,위임,대통령령,대통령령,대통령령,1.0,1.0
P04186,위임,위임,위임,조례,조례,조례,1.0,1.0
P04213,위임,위임,위임,대통령령,대통령령,대통령령,1.0,1.0
P04233,위임,위임,위임,조례,대통령령,대통령령|조례,1.0,0.333
P04244,위임,위임,위임,대통령령,대통령령,대통령령,1.0,1.0
P04247,위임,위임,위임,대통령령,대통령령,대통령령,1.0,1.0
P04262,위임,위임,위임,대통령령,대통령령,대통령령,1.0,1.0
P04277,위임,위임,위임,대통령령|조례,미특정,대통령령|조례|미특정,1.0,0.333
P04279,위임,위임,위임,대통령령,대통령령,대통령령,1.0,1.0
P04281,위임,위임,위임,대통령령,대통령령,대통령령,1.0,1.0
P04286,위임,위임,위임,대통령령,대통령령,대통령령,1.0,1.0
P04290,위임,위임,위임,대통령령,대통령령,대통령령,1.0,1.0
P04293,위임,위임,위임,조례,조례,조례,1.0,1.0
P04305,위임,위임,위임,조례,조례,조례,1.0,1.0
P04336,위임,위임,위임,대통령령,대통령령,대통령령,1.0,1.0
P04344,위임,위임,위임,대통령령|조례,조례,대통령령|조례,1.0,0.667
P04371,인용,인용,인용,조례,조례,조례,1.0,1.0
P04385,위임,위임,위임,조례,조례,조례,1.0,1.0
P04391,위임,위임,위임,조례,조례,조례,1.0,1.0
P04422,위임,위임,위임,대통령령|조례,대통령령|조례,대통령령|조례,1.0,1.0
P04429,위임,위임,위임,대통령령|조례,대통령령|조례,대통령령|조례,1.0,1.0
P04440,위임,위임,위임,대통령령|조례,대통령령|조례,조례,1.0,0.667
P04460,위임,위임,위임,조례,조례,조례,1.0,1.0
P04462,위임,위임,위임,조례,조례,조례,1.0,1.0
P04473,위임,위임,위임,조례,조례,조례,1.0,1.0
P04497,위임,위임,위임,부령,부령,해당없음,1.0,0.667
P04503,위임,위임,위임,조례,조례,조례,1.0,1.0
P04509,위임,위임,위임,조례,조례,조례,1.0,1.0
P04510,위임,위임,위임,미특정,미특정,대통령령|조례,1.0,0.667
P04552,위임,위임,위임,대통령령|조례,대통령령|조례,대통령령|조례,1.0,1.0
P04616,위임,위임,위임,교육규칙,해당없음,교육규칙,1.0,0.667
P04617,위임,위임,위임,교육규칙,조례,해당없음,1.0,0.333
P04620,위임,위임,위임,해당없음,교육규칙,조례,1.0,0.333
P04628,위임,위임,위임,교육규칙,해당없음,교육규칙,1.0,0.667
P04634,위임,위임,위임,조례,조례,조례,1.0,1.0
P04646,위임,판단불가,위임,부령,해당없음,해당없음,0.667,0.667
P04649,위임,위임,위임,조례,대통령령|조례,조례,1.0,0.667
P04653,위임,위임,위임,해당없음,조례,대통령령|조례,1.0,0.333
P04676,위임,위임,위임,조례|교육규칙,교육규칙,해당없음,1.0,0.333
P04677,위임,위임,위임,해당없음,조례|교육규칙,해당없음,1.0,0.667
P04692,위임,위임,위임,대통령령|조례,해당없음,해당없음,1.0,0.667
P04694,위임,위임,위임,해당없음,대통령령|조례,조례,1.0,0.333
P04723,위임,위임,위임,미특정,대통령령|조례,대통령령|조례,1.0,0.667
P04729,위임,위임,위임,조례,조례,조례,1.0,1.0
P04732,위임,위임,위임,대통령령|조례,조례,조례,1.0,0.667
P04777,위임,위임,위임,미특정,교육규칙,해당없음,1.0,0.333
P04786,위임,위임,위임,미특정,교육규칙,교육규칙,1.0,0.667
P04813,위임,위임,위임,해당없음,해당없음,해당없음,1.0,1.0
P04817,위임,위임,위임,해당없음,대통령령|조례,해당없음,1.0,0.667
P04830,위임,위임,위임,교육규칙,대통령령|조례,대통령령|조례,1.0,0.667
P04837,위임,위임,위임,미특정,교육규칙,교육규칙,1.0,0.667
P04845,위임,위임,위임,대통령령|조례,대통령령|조례,대통령령|조례,1.0,1.0
P04856,위임,위임,위임,해당없음,해당없음,부령,1.0,0.667
P04874,위임,위임,위임,해당없음,대통령령|조례,미특정,1.0,0.333
P04879,위임,인용,위임,부령,해당없음,부령,0.667,0.667
P04898,위임,위임,위임,부령,해당없음,미특정,1.0,0.333
P04925,위임,위임,위임,미특정,교육규칙,해당없음,1.0,0.333
P04932,위임,위임,위임,교육규칙,교육규칙,해당없음,1.0,0.667
P04951,위임,위임,위임,대통령령|조례,대통령령|조례|교육규칙,대통령령|조례,1.0,0.667
P05001,위임,위임,위임,해당없음,교육규칙,교육규칙,1.0,0.667
P05017,위임,위임,위임,대통령령|조례,대통령령|조례|해당없음,대통령령|조례,1.0,0.667
P05030,인용,인용,위임,해당없음,해당없음,해당없음,0.667,1.0
P05049,위임,위임,위임,대통령령,대통령령,대통령령,1.0,1.0
P05059,위임,위임,위임,대통령령,대통령령,대통령령,1.0,1.0
P05102,위임,위임,위임,부령,부령,미특정,1.0,0.667
P05104,판단불가,위임,위임,해당없음,미특정,부령,0.667,0.333
P05109,위임,위임,위임,미특정,부령,부령,1.0,0.667
P05159,위임,위임,위임,조례,조례,조례,1.0,1.0
P05175,위임,위임,위임,조례,조례,조례,1.0,1.0
P05176,위임,위임,위임,조례,조례,조례,1.0,1.0
P05178,위임,위임,위임,조례,조례,조례,1.0,1.0
P05207,위임,위임,위임,조례,조례,조례,1.0,1.0
P05215,위임,위임,판단불가,조례,조례,조례,0.667,1.0
P05225,위임,위임,위임,조례,조례,조례,1.0,1.0
P05229,위임,위임,위임,조례,조례,조례,1.0,1.0
P05251,위임,위임,위임,조례,조례,조례,1.0,1.0
P05265,위임,위임,위임,조례,조례,조례,1.0,1.0
P05271,위임,위임,위임,조례,조례,조례,1.0,1.0
P05287,위임,위임,위임,조례,조례,조례,1.0,1.0
P05292,위임,위임,위임,조례,조례,조례,1.0,1.0
P05325,위임,위임,위임,조례,조례,조례,1.0,1.0
P05334,위임,위임,위임,조례,조례,조례,1.0,1.0
P05347,위임,위임,위임,조례,조례,조례,1.0,1.0
P05354,위임,위임,위임,조례,조례,조례,1.0,1.0
P05361,위임,위임,위임,조례,조례,조례,1.0,1.0
P05362,위임,위임,위임,조례,조례,조례,1.0,1.0
P05409,위임,위임,위임,조례,조례,조례,1.0,1.0
P05413,위임,위임,위임,조례,조례,조례,1.0,1.0
P05415,위임,위임,위임,조례,조례,조례,1.0,1.0
P05417,위임,위임,위임,조례,조례,조례,1.0,1.0
P05427,위임,위임,위임,조례,조례,조례,1.0,1.0
P05442,위임,위임,위임,조례,조례,조례,1.0,1.0
P05448,위임,위임,위임,조례,조례,조례,1.0,1.0
P05468,위임,위임,위임,조례,조례,조례,1.0,1.0
P05471,위임,위임,위임,조례,조례,조례,1.0,1.0
P05483,위임,위임,위임,조례,조례,조례,1.0,1.0
P05491,위임,위임,위임,조례,조례,조례,1.0,1.0
P05503,위임,위임,위임,조례,조례,조례,1.0,1.0
P05532,위임,위임,위임,조례,조례,조례,1.0,1.0
P05556,위임,위임,인용,조례,조례,조례,0.667,1.0
P05566,위임,위임,위임,조례,조례,조례,1.0,1.0
P05579,위임,위임,위임,조례,조례,조례,1.0,1.0
P05607,위임,위임,위임,조례,조례,조례,1.0,1.0
P05628,위임,위임,위임,조례,조례,조례,1.0,1.0
P05631,위임,위임,위임,조례,조례,조례,1.0,1.0
P05640,위임,위임,위임,조례,조례,조례,1.0,1.0
P05648,위임,위임,위임,조례,조례,조례,1.0,1.0
P05651,위임,위임,위임,조례,조례,조례,1.0,1.0
P05666,위임,위임,위임,미특정,대통령령|조례,대통령령|부령,1.0,0.333
P05719,위임,위임,위임,조례,조례,조례,1.0,1.0
P05737,위임,위임,위임,조례,조례,조례,1.0,1.0
P05748,위임,위임,위임,조례,조례,조례,1.0,1.0
P05751,위임,위임,위임,조례,조례,조례,1.0,1.0
P05784,위임,위임,위임,조례,조례,조례,1.0,1.0
P05790,위임,위임,위임,조례,조례,조례,1.0,1.0
P05814,위임,위임,위임,조례,조례,조례,1.0,1.0
P05869,위임,위임,위임,조례,조례,조례,1.0,1.0
P05872,위임,위임,위임,조례,조례,조례,1.0,1.0
P05907,위임,위임,위임,조례,조례,조례,1.0,1.0
P05932,위임,위임,위임,조례,조례,조례,1.0,1.0
P05959,위임,위임,위임,조례,조례,조례,1.0,1.0
P05978,위임,위임,위임,조례,조례,조례,1.0,1.0
P05985,위임,위임,위임,조례,조례,조례,1.0,1.0
P05999,위임,위임,위임,조례,조례,조례,1.0,1.0
P06002,위임,위임,위임,조례,조례,조례,1.0,1.0
P06004,위임,위임,위임,조례,조례,조례,1.0,1.0
P06023,위임,위임,위임,조례,조례,조례,1.0,1.0
P06072,위임,위임,위임,조례,조례,조례,1.0,1.0
P06076,위임,위임,위임,조례,조례,조례,1.0,1.0
P06090,위임,위임,위임,조례,조례,조례,1.0,1.0
P06117,위임,위임,위임,조례,조례,조례,1.0,1.0
P06238,위임,위임,위임,대통령령,대통령령,대통령령,1.0,1.0
P06265,위임,위임,위임,조례,조례,조례,1.0,1.0
P06297,인용,위임,인용,해당없음,부령,부령,0.667,0.667
P06315,위임,위임,위임,조례,조례,조례,1.0,1.0
P06334,위임,위임,위임,조례,대통령령|조례,조례,1.0,0.667
P06340,위임,위임,위임,조례,조례,조례,1.0,1.0
P06341,위임,위임,위임,조례,대통령령|조례,조례,1.0,0.667
P06349,위임,위임,위임,대통령령,대통령령,대통령령,1.0,1.0
P06353,위임,위임,위임,대통령령,대통령령,대통령령,1.0,1.0
P06366,위임,위임,위임,조례,조례,조례,1.0,1.0
P06416,위임,위임,위임,조례,조례,조례,1.0,1.0
P06417,위임,위임,위임,조례,조례,조례,1.0,1.0
P06438,위임,위임,위임,조례,조례,조례,1.0,1.0
P06473,위임,위임,위임,조례,조례,조례,1.0,1.0
P06475,위임,위임,위임,조례,조례,조례,1.0,1.0
P06478,위임,위임,위임,조례,조례,조례,1.0,1.0
P06502,위임,위임,위임,조례,조례,조례,1.0,1.0
P06533,위임,위임,위임,조례,조례,조례,1.0,1.0
P06547,위임,위임,위임,조례,조례,조례,1.0,1.0
P06549,위임,위임,위임,조례,조례,조례,1.0,1.0
P06577,위임,위임,위임,조례,조례,조례,1.0,1.0
P06578,위임,위임,위임,조례,조례,조례,1.0,1.0
P06583,위임,위임,위임,조례,조례,조례,1.0,1.0
P06585,위임,위임,위임,조례,조례,조례,1.0,1.0
P06601,위임,위임,위임,조례,조례,조례,1.0,1.0
P06615,위임,위임,위임,조례,조례,조례,1.0,1.0
P06617,위임,위임,위임,조례,조례,조례,1.0,1.0
P06630,위임,위임,위임,조례,조례,조례,1.0,1.0
P06631,위임,위임,위임,조례,조례,조례,1.0,1.0
P06637,위임,위임,위임,조례,조례,조례,1.0,1.0
P06639,위임,위임,위임,대통령령,대통령령,대통령령,1.0,1.0
P06656,위임,위임,위임,부령,부령,미특정,1.0,0.667
P06665,위임,위임,위임,조례,조례,조례,1.0,1.0
P06668,위임,위임,위임,조례,조례,조례,1.0,1.0
P06675,위임,위임,위임,대통령령,대통령령,대통령령,1.0,1.0
P06711,위임,위임,위임,미특정,부령,대통령령|조례|미특정,1.0,0.333
P06712,위임,위임,위임,대통령령,대통령령,대통령령,1.0,1.0
P06748,위임,위임,위임,교육규칙,해당없음,교육규칙,1.0,0.667
P06768,위임,위임,위임,조례,조례,조례,1.0,1.0
P06796,위임,위임,위임,대통령령,대통령령,대통령령,1.0,1.0
P06828,위임,위임,위임,조례,조례,조례,1.0,1.0
P06871,위임,위임,위임,대통령령,대통령령,대통령령,1.0,1.0
P06887,위임,위임,위임,미특정,대통령령|조례,대통령령|부령,1.0,0.333
P06895,위임,위임,위임,대통령령|조례,대통령령|조례,대통령령|조례,1.0,1.0
P06898,위임,위임,위임,대통령령,대통령령,대통령령,1.0,1.0
P06918,위임,위임,위임,조례,조례,조례,1.0,1.0
P06920,인용,위임,위임,조례,조례,조례,0.667,1.0
P06928,위임,위임,위임,조례,조례,조례,1.0,1.0
P06948,위임,위임,위임,조례,조례,대통령령|조례,1.0,0.667
P06972,위임,위임,위임,조례,조례,대통령령|조례,1.0,0.667
P06980,위임,위임,위임,조례,조례,조례,1.0,1.0
P07036,위임,위임,위임,대통령령,대통령령,대통령령,1.0,1.0
P07061,위임,위임,위임,대통령령,대통령령,대통령령,1.0,1.0
P07065,위임,위임,위임,대통령령,대통령령,대통령령,1.0,1.0
P07075,위임,위임,위임,대통령령,대통령령,대통령령,1.0,1.0
P07095,위임,위임,위임,대통령령,대통령령,대통령령,1.0,1.0
P07120,위임,위임,위임,조례,조례,조례,1.0,1.0
P07157,위임,위임,위임,대통령령,대통령령,대통령령,1.0,1.0
P07167,위임,위임,위임,대통령령,대통령령,대통령령,1.0,1.0
P07180,위임,위임,위임,조례,조례,대통령령|조례,1.0,0.667
P07187,위임,위임,위임,부령,부령,대통령령|조례,1.0,0.667
P07201,위임,위임,위임,조례,조례,조례,1.0,1.0
P07211,위임,위임,위임,조례,조례,조례,1.0,1.0
P07215,판단불가,위임,위임,해당없음,조례,조례,0.667,0.667
P07217,위임,위임,위임,조례,조례,조례,1.0,1.0
P07254,위임,위임,위임,대통령령,대통령령,대통령령|조례,1.0,0.667
P07266,위임,위임,위임,대통령령,대통령령,대통령령,1.0,1.0
P07292,위임,위임,위임,조례,조례,조례,1.0,1.0
P07294,위임,위임,위임,조례,조례,조례,1.0,1.0
P07295,위임,위임,위임,조례,조례,조례,1.0,1.0
P07297,위임,위임,위임,조례,조례,조례,1.0,1.0
P07303,위임,위임,위임,조례,조례,조례,1.0,1.0
P07318,위임,위임,위임,조례,조례,조례,1.0,1.0
P07323,위임,위임,위임,조례,조례,조례,1.0,1.0
P07328,위임,위임,위임,조례,대통령령|조례,조례,1.0,0.667
P07331,위임,위임,위임,해당없음,조례,조례,1.0,0.667
P07335,위임,위임,위임,조례,조례,조례,1.0,1.0
P07362,위임,위임,위임,조례,조례,조례,1.0,1.0
P07363,위임,위임,위임,조례,대통령령|조례,조례,1.0,0.667
P07369,위임,위임,인용,해당없음,부령,해당없음,0.667,0.667
P07399,위임,위임,위임,교육규칙,교육규칙,교육규칙,1.0,1.0
P07404,위임,위임,위임,교육규칙,교육규칙,조례,1.0,0.667
P07411,위임,위임,위임,해당없음,대통령령|조례,해당없음,1.0,0.667
P07425,위임,위임,위임,대통령령,대통령령,대통령령,1.0,1.0
P07434,위임,위임,위임,대통령령,대통령령,대통령령,1.0,1.0
P07452,위임,위임,위임,대통령령|조례,대통령령|조례,대통령령|조례,1.0,1.0
P07457,위임,위임,위임,대통령령,대통령령,대통령령,1.0,1.0
P07478,위임,위임,위임,대통령령,대통령령,대통령령,1.0,1.0
P07496,위임,위임,위임,대통령령,대통령령,대통령령,1.0,1.0
P07546,위임,위임,위임,해당없음,부령,대통령령|조례,1.0,0.333
